scenario_id,graph_id,split,status,reason,node_ids,graph_cost,lower_bound,relative_gap,optimal,elapsed_s,solver_status,solver_message,missing_required_mask
g01_reference_000,g01,reference,feasible,checked_route_witness,"['g01_t04_000', 'g01_t00_023', 'g01_t05_052', 'g01_t02_057', 'g01_t07_025', 'g01_t06_025', 'g01_t08_027', 'g01_t01_049']",93.62510384283634,83.39974758290701,0.10921596708819185,False,15.00666178999927,1,Time limit reached. (HiGHS Status 13: Time limit reached),0
g01_nominal_000,g01,nominal,feasible,checked_route_witness,"['g01_t04_000', 'g01_t00_023', 'g01_t05_052', 'g01_t02_057', 'g01_t07_025', 'g01_t06_025', 'g01_t08_027', 'g01_t01_049']",93.62510384283634,83.4911241992728,0.10823998294916025,False,15.012846865000029,1,Time limit reached. (HiGHS Status 13: Time limit reached),0
g01_nominal_001,g01,nominal,feasible,checked_route_witness,"['g01_t04_000', 'g01_t00_023', 'g01_t05_052', 'g01_t02_057', 'g01_t07_025', 'g01_t06_025', 'g01_t08_027', 'g01_t01_049']",93.62510384283634,83.4911241992728,0.10823998294916025,False,15.011952086999372,1,Time limit reached. (HiGHS Status 13: Time limit reached),0
g01_nominal_002,g01,nominal,feasible,checked_route_witness,"['g01_t04_000', 'g01_t00_023', 'g01_t05_052', 'g01_t02_057', 'g01_t07_025', 'g01_t06_025', 'g01_t08_027', 'g01_t01_049']",93.62510384283634,83.4911241992728,0.10823998294916025,False,15.018272160999913,1,Time limit reached. (HiGHS Status 13: Time limit reached),0
g01_nominal_003,g01,nominal,feasible,checked_route_witness,"['g01_t04_000', 'g01_t00_023', 'g01_t05_052', 'g01_t02_057', 'g01_t07_025', 'g01_t06_025', 'g01_t08_027', 'g01_t01_049']",93.62510384283634,83.4911241992728,0.10823998294916025,False,15.011614373001066,1,Time limit reached. (HiGHS Status 13: Time limit reached),0
g01_nominal_004,g01,nominal,feasible,checked_route_witness,"['g01_t04_000', 'g01_t03_026', 'g01_t08_027', 'g01_t06_025', 'g01_t13_000', 'g01_t07_025', 'g01_t02_045', 'g01_t00_054', 'g01_t05_005', 'g01_t01_049']",101.97894098264173,85.26821951722307,0.16386443420963806,False,15.007066053000017,1,Time limit reached. (HiGHS Status 13: Time limit reached),0
g01_nominal_005,g01,nominal,feasible,checked_route_witness,"['g01_t04_000', 'g01_t00_023', 'g01_t05_052', 'g01_t02_057', 'g01_t07_025', 'g01_t06_025', 'g01_t08_027', 'g01_t01_049']",93.62510384283634,85.8991769016767,0.08251982239858162,False,15.006961332999708,1,Time limit reached. (HiGHS Status 13: Time limit reached),0
g01_nominal_006,g01,nominal,feasible,checked_route_witness,"['g01_t04_000', 'g01_t00_023', 'g01_t05_052', 'g01_t02_045', 'g01_t07_025', 'g01_t06_025', 'g01_t08_027', 'g01_t01_049']",93.2812732867699,85.14542048147668,0.0872185007625441,False,15.01217989700126,1,Time limit reached. (HiGHS Status 13: Time limit reached),0
g01_nominal_007,g01,nominal,feasible,checked_route_witness,"['g01_t04_000', 'g01_t00_023', 'g01_t05_052', 'g01_t02_045', 'g01_t07_025', 'g01_t06_025', 'g01_t08_027', 'g01_t01_049']",93.2812732867699,87.4735978362934,0.06225982178247374,False,15.007505466999646,1,Time limit reached. (HiGHS Status 13: Time limit reached),0
g01_nominal_008,g01,nominal,feasible,checked_route_witness,"['g01_t04_000', 'g01_t00_023', 'g01_t05_052', 'g01_t02_045', 'g01_t07_025', 'g01_t06_025', 'g01_t08_027', 'g01_t01_049']",93.2812732867699,87.28630246826974,0.06426767782284958,False,15.007699756000875,1,Time limit reached. (HiGHS Status 13: Time limit reached),0
g01_nominal_009,g01,nominal,feasible,checked_route_witness,"['g01_t04_047', 'g01_t03_026', 'g01_t08_027', 'g01_t06_025', 'g01_t07_025', 'g01_t02_045', 'g01_t00_054', 'g01_t05_005', 'g01_t01_049']",94.9451699789383,80.15794285644455,0.15574491178196848,False,15.003301475000626,1,Time limit reached. (HiGHS Status 13: Time limit reached),0
g01_shifted_000,g01,shifted,feasible,checked_route_witness,"['g01_t04_000', 'g01_t00_023', 'g01_t05_052', 'g01_t02_045', 'g01_t07_025', 'g01_t06_000', 'g01_t08_027', 'g01_t01_049']",94.46699172130394,88.58126810064569,0.06230455224002765,False,15.011976401001448,1,Time limit reached. (HiGHS Status 13: Time limit reached),0
g01_shifted_001,g01,shifted,feasible,checked_route_witness,"['g01_t04_000', 'g01_t00_023', 'g01_t05_052', 'g01_t02_057', 'g01_t07_025', 'g01_t06_025', 'g01_t08_027', 'g01_t01_049']",93.62510384283634,93.62510384283614,0.0,True,5.021996133998982,0,Optimization terminated successfully. (HiGHS Status 7: Optimal),0
g01_shifted_002,g01,shifted,feasible,checked_route_witness,"['g01_t04_000', 'g01_t03_060', 'g01_t08_027', 'g01_t06_025', 'g01_t07_025', 'g01_t02_045', 'g01_t00_054', 'g01_t05_005', 'g01_t01_049']",99.48484442196765,87.72357237704789,0.11822174637006969,False,15.006360528999721,1,Time limit reached. (HiGHS Status 13: Time limit reached),0
g01_shifted_003,g01,shifted,feasible,checked_route_witness,"['g01_t04_047', 'g01_t03_026', 'g01_t08_027', 'g01_t06_025', 'g01_t07_025', 'g01_t02_045', 'g01_t00_054', 'g01_t05_005', 'g01_t01_049']",94.9451699789383,94.94516997893827,0.0,True,5.337165770999491,0,Optimization terminated successfully. (HiGHS Status 7: Optimal),0
g01_shifted_004,g01,shifted,feasible,checked_route_witness,"['g01_t04_000', 'g01_t00_023', 'g01_t05_052', 'g01_t02_045', 'g01_t01_049', 'g01_t06_025', 'g01_t08_013', 'g01_t07_056']",101.35255651270654,101.35255651270639,0.0,True,4.318634325998573,0,Optimization terminated successfully. (HiGHS Status 7: Optimal),0
g01_shifted_005,g01,shifted,feasible,checked_route_witness,"['g01_t04_000', 'g01_t00_023', 'g01_t05_052', 'g01_t02_045', 'g01_t01_049', 'g01_t08_027', 'g01_t06_025', 'g01_t10_000']",98.52453627318425,98.52453627318425,0.0,True,4.469594073998451,0,Optimization terminated successfully. (HiGHS Status 7: Optimal),0
g01_shifted_006,g01,shifted,feasible,checked_route_witness,"['g01_t04_000', 'g01_t00_023', 'g01_t05_052', 'g01_t02_045', 'g01_t07_025', 'g01_t06_000', 'g01_t08_027', 'g01_t01_049']",94.46699172130394,86.86537107542361,0.08046853728873407,False,15.006737941999745,1,Time limit reached. (HiGHS Status 13: Time limit reached),0
g01_shifted_007,g01,shifted,feasible,checked_route_witness,"['g01_t04_047', 'g01_t03_026', 'g01_t08_027', 'g01_t06_025', 'g01_t10_000', 'g01_t00_023', 'g01_t05_052', 'g01_t02_045', 'g01_t01_049']",99.99302837117925,99.9930283711793,0.0,True,4.096418744999028,0,Optimization terminated successfully. (HiGHS Status 7: Optimal),0
g01_shifted_008,g01,shifted,feasible,checked_route_witness,"['g01_t04_047', 'g01_t03_026', 'g01_t08_027', 'g01_t06_025', 'g01_t07_025', 'g01_t00_023', 'g01_t05_052', 'g01_t02_045', 'g01_t01_049']",95.2870844011687,95.28708440116868,0.0,True,5.385739156999989,0,Optimization terminated successfully. (HiGHS Status 7: Optimal),0
g01_shifted_009,g01,shifted,feasible,checked_route_witness,"['g01_t04_000', 'g01_t00_023', 'g01_t05_052', 'g01_t02_045', 'g01_t07_025', 'g01_t06_025', 'g01_t08_027', 'g01_t01_049']",93.2812732867699,93.2812732867699,0.0,True,5.015610365999237,0,Optimization terminated successfully. (HiGHS Status 7: Optimal),0
g02_reference_000,g02,reference,feasible,checked_route_witness,"['g02_t03_038', 'g02_t04_000', 'g02_t05_034', 'g02_t00_056', 'g02_t07_018', 'g02_t06_024', 'g02_t08_058', 'g02_t09_000', 'g02_t14_000', 'g02_t01_000']",111.17208174842968,84.46957515411165,0.240190758096469,False,15.001774882999598,1,Time limit reached. (HiGHS Status 13: Time limit reached),0
g02_nominal_000,g02,nominal,feasible,checked_route_witness,"['g02_t07_018', 'g02_t06_024', 'g02_t08_058', 'g02_t01_000', 'g02_t14_000', 'g02_t05_007', 'g02_t00_021', 'g02_t03_038', 'g02_t04_000']",106.623997123191,88.65990074202983,0.16848080043750235,False,15.004640885999834,1,Time limit reached. (HiGHS Status 13: Time limit reached),0
g02_nominal_001,g02,nominal,feasible,checked_route_witness,"['g02_t04_000', 'g02_t03_004', 'g02_t03_001', 'g02_t08_058', 'g02_t06_024', 'g02_t07_018', 'g02_t13_000', 'g02_t05_007', 'g02_t00_001', 'g02_t14_000', 'g02_t01_000']",107.41710754534179,85.1196385186012,0.2075783786798444,False,15.00542182800018,1,Time limit reached. (HiGHS Status 13: Time limit reached),0
g02_nominal_002,g02,nominal,feasible,checked_route_witness,"['g02_t03_038', 'g02_t04_000', 'g02_t00_021', 'g02_t05_007', 'g02_t02_059', 'g02_t07_018', 'g02_t06_024', 'g02_t08_058', 'g02_t01_026']",102.68683579201158,102.686835792012,0.0,True,13.466789747999428,0,Optimization terminated successfully. (HiGHS Status 7: Optimal),0
g02_nominal_003,g02,nominal,feasible,checked_route_witness,"['g02_t04_000', 'g02_t03_038', 'g02_t05_034', 'g02_t07_018', 'g02_t06_024', 'g02_t08_058', 'g02_t01_000', 'g02_t14_000', 'g02_t00_001']",108.73427875092145,84.43525085491736,0.22347164275275047,False,15.00544296299995,1,Time limit reached. (HiGHS Status 13: Time limit reached),0
g02_nominal_004,g02,nominal,feasible,checked_route_witness,"['g02_t04_000', 'g02_t03_004', 'g02_t03_001', 'g02_t08_058', 'g02_t06_024', 'g02_t07_018', 'g02_t00_021', 'g02_t05_007', 'g02_t14_000', 'g02_t01_000']",102.24872795080958,92.0564211994132,0.09968150172293341,False,15.007365248000497,1,Time limit reached. (HiGHS Status 13: Time limit reached),0
g02_nominal_005,g02,nominal,feasible,checked_route_witness,"['g02_t03_038', 'g02_t04_000', 'g02_t10_000', 'g02_t07_018', 'g02_t06_024', 'g02_t08_058', 'g02_t01_000', 'g02_t14_000', 'g02_t05_058', 'g02_t00_001']",101.88566488472154,88.72979279150778,0.12912387731972844,False,15.00727604399981,1,Time limit reached. (HiGHS Status 13: Time limit reached),0
g02_nominal_006,g02,nominal,feasible,checked_route_witness,"['g02_t04_035', 'g02_t03_001', 'g02_t06_001', 'g02_t08_038', 'g02_t07_018', 'g02_t00_021', 'g02_t05_058', 'g02_t14_000', 'g02_t01_000']",104.07043325883122,104.07043325883059,0.0,True,2.7650291899990407,0,Optimization terminated successfully. (HiGHS Status 7: Optimal),0
g02_nominal_007,g02,nominal,feasible,checked_route_witness,"['g02_t03_038', 'g02_t04_000', 'g02_t05_034', 'g02_t00_056', 'g02_t07_018', 'g02_t06_024', 'g02_t08_058', 'g02_t09_000', 'g02_t14_000', 'g02_t01_000']",111.17208174842968,84.46957515411165,0.240190758096469,False,15.011809363000793,1,Time limit reached. (HiGHS Status 13: Time limit reached),0
g02_nominal_008,g02,nominal,feasible,checked_route_witness,"['g02_t04_000', 'g02_t03_004', 'g02_t03_001', 'g02_t08_038', 'g02_t06_000', 'g02_t07_018', 'g02_t00_021', 'g02_t02_043', 'g02_t05_058', 'g02_t01_000']",107.43893984316259,88.81023627754054,0.17338875079013127,False,15.014389894000487,1,Time limit reached. (HiGHS Status 13: Time limit reached),0
g02_nominal_009,g02,nominal,feasible,checked_route_witness,"['g02_t03_038', 'g02_t04_000', 'g02_t05_034', 'g02_t00_056', 'g02_t07_018', 'g02_t06_024', 'g02_t08_058', 'g02_t09_000', 'g02_t14_000', 'g02_t01_000']",111.17208174842968,84.46957515411165,0.240190758096469,False,15.008019096998396,1,Time limit reached. (HiGHS Status 13: Time limit reached),0
g02_shifted_000,g02,shifted,infeasible,missing_required_visibility,[],,,,False,7.304000973817892e-06,,,262144
g02_shifted_001,g02,shifted,feasible,checked_route_witness,"['g02_t03_038', 'g02_t04_000', 'g02_t00_021', 'g02_t05_007', 'g02_t14_000', 'g02_t01_000', 'g02_t08_058', 'g02_t06_024', 'g02_t07_018']",100.6876760517526,91.00370151534771,0.09617834988490889,False,15.025681326000267,1,Time limit reached. (HiGHS Status 13: Time limit reached),0
g02_shifted_002,g02,shifted,feasible,checked_route_witness,"['g02_t04_000', 'g02_t03_004', 'g02_t05_034', 'g02_t00_056', 'g02_t07_000', 'g02_t06_024', 'g02_t08_058', 'g02_t01_000', 'g02_t14_000']",111.32551847409238,111.32551847409243,0.0,True,6.2140050689995405,0,Optimization terminated successfully. (HiGHS Status 7: Optimal),0
g02_shifted_003,g02,shifted,feasible,checked_route_witness,"['g02_t03_038', 'g02_t04_000', 'g02_t10_000', 'g02_t07_018', 'g02_t06_024', 'g02_t08_058', 'g02_t01_026', 'g02_t14_000', 'g02_t05_058', 'g02_t00_001']",108.52507793207161,108.52507793207445,0.0,True,12.190937977999056,0,Optimization terminated successfully. (HiGHS Status 7: Optimal),0
g02_shifted_004,g02,shifted,infeasible,missing_required_visibility,[],,,,False,6.121999831520952e-06,,,2048
g02_shifted_005,g02,shifted,feasible,checked_route_witness,"['g02_t03_038', 'g02_t04_000', 'g02_t10_000', 'g02_t07_018', 'g02_t06_000', 'g02_t08_038', 'g02_t06_001', 'g02_t01_026', 'g02_t14_000', 'g02_t00_001', 'g02_t05_007']",117.76578976556668,87.48399766472862,0.25713572813564306,False,15.004847787000472,1,Time limit reached. (HiGHS Status 13: Time limit reached),0
g02_shifted_006,g02,shifted,feasible,checked_route_witness,"['g02_t04_035', 'g02_t03_001', 'g02_t08_058', 'g02_t06_024', 'g02_t07_018', 'g02_t02_059', 'g02_t00_021', 'g02_t05_058', 'g02_t01_026']",106.79836946645946,106.79836946645945,0.0,True,11.44942532800087,0,Optimization terminated successfully. (HiGHS Status 7: Optimal),0
g02_shifted_007,g02,shifted,feasible,checked_route_witness,"['g02_t03_038', 'g02_t04_000', 'g02_t00_021', 'g02_t05_007', 'g02_t14_000', 'g02_t01_000', 'g02_t08_058', 'g02_t06_024', 'g02_t13_000', 'g02_t07_018']",101.42618338208277,93.595150680586,0.07720918248492557,False,15.006497984000816,1,Time limit reached. (HiGHS Status 13: Time limit reached),0
g02_shifted_008,g02,shifted,feasible,checked_route_witness,"['g02_t04_000', 'g02_t03_004', 'g02_t03_001', 'g02_t08_038', 'g02_t06_000', 'g02_t07_000', 'g02_t00_021', 'g02_t05_058', 'g02_t14_000', 'g02_t01_053']",116.38594531144895,116.38594531144892,0.0,True,0.95951331499964,0,Optimization terminated successfully. (HiGHS Status 7: Optimal),0
g02_shifted_009,g02,shifted,feasible,checked_route_witness,"['g02_t04_035', 'g02_t03_001', 'g02_t08_058', 'g02_t06_024', 'g02_t07_018', 'g02_t00_021', 'g02_t05_007', 'g02_t02_043', 'g02_t01_000']",105.70895327389415,90.56005943832041,0.14330757581453518,False,15.006096404000346,1,Time limit reached. (HiGHS Status 13: Time limit reached),0
g03_reference_000,g03,reference,feasible,checked_route_witness,"['g03_t04_030', 'g03_t03_000', 'g03_t06_000', 'g03_t10_000', 'g03_t08_025', 'g03_t01_000', 'g03_t00_000', 'g03_t05_003', 'g03_t02_000']",100.05771451531663,90.87062046037805,0.09181794826556192,False,15.008345832000487,1,Time limit reached. (HiGHS Status 13: Time limit reached),0
g03_nominal_000,g03,nominal,feasible,checked_route_witness,"['g03_t04_000', 'g03_t05_029', 'g03_t02_000', 'g03_t00_000', 'g03_t01_000', 'g03_t09_000', 'g03_t03_056', 'g03_t08_025', 'g03_t06_000', 'g03_t10_000']",99.32580307329484,99.32580307329353,0.0,True,14.704755117998502,0,Optimization terminated successfully. (HiGHS Status 7: Optimal),0
g03_nominal_001,g03,nominal,feasible,checked_route_witness,"['g03_t04_000', 'g03_t02_000', 'g03_t05_003', 'g03_t00_000', 'g03_t01_000', 'g03_t09_000', 'g03_t03_056', 'g03_t08_025', 'g03_t06_000', 'g03_t10_000']",100.20200002919059,100.20200002919059,0.0,True,13.454104660999292,0,Optimization terminated successfully. (HiGHS Status 7: Optimal),0
g03_nominal_002,g03,nominal,feasible,checked_route_witness,"['g03_t04_030', 'g03_t03_000', 'g03_t08_025', 'g03_t06_000', 'g03_t07_045', 'g03_t02_037', 'g03_t05_003', 'g03_t00_000', 'g03_t01_000']",102.97742654682368,102.97742654682372,0.0,True,5.554661574999045,0,Optimization terminated successfully. (HiGHS Status 7: Optimal),0
g03_nominal_003,g03,nominal,feasible,checked_route_witness,"['g03_t04_030', 'g03_t03_000', 'g03_t08_025', 'g03_t06_000', 'g03_t07_045', 'g03_t02_000', 'g03_t05_003', 'g03_t00_000', 'g03_t01_000']",98.83805151330724,98.83805151330724,0.0,True,8.418355014999179,0,Optimization terminated successfully. (HiGHS Status 7: Optimal),0
g03_nominal_004,g03,nominal,feasible,checked_route_witness,"['g03_t04_000', 'g03_t05_029', 'g03_t02_000', 'g03_t00_000', 'g03_t01_000', 'g03_t09_000', 'g03_t03_056', 'g03_t06_000', 'g03_t10_000', 'g03_t08_000']",105.35847378008317,95.6134080061032,0.09249437111552071,False,15.006536672000948,1,Time limit reached. (HiGHS Status 13: Time limit reached),0
g03_nominal_005,g03,nominal,feasible,checked_route_witness,"['g03_t04_030', 'g03_t03_000', 'g03_t08_025', 'g03_t06_000', 'g03_t07_045', 'g03_t02_000', 'g03_t05_003', 'g03_t00_000', 'g03_t01_000']",98.83805151330724,98.83805151331073,0.0,True,7.241586464999273,0,Optimization terminated successfully. (HiGHS Status 7: Optimal),0
g03_nominal_006,g03,nominal,feasible,checked_route_witness,"['g03_t04_000', 'g03_t05_029', 'g03_t02_000', 'g03_t00_000', 'g03_t01_000', 'g03_t08_025', 'g03_t10_000', 'g03_t06_000', 'g03_t03_000']",100.02441276605262,100.02441276605276,0.0,True,4.029069554999296,0,Optimization terminated successfully. (HiGHS Status 7: Optimal),0
g03_nominal_007,g03,nominal,feasible,checked_route_witness,"['g03_t04_030', 'g03_t03_000', 'g03_t06_000', 'g03_t10_000', 'g03_t08_025', 'g03_t01_000', 'g03_t00_000', 'g03_t05_003', 'g03_t02_000']",100.05771451531663,90.91137560937062,0.09141063185632757,False,15.006477439999799,1,Time limit reached. (HiGHS Status 13: Time limit reached),0
g03_nominal_008,g03,nominal,feasible,checked_route_witness,"['g03_t04_030', 'g03_t03_000', 'g03_t08_025', 'g03_t06_000', 'g03_t10_000', 'g03_t13_000', 'g03_t02_000', 'g03_t05_003', 'g03_t00_000', 'g03_t01_000']",99.17965582132514,99.17965582132517,0.0,True,3.5475269470007333,0,Optimization terminated successfully. (HiGHS Status 7: Optimal),0
g03_nominal_009,g03,nominal,feasible,checked_route_witness,"['g03_t04_000', 'g03_t05_029', 'g03_t02_000', 'g03_t00_000', 'g03_t01_000', 'g03_t09_000', 'g03_t03_056', 'g03_t08_025', 'g03_t06_000', 'g03_t10_000']",99.32580307329484,94.86071423027558,0.04495396669206514,False,15.005055347999587,1,Time limit reached. (HiGHS Status 13: Time limit reached),0
g03_shifted_000,g03,shifted,feasible,checked_route_witness,"['g03_t04_000', 'g03_t05_029', 'g03_t02_000', 'g03_t00_000', 'g03_t01_000', 'g03_t09_000', 'g03_t03_056', 'g03_t08_025', 'g03_t06_000', 'g03_t10_000']",99.32580307329484,99.32580307329484,0.0,True,3.409326961000261,0,Optimization terminated successfully. (HiGHS Status 7: Optimal),0
g03_shifted_001,g03,shifted,feasible,checked_route_witness,"['g03_t04_000', 'g03_t07_045', 'g03_t08_000', 'g03_t06_000', 'g03_t03_056', 'g03_t09_000', 'g03_t01_000', 'g03_t00_000', 'g03_t05_003', 'g03_t02_002']",116.09585570102603,116.09585570102598,0.0,True,2.5006963689993427,0,Optimization terminated successfully. (HiGHS Status 7: Optimal),0
g03_shifted_002,g03,shifted,feasible,checked_route_witness,"['g03_t04_030', 'g03_t03_000', 'g03_t08_025', 'g03_t06_000', 'g03_t07_045', 'g03_t02_000', 'g03_t05_003', 'g03_t00_000', 'g03_t01_031']",98.8935700625204,98.89357006252227,0.0,True,2.0400124820007477,0,Optimization terminated successfully. (HiGHS Status 7: Optimal),0
g03_shifted_003,g03,shifted,feasible,checked_route_witness,"['g03_t04_030', 'g03_t03_000', 'g03_t08_025', 'g03_t06_000', 'g03_t07_045', 'g03_t02_000', 'g03_t05_003', 'g03_t00_000', 'g03_t01_031']",98.8935700625204,98.8935700625204,0.0,True,6.20381569500023,0,Optimization terminated successfully. (HiGHS Status 7: Optimal),0
g03_shifted_004,g03,shifted,feasible,checked_route_witness,"['g03_t04_030', 'g03_t03_000', 'g03_t08_025', 'g03_t06_000', 'g03_t07_045', 'g03_t02_000', 'g03_t05_003', 'g03_t00_000', 'g03_t01_000']",98.83805151330724,98.83805151323715,0.0,True,5.360964326000612,0,Optimization terminated successfully. (HiGHS Status 7: Optimal),0
g03_shifted_005,g03,shifted,feasible,checked_route_witness,"['g03_t04_054', 'g03_t03_056', 'g03_t08_025', 'g03_t06_000', 'g03_t10_000', 'g03_t05_029', 'g03_t02_000', 'g03_t00_035', 'g03_t01_031']",114.34150167813577,114.34150167813573,0.0,True,1.0284105459995772,0,Optimization terminated successfully. (HiGHS Status 7: Optimal),0
g03_shifted_006,g03,shifted,infeasible,missing_required_visibility,[],,,,False,8.155000614351593e-06,,,536870912
g03_shifted_007,g03,shifted,infeasible,missing_required_visibility,[],,,,False,9.98900031845551e-06,,,1
g03_shifted_008,g03,shifted,feasible,checked_route_witness,"['g03_t04_030', 'g03_t03_035', 'g03_t09_000', 'g03_t01_000', 'g03_t00_035', 'g03_t05_029', 'g03_t02_000', 'g03_t06_000', 'g03_t08_025', 'g03_t10_000']",122.24805486510643,110.861035820387,0.09314683212983896,False,15.013637335001476,1,Time limit reached. (HiGHS Status 13: Time limit reached),0
g03_shifted_009,g03,shifted,feasible,checked_route_witness,"['g03_t04_000', 'g03_t05_029', 'g03_t02_000', 'g03_t00_000', 'g03_t01_000', 'g03_t09_000', 'g03_t03_056', 'g03_t10_000', 'g03_t06_014', 'g03_t08_000']",105.53939521358325,105.53939521357744,0.0,True,4.6238836080010515,0,Optimization terminated successfully. (HiGHS Status 7: Optimal),0
