scenario_id,graph_id,split,seed,independent_status,independent_reason,independent_optimal
g01_reference_000,g01,reference,20260914000000,feasible,checked_route_witness,False
g01_nominal_000,g01,nominal,20260914010000,feasible,checked_route_witness,False
g01_nominal_001,g01,nominal,20260914010001,feasible,checked_route_witness,False
g01_nominal_002,g01,nominal,20260914010002,feasible,checked_route_witness,False
g01_nominal_003,g01,nominal,20260914010003,feasible,checked_route_witness,False
g01_nominal_004,g01,nominal,20260914010004,feasible,checked_route_witness,False
g01_nominal_005,g01,nominal,20260914010005,feasible,checked_route_witness,False
g01_nominal_006,g01,nominal,20260914010006,feasible,checked_route_witness,False
g01_nominal_007,g01,nominal,20260914010007,feasible,checked_route_witness,False
g01_nominal_008,g01,nominal,20260914010008,feasible,checked_route_witness,False
g01_nominal_009,g01,nominal,20260914010009,feasible,checked_route_witness,False
g01_shifted_000,g01,shifted,20260914020000,feasible,checked_route_witness,False
g01_shifted_001,g01,shifted,20260914020001,feasible,checked_route_witness,True
g01_shifted_002,g01,shifted,20260914020002,feasible,checked_route_witness,False
g01_shifted_003,g01,shifted,20260914020003,feasible,checked_route_witness,True
g01_shifted_004,g01,shifted,20260914020004,feasible,checked_route_witness,True
g01_shifted_005,g01,shifted,20260914020005,feasible,checked_route_witness,True
g01_shifted_006,g01,shifted,20260914020006,feasible,checked_route_witness,False
g01_shifted_007,g01,shifted,20260914020007,feasible,checked_route_witness,True
g01_shifted_008,g01,shifted,20260914020008,feasible,checked_route_witness,True
g01_shifted_009,g01,shifted,20260914020009,feasible,checked_route_witness,True
g02_reference_000,g02,reference,20260914100000,feasible,checked_route_witness,False
g02_nominal_000,g02,nominal,20260914110000,feasible,checked_route_witness,False
g02_nominal_001,g02,nominal,20260914110001,feasible,checked_route_witness,False
g02_nominal_002,g02,nominal,20260914110002,feasible,checked_route_witness,True
g02_nominal_003,g02,nominal,20260914110003,feasible,checked_route_witness,False
g02_nominal_004,g02,nominal,20260914110004,feasible,checked_route_witness,False
g02_nominal_005,g02,nominal,20260914110005,feasible,checked_route_witness,False
g02_nominal_006,g02,nominal,20260914110006,feasible,checked_route_witness,True
g02_nominal_007,g02,nominal,20260914110007,feasible,checked_route_witness,False
g02_nominal_008,g02,nominal,20260914110008,feasible,checked_route_witness,False
g02_nominal_009,g02,nominal,20260914110009,feasible,checked_route_witness,False
g02_shifted_001,g02,shifted,20260914120001,feasible,checked_route_witness,False
g02_shifted_002,g02,shifted,20260914120002,feasible,checked_route_witness,True
g02_shifted_003,g02,shifted,20260914120003,feasible,checked_route_witness,True
g02_shifted_005,g02,shifted,20260914120005,feasible,checked_route_witness,False
g02_shifted_006,g02,shifted,20260914120006,feasible,checked_route_witness,True
g02_shifted_007,g02,shifted,20260914120007,feasible,checked_route_witness,False
g02_shifted_008,g02,shifted,20260914120008,feasible,checked_route_witness,True
g02_shifted_009,g02,shifted,20260914120009,feasible,checked_route_witness,False
g03_reference_000,g03,reference,20260914200000,feasible,checked_route_witness,False
g03_nominal_000,g03,nominal,20260914210000,feasible,checked_route_witness,True
g03_nominal_001,g03,nominal,20260914210001,feasible,checked_route_witness,True
g03_nominal_002,g03,nominal,20260914210002,feasible,checked_route_witness,True
g03_nominal_003,g03,nominal,20260914210003,feasible,checked_route_witness,True
g03_nominal_004,g03,nominal,20260914210004,feasible,checked_route_witness,False
g03_nominal_005,g03,nominal,20260914210005,feasible,checked_route_witness,True
g03_nominal_006,g03,nominal,20260914210006,feasible,checked_route_witness,True
g03_nominal_007,g03,nominal,20260914210007,feasible,checked_route_witness,False
g03_nominal_008,g03,nominal,20260914210008,feasible,checked_route_witness,True
g03_nominal_009,g03,nominal,20260914210009,feasible,checked_route_witness,False
g03_shifted_000,g03,shifted,20260914220000,feasible,checked_route_witness,True
g03_shifted_001,g03,shifted,20260914220001,feasible,checked_route_witness,True
g03_shifted_002,g03,shifted,20260914220002,feasible,checked_route_witness,True
g03_shifted_003,g03,shifted,20260914220003,feasible,checked_route_witness,True
g03_shifted_004,g03,shifted,20260914220004,feasible,checked_route_witness,True
g03_shifted_005,g03,shifted,20260914220005,feasible,checked_route_witness,True
g03_shifted_008,g03,shifted,20260914220008,feasible,checked_route_witness,False
g03_shifted_009,g03,shifted,20260914220009,feasible,checked_route_witness,True
