adaptive_rollout_depth,available_node_count,base_graph_cost,base_policy_time_s,base_route_node_ids,base_success,cost_exceeds_successful_base,coverage,covered_mask,covered_target_count,covered_target_mask,graph_cost,graph_id,independent_feasibility,independent_optimal,inspectable_sample_coverage,method,min_clearance,missing_required_ids,missing_required_mask,mission_duration_s,native_goal_success,online_time_s,optimality_gap_percent,peak_input,penalized_cost,policy_source,profile_id,required_coverage,required_covered_count,required_target_count,required_visibility_available,required_visibility_upper_bound,route_node_ids,safe_action_evaluations,scenario_id,scenario_seed,seed_graph_cost,seed_route_node_ids,seed_success,seed_time_s,selected_count,shield_rejections,split,success,termination_reason,total_delta_v,unsafe_selected_edges,whole_sample_coverage,lower_bound,optimal
1,24,154.39384131800824,0.0009571409991622204,g02_t04_011;g02_t03_038;g02_t05_034;g02_t07_018;g02_t08_038;g02_t11_000;g02_t08_000;g02_t08_058;g02_t01_026;g02_t14_000;g02_t00_001;g02_t05_058;g02_t02_043;g02_t02_000,False,False,0.0,0,0,0,0.0,g02,infeasible,False,0.0,one_step_adp,,mesh_00001;mesh_00007;mesh_00015;mesh_00019;mesh_00033;mesh_00052;mesh_00055;mesh_00059;mesh_00079,275750586889,0.0,False,0.008491479999065632,,0.0,1000.0,adaptive_rollout_adp,required09,0.0,0,9,False,0.8888888888888888,,2234,g02_shifted_000,20260914120000,0.0,,False,0.007523698999648332,0,1428,shifted,False,no_completion,0.0,0,0.0,,
3,24,154.39384131800824,0.0009367439997731708,g02_t04_011;g02_t03_038;g02_t05_034;g02_t07_018;g02_t08_038;g02_t11_000;g02_t08_000;g02_t08_058;g02_t01_026;g02_t14_000;g02_t00_001;g02_t05_058;g02_t02_043;g02_t02_000,False,False,0.4878048780487805,302778543627,20,302778543627,154.39384131800827,g02,infeasible,False,0.4878048780487805,incumbent,0.3430882804604374,mesh_00033,262144,1260.0,False,0.0009368840001116041,,0.05951524510118255,709.9493968735638,deterministic_base,required09,0.8888888888888888,8,9,False,0.8888888888888888,g02_t04_011;g02_t03_038;g02_t05_034;g02_t07_018;g02_t08_038;g02_t11_000;g02_t08_000;g02_t08_058;g02_t01_026;g02_t14_000;g02_t00_001;g02_t05_058;g02_t02_043;g02_t02_000,245,g02_shifted_000,20260914120000,,,False,0.0,14,153,shifted,False,no_completion,18.72392370798181,0,0.2222222222222222,,
3,24,154.39384131800824,0.0009731520003697369,g02_t04_011;g02_t03_038;g02_t05_034;g02_t07_018;g02_t08_038;g02_t11_000;g02_t08_000;g02_t08_058;g02_t01_026;g02_t14_000;g02_t00_001;g02_t05_058;g02_t02_043;g02_t02_000,False,False,0.0,0,0,0,0.0,g02,infeasible,False,0.0,adaptive_rollout_adp,,mesh_00001;mesh_00007;mesh_00015;mesh_00019;mesh_00033;mesh_00052;mesh_00055;mesh_00059;mesh_00079,275750586889,0.0,False,0.3728984209992632,,0.0,1000.0,adaptive_rollout_adp,required09,0.0,0,9,False,0.8888888888888888,,111603,g02_shifted_000,20260914120000,,,False,0.0,0,74166,shifted,False,no_completion,0.0,0,0.0,,
,24,,,,,,,0,,,0.0,g02,infeasible,False,,independent_milp,,,275750586889,,,7.304000973817892e-06,,0.0,,,,,0,,,,,,g02_shifted_000,,,,,,0,,shifted,False,missing_required_visibility,0.0,,,,False
3,26,155.831112495117,0.0010394469991297228,g02_t04_011;g02_t03_038;g02_t05_034;g02_t00_056;g02_t07_018;g02_t06_024;g02_t01_000;g02_t14_000;g02_t02_043;g02_t00_001;g02_t05_007;g02_t05_058;g02_t02_000;g02_t09_000,False,False,0.6097560975609756,446664373803,25,446664373803,155.83111249511705,g02,infeasible,False,0.6097560975609756,incumbent,2.7969105226895907,mesh_00019,2048,1260.0,False,0.001039687998854788,,0.05300113040024158,711.3866680506726,deterministic_base,required09,0.8888888888888888,8,9,False,0.8888888888888888,g02_t04_011;g02_t03_038;g02_t05_034;g02_t00_056;g02_t07_018;g02_t06_024;g02_t01_000;g02_t14_000;g02_t02_043;g02_t00_001;g02_t05_007;g02_t05_058;g02_t02_000;g02_t09_000,273,g02_shifted_004,20260914120004,,,False,0.0,14,173,shifted,False,no_completion,18.898791535310952,0,0.2777777777777778,,
3,26,155.831112495117,0.0010015449988713954,g02_t04_011;g02_t03_038;g02_t05_034;g02_t00_056;g02_t07_018;g02_t06_024;g02_t01_000;g02_t14_000;g02_t02_043;g02_t00_001;g02_t05_007;g02_t05_058;g02_t02_000;g02_t09_000,False,False,0.0,0,0,0,0.0,g02,infeasible,False,0.0,adaptive_rollout_adp,,mesh_00001;mesh_00007;mesh_00015;mesh_00019;mesh_00033;mesh_00052;mesh_00055;mesh_00059;mesh_00079,275750586889,0.0,False,0.45760140899983526,,0.0,1000.0,adaptive_rollout_adp,required09,0.0,0,9,False,0.8888888888888888,,135351,g02_shifted_004,20260914120004,,,False,0.0,0,91083,shifted,False,no_completion,0.0,0,0.0,,
1,26,155.831112495117,0.0010635830003593583,g02_t04_011;g02_t03_038;g02_t05_034;g02_t00_056;g02_t07_018;g02_t06_024;g02_t01_000;g02_t14_000;g02_t02_043;g02_t00_001;g02_t05_007;g02_t05_058;g02_t02_000;g02_t09_000,False,False,0.0,0,0,0,0.0,g02,infeasible,False,0.0,one_step_adp,,mesh_00001;mesh_00007;mesh_00015;mesh_00019;mesh_00033;mesh_00052;mesh_00055;mesh_00059;mesh_00079,275750586889,0.0,False,0.010231123000266962,,0.0,1000.0,adaptive_rollout_adp,required09,0.0,0,9,False,0.8888888888888888,,2650,g02_shifted_004,20260914120004,0.0,,False,0.009157120000963914,0,1722,shifted,False,no_completion,0.0,0,0.0,,
,26,,,,,,,0,,,0.0,g02,infeasible,False,,independent_milp,,,275750586889,,,6.121999831520952e-06,,0.0,,,,,0,,,,,,g02_shifted_004,,,,,,0,,shifted,False,missing_required_visibility,0.0,,,,False
3,23,171.54756165930715,0.0009545470002194634,g03_t04_000;g03_t05_029;g03_t00_000;g03_t01_000;g03_t06_000;g03_t08_025;g03_t10_000;g03_t03_056;g03_t03_000;g03_t09_000;g03_t01_031;g03_t01_046;g03_t14_000;g03_t05_003,False,False,0.5365853658536585,428943474185,22,428943474185,171.54756165930718,g03,infeasible,False,0.5365853658536586,incumbent,0.8008369888534996,mesh_00059,536870912,1260.0,False,0.0009547080007905606,,0.05682739971774946,727.1031172148628,deterministic_base,required09,0.8888888888888888,8,9,False,0.8888888888888888,g03_t04_000;g03_t05_029;g03_t00_000;g03_t01_000;g03_t06_000;g03_t08_025;g03_t10_000;g03_t03_056;g03_t03_000;g03_t09_000;g03_t01_031;g03_t01_046;g03_t14_000;g03_t05_003,231,g03_shifted_006,20260914220006,,,False,0.0,14,138,shifted,False,no_completion,20.814682557232572,0,0.24444444444444444,,
1,23,171.54756165930715,0.0010471709992998512,g03_t04_000;g03_t05_029;g03_t00_000;g03_t01_000;g03_t06_000;g03_t08_025;g03_t10_000;g03_t03_056;g03_t03_000;g03_t09_000;g03_t01_031;g03_t01_046;g03_t14_000;g03_t05_003,False,False,0.0,0,0,0,0.0,g03,infeasible,False,0.0,one_step_adp,,mesh_00001;mesh_00007;mesh_00015;mesh_00019;mesh_00033;mesh_00052;mesh_00055;mesh_00059;mesh_00079,275750586889,0.0,False,0.00699799199901463,,0.0,1000.0,adaptive_rollout_adp,required09,0.0,0,9,False,0.8888888888888888,,1641,g03_shifted_006,20260914220006,0.0,,False,0.005939038999713375,0,981,shifted,False,no_completion,0.0,0,0.0,,
3,23,171.54756165930715,0.0009449480003240751,g03_t04_000;g03_t05_029;g03_t00_000;g03_t01_000;g03_t06_000;g03_t08_025;g03_t10_000;g03_t03_056;g03_t03_000;g03_t09_000;g03_t01_031;g03_t01_046;g03_t14_000;g03_t05_003,False,False,0.0,0,0,0,0.0,g03,infeasible,False,0.0,adaptive_rollout_adp,,mesh_00001;mesh_00007;mesh_00015;mesh_00019;mesh_00033;mesh_00052;mesh_00055;mesh_00059;mesh_00079,275750586889,0.0,False,0.3255250439997326,,0.0,1000.0,adaptive_rollout_adp,required09,0.0,0,9,False,0.8888888888888888,,90336,g03_shifted_006,20260914220006,,,False,0.0,0,55415,shifted,False,no_completion,0.0,0,0.0,,
,23,,,,,,,0,,,0.0,g03,infeasible,False,,independent_milp,,,275750586889,,,8.155000614351593e-06,,0.0,,,,,0,,,,,,g03_shifted_006,,,,,,0,,shifted,False,missing_required_visibility,0.0,,,,False
3,19,150.3811416226053,0.0008736830004636431,g03_t05_047;g03_t03_035;g03_t09_000;g03_t01_000;g03_t00_000;g03_t02_000;g03_t06_000;g03_t10_000;g03_t08_000;g03_t06_021;g03_t08_003;g03_t06_014;g03_t07_010;g03_t07_000,False,False,0.6097560975609756,283425243048,25,283425243048,150.3811416226053,g03,infeasible,False,0.6097560975609756,incumbent,0.8780425439007353,mesh_00001,1,1260.0,False,0.0008740540015423903,,0.05674419947938136,705.9366971781609,deterministic_base,required09,0.8888888888888888,8,9,False,0.8888888888888888,g03_t05_047;g03_t03_035;g03_t09_000;g03_t01_000;g03_t00_000;g03_t02_000;g03_t06_000;g03_t10_000;g03_t08_000;g03_t06_021;g03_t08_003;g03_t06_014;g03_t07_010;g03_t07_000,175,g03_shifted_007,20260914220007,,,False,0.0,14,97,shifted,False,no_completion,18.23455687718419,0,0.2777777777777778,,
3,19,150.3811416226053,0.0008363630004168954,g03_t05_047;g03_t03_035;g03_t09_000;g03_t01_000;g03_t00_000;g03_t02_000;g03_t06_000;g03_t10_000;g03_t08_000;g03_t06_021;g03_t08_003;g03_t06_014;g03_t07_010;g03_t07_000,False,False,0.0,0,0,0,0.0,g03,infeasible,False,0.0,adaptive_rollout_adp,,mesh_00001;mesh_00007;mesh_00015;mesh_00019;mesh_00033;mesh_00052;mesh_00055;mesh_00059;mesh_00079,275750586889,0.0,False,0.16657393500099715,,0.0,1000.0,adaptive_rollout_adp,required09,0.0,0,9,False,0.8888888888888888,,43663,g03_shifted_007,20260914220007,,,False,0.0,0,23924,shifted,False,no_completion,0.0,0,0.0,,
1,19,150.3811416226053,0.0007733729999017669,g03_t05_047;g03_t03_035;g03_t09_000;g03_t01_000;g03_t00_000;g03_t02_000;g03_t06_000;g03_t10_000;g03_t08_000;g03_t06_021;g03_t08_003;g03_t06_014;g03_t07_010;g03_t07_000,False,False,0.0,0,0,0,0.0,g03,infeasible,False,0.0,one_step_adp,,mesh_00001;mesh_00007;mesh_00015;mesh_00019;mesh_00033;mesh_00052;mesh_00055;mesh_00059;mesh_00079,275750586889,0.0,False,0.003818384999249247,,0.0,1000.0,adaptive_rollout_adp,required09,0.0,0,9,False,0.8888888888888888,,799,g03_shifted_007,20260914220007,0.0,,False,0.0030345730010594707,0,419,shifted,False,no_completion,0.0,0,0.0,,
,19,,,,,,,0,,,0.0,g03,infeasible,False,,independent_milp,,,275750586889,,,9.98900031845551e-06,,0.0,,,,,0,,,,,,g03_shifted_007,,,,,,0,,shifted,False,missing_required_visibility,0.0,,,,False
