time,minimum_distance,safety_margin,clearance,is_safe,in_caution_zone,nearest_primitive,filter_active,filter_reason,ax_nom,ay_nom,az_nom,ax_safe,ay_safe,az_safe
1782028154.2509506,14.888543814274026,2.0,12.888543814274026,True,False,module_2,False,,0.0,0.0,0.0,0.0,0.0,0.0
1782028154.2668586,0.0,0.0,0.0,True,False,,False,no_state_yet,0.0064,0.0032,-0.001599959030063941,0.0064,0.0032,-0.001599959030063941
1782028154.3672934,14.888525882186325,2.0,12.888525882186325,True,False,module_2,False,pass_through,0.00634877150284519,0.003174392994746633,-0.0015870709567034837,0.00634877150284519,0.003174392994746633,-0.0015870709567034837
1782028154.4510853,14.888472283672762,2.0,12.888472283672762,True,False,module_2,False,,0.0,0.0,0.0,0.0,0.0,0.0
1782028154.4671283,14.888472283672762,2.0,12.888472283672762,True,False,module_2,False,pass_through,0.006297896064031106,0.0031489768996706548,-0.001574273158055855,0.006297896064031106,0.0031489768996706548,-0.001574273158055855
1782028154.5671093,14.888383317202347,2.0,12.888383317202347,True,False,module_2,False,pass_through,0.006247371308592335,0.0031237503119639957,-0.0015615650148306521,0.006247371308592335,0.0031237503119639957,-0.0015615650148306521
1782028154.6510744,14.888259279039058,2.0,12.888259279039058,True,False,module_2,False,,0.0,0.0,0.0,0.0,0.0,0.0
1782028154.6671798,14.888259279039058,2.0,12.888259279039058,True,False,module_2,False,pass_through,0.006197194877445433,0.0030987118390549797,-0.0015489459119709277,0.006197194877445433,0.0030987118390549797,-0.0015489459119709277
1782028154.7673855,14.888100463257782,2.0,12.888100463257782,True,False,module_2,False,pass_through,0.006147364427283011,0.0030738600985340276,-0.0015364152386242672,0.006147364427283011,0.0030738600985340276,-0.0015364152386242672
1782028154.8510087,14.887907161760179,2.0,12.887907161760179,True,False,module_2,False,,0.0,0.0,0.0,0.0,0.0,0.0
1782028154.8671596,14.887907161760179,2.0,12.887907161760179,True,False,module_2,False,pass_through,0.006097877630468548,0.0030491937180798998,-0.0015239723881140636,0.006097877630468548,0.0030491937180798998,-0.0015239723881140636
1782028154.967218,14.887679664290392,2.0,12.887679664290392,True,False,module_2,False,pass_through,-0.00035126782506812195,0.006573600262193808,0.0024067450746249096,-0.00035126782506812195,0.006573600262193808,0.0024067450746249096
1782028155.051052,14.887411146914353,2.0,12.887411146914353,True,False,module_2,False,,0.0,0.0,0.0,0.0,0.0,0.0
1782028155.0672185,14.887411146914353,2.0,12.887411146914353,True,False,module_2,False,pass_through,-0.00034885184919020265,0.006520889423641448,0.002387651514890509,-0.00034885184919020265,0.006520889423641448,0.002387651514890509
1782028155.1669755,14.887094832094483,2.0,12.887094832094483,True,False,module_2,False,pass_through,-0.0003464642993807754,0.006468547350385098,0.00236869160707981,-0.0003464642993807754,0.006468547350385098,0.00236869160707981
1782028155.2510846,14.886731104493087,2.0,12.886731104493087,True,False,module_2,False,,0.0,0.0,0.0,0.0,0.0,0.0
1782028155.2671812,14.886731104493087,2.0,12.886731104493087,True,False,module_2,False,pass_through,-0.0003441048841974049,0.006416571518913115,0.0023498644344339824,-0.0003441048841974049,0.006416571518913115,0.0023498644344339824
1782028155.367235,14.886320346502178,2.0,12.886320346502178,True,False,module_2,False,pass_through,-0.0003417733148730932,0.006364959422896286,0.002331169086461016,-0.0003417733148730932,0.006364959422896286,0.002331169086461016
1782028155.450964,14.88586293825071,2.0,12.88586293825071,True,False,module_2,False,,0.0,0.0,0.0,0.0,0.0,0.0
1782028155.4670656,14.88586293825071,2.0,12.88586293825071,True,False,module_2,False,pass_through,-0.0003394693052933106,0.006313708573071073,0.0023126046588929105,-0.0003394693052933106,0.006313708573071073,0.0023126046588929105
1782028155.567134,14.88535925761198,2.0,12.88535925761198,True,False,module_2,False,pass_through,-0.000337192571973216,0.006262816497123688,0.002294170253643155,-0.000337192571973216,0.006262816497123688,0.002294170253643155
1782028155.6510484,14.884809680211049,2.0,12.884809680211049,True,False,module_2,False,,0.0,0.0,0.0,0.0,0.0,0.0
1782028155.6669507,14.884809680211049,2.0,12.884809680211049,True,False,module_2,False,pass_through,-0.0003349428340350653,0.006212280739574916,0.0022758649787644946,-0.0003349428340350653,0.006212280739574916,0.0022758649787644946
1782028155.7672212,14.884214579432296,2.0,12.884214579432296,True,False,module_2,False,pass_through,-0.0003327198131858043,0.006162098861665747,0.002257687948406989,-0.0003327198131858043,0.006162098861665747,0.002257687948406989
1782028155.8510287,14.883574326427041,2.0,12.883574326427041,True,False,module_2,False,,0.0,0.0,0.0,0.0,0.0,0.0
1782028155.867019,14.883574326427041,2.0,12.883574326427041,True,False,module_2,False,pass_through,-0.00033052323369484705,0.006112268441243767,0.0022396382827763557,-0.00033052323369484705,0.006112268441243767,0.0022396382827763557
1782028155.9670954,14.882889290121252,2.0,12.882889290121252,True,False,module_2,False,pass_through,-0.00032835282237203675,0.0060627870726503285,0.002221715108092601,-0.00032835282237203675,0.0060627870726503285,0.002221715108092601
1782028156.0510707,14.882159837223366,2.0,12.882159837223366,True,False,module_2,False,,0.0,0.0,0.0,0.0,0.0,0.0
1782028156.067297,14.882159837223366,2.0,12.882159837223366,True,False,module_2,False,pass_through,-0.00032620830854578786,0.006013652366608497,0.002203917556548927,-0.00032620830854578786,0.006013652366608497,0.002203917556548927
1782028156.167385,14.881386332232108,2.0,12.881386332232108,True,False,module_2,False,pass_through,-0.00032408942404140866,0.00596486195011172,0.0021862447662709264,-0.00032408942404140866,0.00596486195011172,0.0021862447662709264
1782028156.2510362,14.88056913744446,2.0,12.88056913744446,True,False,module_2,False,,0.0,0.0,0.0,0.0,0.0,0.0
1782028156.267161,14.88056913744446,2.0,12.88056913744446,True,False,module_2,False,pass_through,-0.0003219959031596021,0.0059164134663132915,0.0021686958812760534,-0.0003219959031596021,0.0059164134663132915,0.0021686958812760534
1782028156.367101,14.879708612963675,2.0,12.879708612963675,True,False,module_2,False,pass_through,-0.0003199274826551437,0.005868304574416548,0.002151270051433372,-0.0003199274826551437,0.005868304574416548,0.002151270051433372
1782028156.4509406,14.878805116707348,2.0,12.878805116707348,True,False,module_2,False,,0.0,0.0,0.0,0.0,0.0,0.0
1782028156.4670925,14.878805116707348,2.0,12.878805116707348,True,False,module_2,False,pass_through,-0.0003178839017157355,0.005820532949565814,0.0021339664324235737,-0.0003178839017157355,0.005820532949565814,0.0021339664324235737
1782028156.5671391,14.877859004415548,2.0,12.877859004415548,True,False,module_2,False,pass_through,-0.00031586490194103364,0.005773096282738075,0.0021167841856992763,-0.00031586490194103364,0.005773096282738075,0.0021167841856992763
1782028156.6509736,14.876870629659074,2.0,12.876870629659074,True,False,module_2,False,,0.0,0.0,0.0,0.0,0.0,0.0
1782028156.666891,14.876870629659074,2.0,12.876870629659074,True,False,module_2,False,pass_through,-0.00031387022732185,0.005725992280635409,0.0020997224784455922,-0.00031387022732185,0.005725992280635409,0.0020997224784455922
1782028156.7670524,14.875840343847663,2.0,12.875840343847663,True,False,module_2,False,pass_through,-0.0003118996242195239,0.005679218665578124,0.0020827804835409627,-0.0003118996242195239,0.005679218665578124,0.0020827804835409627
1782028156.850965,14.874768496238367,2.0,12.874768496238367,True,False,module_2,False,,0.0,0.0,0.0,0.0,0.0,0.0
1782028156.867189,14.874768496238367,2.0,12.874768496238367,True,False,module_2,False,pass_through,-0.0003099528413454655,0.005632773175398629,0.0020659573795182625,-0.0003099528413454655,0.005632773175398629,0.0020659573795182625
1782028156.9671166,14.873655433943902,2.0,12.873655433943902,True,False,module_2,False,pass_through,-0.0003080296297408667,0.005586653563336034,0.0020492523505261677,-0.0003080296297408667,0.005586653563336034,0.0020492523505261677
1782028157.050945,14.872501501941105,2.0,12.872501501941105,True,False,module_2,False,,0.0,0.0,0.0,0.0,0.0,0.0
1782028157.0671449,14.872501501941105,2.0,12.872501501941105,True,False,module_2,False,pass_through,-0.00030612974275658024,0.0055408575979314515,0.0020326645862907907,-0.00030612974275658024,0.0055408575979314515,0.0020326645862907907
1782028157.1670647,14.871307043079408,2.0,12.871307043079408,True,False,module_2,False,pass_through,-0.0003042529360331647,0.005495383062924013,0.0020161932820775726,-0.0003042529360331647,0.005495383062924013,0.0020161932820775726
1782028157.2509346,14.870072398089391,2.0,12.870072398089391,True,False,module_2,False,,0.0,0.0,0.0,0.0,0.0,0.0
1782028157.2668688,14.870072398089391,2.0,12.870072398089391,True,False,module_2,False,pass_through,-0.0003023989674810942,0.005450227757147598,0.0019998376386534435,-0.0003023989674810942,0.005450227757147598,0.0019998376386534435
1782028157.367242,14.868797905591332,2.0,12.868797905591332,True,False,module_2,False,pass_through,-0.0003005675972611318,0.005405389494428248,0.0019835968622492345,-0.0003005675972611318,0.005405389494428248,0.0019835968622492345
1782028157.4509196,14.867483902103864,2.0,12.867483902103864,True,False,module_2,False,,0.0,0.0,0.0,0.0,0.0,0.0
1782028157.4671054,14.867483902103864,2.0,12.867483902103864,True,False,module_2,False,pass_through,-0.00029875858776486476,0.0053608661034822945,0.001967470164522348,-0.00029875858776486476,0.0053608661034822945,0.001967470164522348
1782028157.5679092,14.866130722052624,2.0,12.866130722052624,True,False,module_2,False,pass_through,-0.0002969717035954008,0.005316655427815161,0.001951456762519683,-0.0002969717035954008,0.005316655427815161,0.001951456762519683
1782028157.6509428,14.864738697778964,2.0,12.864738697778964,True,False,module_2,False,,0.0,0.0,0.0,0.0,0.0,0.0
1782028157.6672208,14.864738697778964,2.0,12.864738697778964,True,False,module_2,False,pass_through,-0.00029520671154822394,0.005272755325620868,0.0019355558786408166,-0.00029520671154822394,0.005272755325620868,0.0019355558786408166
1782028157.7672374,14.863308159548705,2.0,12.863308159548705,True,False,module_2,False,pass_through,-0.00029346338059220835,0.0052291636696822,0.001919766740601434,-0.00029346338059220835,0.0052291636696822,0.001919766740601434
1782028157.851015,14.861839435560892,2.0,12.861839435560892,True,False,module_2,False,,0.0,0.0,0.0,0.0,0.0,0.0
1782028157.8671663,14.861839435560892,2.0,12.861839435560892,True,False,module_2,False,pass_through,-0.00029174148185079015,0.0051858783472715705,0.0019040885813970069,-0.00029174148185079015,0.0051858783472715705,0.0019040885813970069
1782028157.9672792,14.860332851956645,2.0,12.860332851956645,True,False,module_2,False,pass_through,-0.0002900407885832934,0.005142897260052553,0.0018885206392667277,-0.0002900407885832934,0.005142897260052553,0.0018885206392667277
1782028158.0509028,14.858788732827978,2.0,12.858788732827978,True,False,module_2,False,,0.0,0.0,0.0,0.0,0.0,0.0
1782028158.0670283,14.858788732827978,2.0,12.858788732827978,True,False,module_2,False,pass_through,-0.0002883610761664121,0.005100218323982062,0.0018730621576576768,-0.0002883610761664121,0.005100218323982062,0.0018730621576576768
1782028158.1672628,14.857207400226695,2.0,12.857207400226695,True,False,module_2,False,pass_through,-0.0002867021220758447,0.005057839469213234,0.00185771238518925,-0.0002867021220758447,0.005057839469213234,0.00185771238518925
1782028158.2509286,14.855589174173268,2.0,12.855589174173268,True,False,module_2,False,,0.0,0.0,0.0,0.0,0.0,0.0
1782028158.2672155,14.855589174173268,2.0,12.855589174173268,True,False,module_2,False,pass_through,-0.0002850637058680806,0.0050157586399989275,0.0018424705756178135,-0.0002850637058680806,0.0050157586399989275,0.0018424705756178135
1782028158.3673127,14.853934372665805,2.0,12.853934372665805,True,False,module_2,False,pass_through,-0.00028344560916233793,0.0049739737945959026,0.0018273359878016166,-0.00028344560916233793,0.0049739737945959026,0.0018273359878016166
1782028158.4509828,14.85224331168898,2.0,12.85224331168898,True,False,module_2,False,,0.0,0.0,0.0,0.0,0.0,0.0
1782028158.467195,14.85224331168898,2.0,12.85224331168898,True,False,module_2,False,pass_through,-0.0002818476156226505,0.004932482905169649,0.0018123078856659286,-0.0002818476156226505,0.004932482905169649,0.0018123078856659286
1782028158.567258,14.850516305223017,2.0,12.850516305223017,True,False,module_2,False,pass_through,-0.0002802695109401035,0.0048912839576998515,0.0017973855381684268,-0.0002802695109401035,0.0048912839576998515,0.0017973855381684268
1782028158.6509802,14.848753665252701,2.0,12.848753665252701,True,False,module_2,False,,0.0,0.0,0.0,0.0,0.0,0.0
1782028158.6672976,14.848753665252701,2.0,12.848753665252701,True,False,module_2,False,pass_through,-0.00027871108281521623,0.004850374951886499,0.0017825682192648107,-0.00027871108281521623,0.004850374951886499,0.0017825682192648107
1782028158.7673676,14.846955701776395,2.0,12.846955701776395,True,False,module_2,False,pass_through,-0.0002771721209404709,0.004809753901056631,0.0017678552078746542,-0.0002771721209404709,0.004809753901056631,0.0017678552078746542
1782028158.8509367,14.84512272281508,2.0,12.84512272281508,True,False,module_2,False,,0.0,0.0,0.0,0.0,0.0,0.0
1782028158.8672419,14.84512272281508,2.0,12.84512272281508,True,False,module_2,False,pass_through,-0.0002756524169829862,0.004769418832071728,0.0017532457878475,-0.0002756524169829862,0.004769418832071728,0.0017532457878475
1782028158.968111,14.84325503442141,2.0,12.84325503442141,True,False,module_2,False,pass_through,-0.00027415176456733505,0.004729367785235708,0.0017387392479291685,-0.00027415176456733505,0.004729367785235708,0.0017387392479291685
1782028159.0509527,14.841352940688783,2.0,12.841352940688783,True,False,module_2,False,,0.0,0.0,0.0,0.0,0.0,0.0
1782028159.067214,14.841352940688783,2.0,12.841352940688783,True,False,module_2,False,pass_through,-0.0002726699592585039,0.004689598814203562,0.0017243348817283146,-0.0002726699592585039,0.004689598814203562,0.0017243348817283146
1782028159.1672776,14.839416743760427,2.0,12.839416743760427,True,False,module_2,False,pass_through,-0.00027120679854499496,0.004650109985890613,0.0017100319876831996,-0.00027120679854499496,0.004650109985890613,0.0017100319876831996
1782028159.2509592,14.837446743838516,2.0,12.837446743838516,True,False,module_2,False,,0.0,0.0,0.0,0.0,0.0,0.0
1782028159.267179,14.837446743838516,2.0,12.837446743838516,True,False,module_2,False,pass_through,-0.000269762081822067,0.004610899380382378,0.0016958298690286943,-0.000269762081822067,0.004610899380382378,0.0016958298690286943
1782028159.3672662,14.835443239193246,2.0,12.835443239193246,True,False,module_2,False,pass_through,-0.00026833561037511663,0.00457196509084505,0.0016817278337635118,-0.00026833561037511663,0.00457196509084505,0.0016817278337635118
1782028159.4509237,14.833406526171991,2.0,12.833406526171991,True,False,module_2,False,,0.0,0.0,0.0,0.0,0.0,0.0
1782028159.4671717,14.833406526171991,2.0,12.833406526171991,True,False,module_2,False,pass_through,-0.000266927187363197,0.00453330522343659,0.001667725194617662,-0.000266927187363197,0.00453330522343659,0.001667725194617662
1782028159.567397,14.831336899208402,2.0,12.831336899208402,True,False,module_2,False,pass_through,-0.00026553661780267314,0.004494917897218405,0.0016538212690201184,-0.00026553661780267314,0.004494917897218405,0.0016538212690201184
1782028159.6509402,14.829234650831562,2.0,12.829234650831562,True,False,module_2,False,,0.0,0.0,0.0,0.0,0.0,0.0
1782028159.6671016,14.829234650831562,2.0,12.829234650831562,True,False,module_2,False,pass_through,-0.0002641637085510141,0.0044568012440676505,0.0016400153790667254,-0.0002641637085510141,0.0044568012440676505,0.0016400153790667254
1782028159.7672608,14.827100071675115,2.0,12.827100071675115,True,False,module_2,False,pass_through,-0.0002628082682907188,0.004418953408590112,0.001626306851488309,-0.0002628082682907188,0.004418953408590112,0.001626306851488309
1782028159.850936,14.824933450486416,2.0,12.824933450486416,True,False,module_2,False,,0.0,0.0,0.0,0.0,0.0,0.0
1782028159.8671544,14.824933450486416,2.0,12.824933450486416,True,False,module_2,False,pass_through,-0.00026147010751337594,0.00438137254803368,0.0016126950176190082,-0.00026147010751337594,0.00438137254803368,0.0016126950176190082
1782028159.967234,14.822735074135686,2.0,12.822735074135686,True,False,module_2,False,pass_through,-0.0002601490385038567,0.0043440568322024135,0.0015991792133648276,-0.0002601490385038567,0.0043440568322024135,0.0015991792133648276
1782028160.0509765,14.820505227625159,2.0,12.820505227625159,True,False,module_2,False,,0.0,0.0,0.0,0.0,0.0,0.0
1782028160.0670817,14.820505227625159,2.0,12.820505227625159,True,False,module_2,False,pass_through,-0.0002588448753246383,0.004307004443371186,0.0015857587791724007,-0.0002588448753246383,0.004307004443371186,0.0015857587791724007
1782028160.1671627,14.818244194098227,2.0,12.818244194098227,True,False,module_2,False,pass_through,-0.0002575574338002588,0.004270213576200912,0.001572433059997969,-0.0002575574338002588,0.004270213576200912,0.001572433059997969
1782028160.2510118,14.815952254848614,2.0,12.815952254848614,True,False,module_2,False,,0.0,0.0,0.0,0.0,0.0,0.0
1782028160.2672398,14.815952254848614,2.0,12.815952254848614,True,False,module_2,False,pass_through,-0.0002562865315019006,0.004233682437654346,0.0015592014052765728,-0.0002562865315019006,0.004233682437654346,0.0015592014052765728
1782028160.3673356,14.81362968932951,2.0,12.81362968932951,True,False,module_2,False,pass_through,-0.0002550319877321028,0.004197409246912462,0.0015460631688914471,-0.0002550319877321028,0.004197409246912462,0.0015460631688914471
1782028160.450942,14.811276775162725,2.0,12.811276775162725,True,False,module_2,False,,0.0,0.0,0.0,0.0,0.0,0.0
1782028160.4669907,14.811276775162725,2.0,12.811276775162725,True,False,module_2,False,pass_through,-0.0002537936235096004,0.004161392235291381,0.0015330177091436366,-0.0002537936235096004,0.004161392235291381,0.0015330177091436366
1782028160.567062,14.808893788147842,2.0,12.808893788147842,True,False,module_2,False,pass_through,-0.00025257126155429037,0.0041256296461598865,0.0015200643887218097,-0.00025257126155429037,0.0041256296461598865,0.0015200643887218097
1782028160.6509745,14.806481002271354,2.0,12.806481002271354,True,False,module_2,False,,0.0,0.0,0.0,0.0,0.0,0.0
1782028160.6672902,14.806481002271354,2.0,12.806481002271354,True,False,module_2,False,pass_through,-0.00025136472627232224,0.004090119734857477,0.0015072025746722816,-0.00025136472627232224,0.004090119734857477,0.0015072025746722816
1782028160.767226,14.804038689715814,2.0,12.804038689715814,True,False,module_2,False,pass_through,-0.0002501738437413139,0.004054860768612994,0.0014944316383692425,-0.0002501738437413139,0.004054860768612994,0.0014944316383692425
1782028160.8510644,14.801567120868945,2.0,12.801567120868945,True,False,module_2,False,,0.0,0.0,0.0,0.0,0.0,0.0
1782028160.8670866,14.801567120868945,2.0,12.801567120868945,True,False,module_2,False,pass_through,-0.0002489984416956897,0.004019851026463793,0.001481750955485191,-0.0002489984416956897,0.004019851026463793,0.001481750955485191
1782028160.9672222,14.799066564332797,2.0,12.799066564332797,True,False,module_2,False,pass_through,-0.0002478383495121413,0.003985088799175456,0.0014691599059615647,-0.0002478383495121413,0.003985088799175456,0.0014691599059615647
1782028161.0509477,14.796537286932828,2.0,12.796537286932828,True,False,module_2,False,,0.0,0.0,0.0,0.0,0.0,0.0
1782028161.0671396,14.796537286932828,2.0,12.796537286932828,True,False,module_2,False,pass_through,-0.0002466933981952102,0.003950572389162063,0.0014566578739795759,-0.0002466933981952102,0.003950572389162063,0.0014566578739795759
1782028161.1671803,14.793979553727045,2.0,12.793979553727045,True,False,module_2,False,pass_through,-0.0002455634203629896,0.003916300110406997,0.0014442442479312427,-0.0002455634203629896,0.003916300110406997,0.0014442442479312427
1782028161.2510278,14.791393628015086,2.0,12.791393628015086,True,False,module_2,False,,0.0,0.0,0.0,0.0,0.0,0.0
1782028161.2670522,14.791393628015086,2.0,12.791393628015086,True,False,module_2,False,pass_through,-0.00024444825023294653,0.003882270288384284,0.0014319184203906243,-0.00024444825023294653,0.003882270288384284,0.0014319184203906243
1782028161.3671458,14.788779771347311,2.0,12.788779771347311,True,False,module_2,False,pass_through,-0.00024334772360786174,0.0038484812599804733,0.0014196797880852434,-0.00024334772360786174,0.0038484812599804733,0.0014196797880852434
1782028161.4510298,14.786138243533895,2.0,12.786138243533895,True,False,module_2,False,,0.0,0.0,0.0,0.0,0.0,0.0
1782028161.4672072,14.786138243533895,2.0,12.786138243533895,True,False,module_2,False,pass_through,-0.00024226167786188724,0.0038149313734170466,0.0014075277518677115,-0.00024226167786188724,0.0038149313734170466,0.0014075277518677115
1782028161.5672283,14.783469302653867,2.0,12.783469302653867,True,False,module_2,False,pass_through,-0.00024118995192672055,0.0037816189881733522,0.0013954617166875463,-0.00024118995192672055,0.0037816189881733522,0.0013954617166875463
1782028161.6510737,14.7807732050642,2.0,12.7807732050642,True,False,module_2,False,,0.0,0.0,0.0,0.0,0.0,0.0
1782028161.667224,14.7807732050642,2.0,12.7807732050642,True,False,module_2,False,pass_through,-0.00024013238627789386,0.0037485424749100606,0.0013834810915631809,-0.00024013238627789386,0.0037485424749100606,0.0013834810915631809
1782028161.7672813,14.778050205408803,2.0,12.778050205408803,True,False,module_2,False,pass_through,-0.0002390888229211784,0.003715700215393131,0.0013715852895541608,-0.0002390888229211784,0.003715700215393131,0.0013715852895541608
1782028161.8509748,14.775300556627599,2.0,12.775300556627599,True,False,module_2,False,,0.0,0.0,0.0,0.0,0.0,0.0
1782028161.8671277,14.775300556627599,2.0,12.775300556627599,True,False,module_2,False,pass_through,-0.00023805910537910227,0.0036830906024183253,0.0013597737277335404,-0.00023805910537910227,0.0036830906024183253,0.0013597737277335404
1782028161.967368,14.7725245099655,2.0,12.7725245099655,True,False,module_2,False,pass_through,-0.00023704307867758077,0.0036507120397361948,0.0013480458271604538,-0.00023704307867758077,0.0036507120397361948,0.0013480458271604538
1782028162.0509973,14.769722314981408,2.0,12.769722314981408,True,False,module_2,False,,0.0,0.0,0.0,0.0,0.0,0.0
1782028162.0670316,14.769722314981408,2.0,12.769722314981408,True,False,module_2,False,pass_through,-0.0002360405893326591,0.003618562941977604,0.0013364010128528903,-0.0002360405893326591,0.003618562941977604,0.0013364010128528903
1782028162.1671443,14.76689421955722,2.0,12.76689421955722,True,False,module_2,False,pass_through,-0.00023505148533736552,0.0035866417345797497,0.001324838713760637,-0.00023505148533736552,0.0035866417345797497,0.001324838713760637
1782028162.2510118,14.764040469906757,2.0,12.764040469906757,True,False,module_2,False,,0.0,0.0,0.0,0.0,0.0,0.0
1782028162.2672,14.764040469906757,2.0,12.764040469906757,True,False,module_2,False,pass_through,-0.0002340756161486747,0.0035549468537126763,0.0013133583627384228,-0.0002340756161486747,0.0035549468537126763,0.0013133583627384228
1782028162.3672385,14.761161310584715,2.0,12.761161310584715,True,False,module_2,False,pass_through,-0.00023311283267458044,0.0035234767462062992,0.0013019593965192362,-0.00023311283267458044,0.0035234767462062992,0.0013019593965192362
1782028162.4510458,14.758256984495624,2.0,12.758256984495624,True,False,module_2,False,,0.0,0.0,0.0,0.0,0.0,0.0
1782028162.4684355,14.758256984495624,2.0,12.758256984495624,True,False,module_2,False,pass_through,-0.0002321629872612763,0.003492229869477928,0.0012906412556878291,-0.0002321629872612763,0.003492229869477928,0.0012906412556878291
1782028162.5672197,14.75532773290271,2.0,12.75532773290271,True,False,module_2,False,pass_through,-0.00023122593368044394,0.0034612046914602648,0.001279403384654401,-0.00023122593368044394,0.0034612046914602648,0.001279403384654401
1782028162.6510239,14.752373795436814,2.0,12.752373795436814,True,False,module_2,False,,0.0,0.0,0.0,0.0,0.0,0.0
1782028162.6672678,14.752373795436814,2.0,12.752373795436814,True,False,module_2,False,pass_through,-0.0002303015271166479,0.003430399690529904,0.0012682452316284602,-0.0002303015271166479,0.003430399690529904,0.0012682452316284602
1782028162.7674701,14.749395410105254,2.0,12.749395410105254,True,False,module_2,False,pass_through,-0.00022938962415483576,0.0033998133554363156,0.0012571662485928662,-0.00022938962415483576,0.0033998133554363156,0.0012571662485928662
1782028162.8509834,14.746392813300673,2.0,12.746392813300673,True,False,module_2,False,,0.0,0.0,0.0,0.0,0.0,0.0
1782028162.8671162,14.746392813300673,2.0,12.746392813300673,True,False,module_2,False,pass_through,-0.00022849008276794373,0.00336944418523131,0.0012461658912780525,-0.00022849008276794373,0.00336944418523131,0.0012461658912780525
1782028162.96723,14.743366239809863,2.0,12.743366239809863,True,False,module_2,False,pass_through,-0.0002276027623046055,0.003339290689198976,0.00123524361913642,-0.0002276027623046055,0.003339290689198976,0.00123524361913642
1782028163.0510342,14.740315922822571,2.0,12.740315922822571,True,False,module_2,False,,0.0,0.0,0.0,0.0,0.0,0.0
1782028163.0672557,14.740315922822571,2.0,12.740315922822571,True,False,module_2,False,pass_through,-0.0002267275234769648,0.0033093513867861013,0.0012243988953169066,-0.0002267275234769648,0.0033093513867861013,0.0012243988953169066
1782028163.1670635,14.737242093940296,2.0,12.737242093940296,True,False,module_2,False,pass_through,-0.00022586422834858984,0.0032796248075330683,0.0012136311866397305,-0.00022586422834858984,0.0032796248075330683,0.0012136311866397305
1782028163.2510936,14.734144983185033,2.0,12.734144983185033,True,False,module_2,False,,0.0,0.0,0.0,0.0,0.0,0.0
1782028163.2673163,14.734144983185033,2.0,12.734144983185033,True,False,module_2,False,pass_through,-0.00022501274032248937,0.0032501094910052063,0.00120293996357131,-0.00022501274032248937,0.0032501094910052063,0.00120293996357131
1782028163.367238,14.731024819008024,2.0,12.731024819008024,True,False,module_2,False,pass_through,-0.00022417292412922951,0.00322080398672462,0.0011923247001993495,-0.00022417292412922951,0.00322080398672462,0.0011923247001993495
1782028163.4509108,14.727881828298472,2.0,12.727881828298472,True,False,module_2,False,,0.0,0.0,0.0,0.0,0.0,0.0
1782028163.46717,14.727881828298472,2.0,12.727881828298472,True,False,module_2,False,pass_through,-0.00022334464581515019,0.0031917068541024796,0.0011817848742081004,-0.00022334464581515019,0.0031917068541024796,0.0011817848742081004
1782028163.567237,14.724716236392222,2.0,12.724716236392222,True,False,module_2,False,pass_through,-0.00022252777273068064,0.0031628166623717687,0.0011713199668537822,-0.00022252777273068064,0.0031628166623717687,0.0011713199668537822
1782028163.6510403,14.721528267080448,2.0,12.721528267080448,True,False,module_2,False,,0.0,0.0,0.0,0.0,0.0,0.0
1782028163.6671052,14.721528267080448,2.0,12.721528267080448,True,False,module_2,False,pass_through,-0.0002217221735187532,0.0031341319905204877,0.0011609294629401844,-0.0002217221735187532,0.0031341319905204877,0.0011609294629401844
1782028163.7672226,14.718318142618273,2.0,12.718318142618273,True,False,module_2,False,pass_through,-0.0002209277181033144,0.0031056514272253103,0.0011506128507944265,-0.0002209277181033144,0.0031056514272253103,0.0011506128507944265
1782028163.851019,14.715086083733404,2.0,12.715086083733404,True,False,module_2,False,,0.0,0.0,0.0,0.0,0.0,0.0
1782028163.8672345,14.715086083733404,2.0,12.715086083733404,True,False,module_2,False,pass_through,-0.00022014427767793284,0.0030773735707856948,0.0011403696222428812,-0.00022014427767793284,0.0030773735707856948,0.0011403696222428812
1782028163.967257,14.711832309634723,2.0,12.711832309634723,True,False,module_2,False,pass_through,-0.00021937172469450284,0.003049297029058441,0.001130199272587272,-0.00021937172469450284,0.003049297029058441,0.001130199272587272
1782028164.0510685,14.708557038020835,2.0,12.708557038020835,True,False,module_2,False,,0.0,0.0,0.0,0.0,0.0,0.0
1782028164.0672154,14.708557038020835,2.0,12.708557038020835,True,False,module_2,False,pass_through,-0.00021860993285204304,0.0030214204193926833,0.0011201013005809248,-0.00021860993285204304,0.0030214204193926833,0.0011201013005809248
1782028164.167224,14.705260485088637,2.0,12.705260485088637,True,False,module_2,False,pass_through,-0.0002178587770855894,0.0029937423685653455,0.001110075208405186,-0.0002178587770855894,0.0029937423685653455,0.001110075208405186
1782028164.2509942,14.70194286554181,2.0,12.70194286554181,True,False,module_2,False,,0.0,0.0,0.0,0.0,0.0,0.0
1782028164.2672868,14.70194286554181,2.0,12.70194286554181,True,False,module_2,False,pass_through,-0.0002171181335551818,0.0029662615127170077,0.001100120501646003,-0.0002171181335551818,0.0029662615127170077,0.001100120501646003
1782028164.3673217,14.698604392599304,2.0,12.698604392599304,True,False,module_2,False,pass_through,-0.00021638787963494327,0.0029389764972882187,0.0010902366892706571,-0.00021638787963494327,0.0029389764972882187,0.0010902366892706571
1782028164.4509764,14.695245278003817,2.0,12.695245278003817,True,False,module_2,False,,0.0,0.0,0.0,0.0,0.0,0.0
1782028164.4671197,14.695245278003817,2.0,12.695245278003817,True,False,module_2,False,pass_through,-0.0002156678939022513,0.0029118859769562645,0.0010804232836046693,-0.0002156678939022513,0.0029118859769562645,0.0010804232836046693
1782028164.5671353,14.69186573203022,2.0,12.69186573203022,True,False,module_2,False,pass_through,-0.00021495805612700044,0.0028849886155723203,0.0010706798003088471,-0.00021495805612700044,0.0028849886155723203,0.0010706798003088471
1782028164.6510186,14.688465963493936,2.0,12.688465963493936,True,False,module_2,False,,0.0,0.0,0.0,0.0,0.0,0.0
1782028164.6671588,14.688465963493936,2.0,12.688465963493936,True,False,module_2,False,pass_through,-0.00021425824726095538,0.002858283086099068,0.0010610057583565035,-0.00021425824726095538,0.002858283086099068,0.0010610057583565035
1782028164.7672992,14.685046179759357,2.0,12.685046179759357,True,False,module_2,False,pass_through,-0.00021356834942719388,0.0028317680705487237,0.0010514006800108168,-0.00021356834942719388,0.0028317680705487237,0.0010514006800108168
1782028164.8510842,14.681606586748156,2.0,12.681606586748156,True,False,module_2,False,,0.0,0.0,0.0,0.0,0.0,0.0
1782028164.8672323,14.681606586748156,2.0,12.681606586748156,True,False,module_2,False,pass_through,-0.00021288824590963873,0.0028054422599214724,0.0010418640908023613,-0.00021288824590963873,0.0028054422599214724,0.0010418640908023613
1782028164.9672751,14.678147388947636,2.0,12.678147388947636,True,False,module_2,False,pass_through,-0.00021221782114267795,0.0027793043541443517,0.0010323955195067807,-0.00021221782114267795,0.0027793043541443517,0.0010323955195067807
1782028165.051019,14.674668789418984,2.0,12.674668789418984,True,False,module_2,False,,0.0,0.0,0.0,0.0,0.0,0.0
1782028165.0671737,14.674668789418984,2.0,12.674668789418984,True,False,module_2,False,pass_through,-0.00021155696070087297,0.0027533530620105157,0.001022994498122609,-0.00021155696070087297,0.0027533530620105157,0.001022994498122609
1782028165.1672115,14.671170989805567,2.0,12.671170989805567,True,False,module_2,False,pass_through,-0.00021090555128875323,0.002727587101118944,0.0010136605618492594,-0.00021090555128875323,0.002727587101118944,0.0010136605618492594
1782028165.2510734,14.667654190341146,2.0,12.667654190341146,True,False,module_2,False,,0.0,0.0,0.0,0.0,0.0,0.0
1782028165.2672033,14.667654190341146,2.0,12.667654190341146,True,False,module_2,False,pass_through,-0.00021026348073069733,0.002702005197814529,0.0010043932490651506,-0.00021026348073069733,0.002702005197814529,0.0010043932490651506
1782028165.3671417,14.66411858985807,2.0,12.66411858985807,True,False,module_2,False,pass_through,-0.00020963063796089948,0.0026766060871285953,0.0009951921013059857,-0.00020963063796089948,0.0026766060871285953,0.0009951921013059857
1782028165.4509861,14.660564385795464,2.0,12.660564385795464,True,False,module_2,False,,0.0,0.0,0.0,0.0,0.0,0.0
1782028165.4671817,14.660564385795464,2.0,12.660564385795464,True,False,module_2,False,pass_through,-0.00020900691301342097,0.0026513885127198043,0.0009860566632431836,-0.00020900691301342097,0.0026513885127198043,0.0009860566632431836
1782028165.5672903,14.656991774207356,2.0,12.656991774207356,True,False,module_2,False,pass_through,-0.00020839219701232562,0.002626351226815485,0.000976986482662451,-0.00020839219701232562,0.002626351226815485,0.000976986482662451
1782028165.6510737,14.653400949770791,2.0,12.653400949770791,True,False,module_2,False,,0.0,0.0,0.0,0.0,0.0,0.0
1782028165.6671462,14.653400949770791,2.0,12.653400949770791,True,False,module_2,False,pass_through,-0.00020778638216189865,0.0026014929901533213,0.000967981110442504,-0.00020778638216189865,0.0026014929901533213,0.000967981110442504
1782028165.767167,14.64979210579392,2.0,12.64979210579392,True,False,module_2,False,pass_through,-0.00020718936173694821,0.002576812571923482,0.0009590401005339358,-0.00020718936173694821,0.002576812571923482,0.0009590401005339358
1782028165.850962,14.646165434224041,2.0,12.646165434224041,True,False,module_2,False,,0.0,0.0,0.0,0.0,0.0,0.0
1782028165.8671575,14.646165434224041,2.0,12.646165434224041,True,False,module_2,False,pass_through,-0.00020660103007318938,0.002552308749711114,0.0009501630099382277,-0.00020660103007318938,0.002552308749711114,0.0009501630099382277
1782028165.96711,14.64252112565562,2.0,12.64252112565562,True,False,module_2,False,pass_through,-0.0002060212825577091,0.0025279803094392372,0.0009413493986869085,-0.0002060212825577091,0.0025279803094392372,0.0009413493986869085
1782028166.0509253,14.63885936933826,2.0,12.63885936933826,True,False,module_2,False,,0.0,0.0,0.0,0.0,0.0,0.0
1782028166.0670378,14.63885936933826,2.0,12.63885936933826,True,False,module_2,False,pass_through,-0.0002054500156195122,0.002503826045312017,0.0009325988298208437,-0.0002054500156195122,0.002503826045312017,0.0009325988298208437
1782028166.1672845,14.635180353184694,2.0,12.635180353184694,True,False,module_2,False,pass_through,-0.00020488712672014724,0.0024798447597584403,0.0009239108693696793,-0.00020488712672014724,0.0024798447597584403,0.0009239108693696793
1782028166.2509818,14.631484263778674,2.0,12.631484263778674,True,False,module_2,False,,0.0,0.0,0.0,0.0,0.0,0.0
1782028166.267685,14.631484263778674,2.0,12.631484263778674,True,False,module_2,False,pass_through,-0.00020433251434441214,0.0024560352633763473,0.0009152850863314189,-0.00020433251434441214,0.0024560352633763473,0.0009152850863314189
1782028166.3671823,14.627771286382885,2.0,12.627771286382885,True,False,module_2,False,pass_through,-0.00020378607799113817,0.002432396374876888,0.0009067210526521436,-0.00020378607799113817,0.002432396374876888,0.0009067210526521436
1782028166.451017,14.62404160494679,2.0,12.62404160494679,True,False,module_2,False,,0.0,0.0,0.0,0.0,0.0,0.0
1782028166.4670854,14.62404160494679,2.0,12.62404160494679,True,False,module_2,False,pass_through,-0.00020324771816405238,0.0024089269210292863,0.0008982183432058686,-0.00020324771816405238,0.0024089269210292863,0.0008982183432058686
1782028166.5672092,14.620295402114472,2.0,12.620295402114472,True,False,module_2,False,pass_through,-0.00020271733636271764,0.0023856257366060554,0.0008897765357745366,-0.00020271733636271764,0.0023856257366060554,0.0008897765357745366
1782028166.6510348,14.616532859232422,2.0,12.616532859232422,True,False,module_2,False,,0.0,0.0,0.0,0.0,0.0,0.0
1782028166.6671896,14.616532859232422,2.0,12.616532859232422,True,False,module_2,False,pass_through,-0.00020219483507354912,0.002362491664328531,0.0008813952110281519,-0.00020219483507354912,0.002362491664328531,0.0008813952110281519
1782028166.7673452,14.612754156357305,2.0,12.612754156357305,True,False,module_2,False,pass_through,-0.0002016801177609075,0.0023395235548127986,0.0008730739525050438,-0.0002016801177609075,0.0023395235548127986,0.0008730739525050438
1782028166.8509667,14.608959472263695,2.0,12.608959472263695,True,False,module_2,False,,0.0,0.0,0.0,0.0,0.0,0.0
1782028166.8669276,14.608959472263695,2.0,12.608959472263695,True,False,module_2,False,pass_through,-0.00020117308885826744,0.0023167202665159807,0.0008648123465922713,-0.00020117308885826744,0.0023167202665159807,0.0008648123465922713
1782028166.9672918,14.605148984451773,2.0,12.605148984451773,True,False,module_2,False,pass_through,-0.0002006736537594614,0.0022940806656828955,0.000856609982506159,-0.0002006736537594614,0.0022940806656828955,0.000856609982506159
1782028167.050952,14.601322869154991,2.0,12.601322869154991,True,False,module_2,False,,0.0,0.0,0.0,0.0,0.0,0.0
1782028167.0672355,14.601322869154991,2.0,12.601322869154991,True,False,module_2,False,pass_through,-0.0002001817188099975,0.002271603626293063,0.0008484664522729634,-0.0002001817188099975,0.002271603626293063,0.0008484664522729634
1782028167.1672559,14.597481301347713,2.0,12.597481301347713,True,False,module_2,False,pass_through,-0.00019969719129845162,0.002249288030008092,0.0008403813507096756,-0.00019969719129845162,0.002249288030008092,0.0008403813507096756
