time,rx,ry,rz,vx,vy,vz,qx,qy,qz,qw,tracking_error_norm
0.14781654200000002,0.0,-24.0,8.0,0.0,0.0,0.0,0.0,0.0,0.0,1.0,9.16515138991168
0.14861048000000002,0.0,-24.0,7.999999987200095,0.0,0.0,-5.119962016881385e-07,0.0,0.0,0.0,1.0,9.165151387118511
0.14905516300000002,8.000150846753831e-06,-23.999996000301703,7.999997948851592,0.0003200090507625611,0.00015998189779221623,-8.10219438622697e-05,0.0,0.0,0.0,1.0,9.165142213598797
0.15876600200000002,3.200120675696339e-05,-23.99998400241365,7.999991885005713,0.0006400362023675538,0.00031992758980359975,-0.00016153189126358298,0.0,0.0,0.0,1.0,9.16511470421237
0.208928928,7.194003591860074e-05,-23.999964040152527,7.9999818117725665,0.0009575199565072447,0.00047855686862193587,-0.00024139743448031882,0.0,0.0,0.0,1.0,9.165068932339521
0.258654123,0.00012775350164015217,-23.999936147325457,7.9999677452622775,0.0012750216645947884,0.0006371502273713878,-0.00032126297692458864,0.0,0.0,0.0,1.0,9.165004971360627
0.308913669,0.00019937890609698816,-23.999900357496212,7.999949701472139,0.0015899974817875332,0.0007944370031666129,-0.0004004886284087844,0.0,0.0,0.0,1.0,9.164922894142165
0.358628376,0.00028675354662139436,-23.999856704219077,7.999927696399458,0.0019049911071296053,0.0009516881426408245,-0.00047971427861142604,0.0,0.0,0.0,1.0,9.164822773550704
0.40878229600000004,0.0003898151564621681,-23.99980522080677,7.999901745929482,0.0022174762304911413,0.0011076424573017417,-0.0005583045201180721,0.0,0.0,0.0,1.0,9.164704681942423
0.459021636,0.0005085014640611555,-23.999745940562587,7.999871865947475,0.002529979017291487,0.001263561417438626,-0.000636894759838157,0.0,0.0,0.0,1.0,9.164568691673596
0.508921649,0.0006427506308460596,-23.999678896550027,7.999838072227411,0.002839990574155401,0.001418193239330224,-0.000714854042377544,0.0,0.0,0.0,1.0,9.164414874593616
0.558977797,0.0007925008134735008,-23.999604121823232,7.999800380543276,0.0031500196508276266,0.0015727899865569791,-0.000792813322629415,0.0,0.0,0.0,1.0,9.164243302551956
0.609043922,0.0009576905986748885,-23.99952164919831,7.999758806558532,0.0034575746535182106,0.0017261092110546924,-0.0008701460666773034,0.0,0.0,0.0,1.0,9.164054046894686
0.6589637700000001,0.0011382585684461537,-23.999431511482072,7.999713365936654,0.0037651470334586997,0.001879393638821975,-0.000947478807940745,0.0,0.0,0.0,1.0,9.163847178967954
0.7089424120000001,0.001334143731966405,-23.99933374124505,7.999664074231351,0.004070262380058666,0.002031410088842082,-0.0010241894036470986,0.0,0.0,0.0,1.0,9.163622769617957
0.758887183,0.0015452850937146157,-23.999228371048535,7.999610946996344,0.004375394962414349,0.002183392018154317,-0.0011008999960760704,0.0,0.0,0.0,1.0,8.919379906208272
0.808616466,0.001763622249778392,-23.999110996806422,7.99955889762863,0.004358097475434568,0.002511577992508778,-0.000981074711950058,0.0,0.0,0.0,1.0,8.91928585598171
0.858933978,0.00198109546078832,-23.9989772132167,7.9995128395252015,0.0043408371602696215,0.0028397659217404875,-0.0008612494246846297,0.0,0.0,0.0,1.0,8.919174346065663
0.9085890950000001,0.002197709602821565,-23.9988270860704,7.999472748819257,0.004323734666680363,0.003165320252888566,-0.0007423788126494348,0.0,0.0,0.0,1.0,8.919045446365036
0.958635051,0.0024134695420188292,-23.9986606811592,7.999438601643976,0.004306669046839475,0.003490876516869853,-0.0006235081982386452,0.0,0.0,0.0,1.0,8.918899226786234
1.008716799,0.0026283801040387373,-23.99847806381427,7.999410374299582,0.004289759530246785,0.0038138175991023517,-0.0005055855772226735,0.0,0.0,0.0,1.0,8.918735756746695
1.0590019860000002,0.0028424461046729532,-23.99827929936744,7.99938804308628,0.004272886591420803,0.004136760592352027,-0.00038766295458884004,0.0,0.0,0.0,1.0,8.91855510566535
1.1091055330000001,0.0030556723196299863,-23.998064452693157,7.999371584470177,0.0042561680541653235,0.004457106694239127,-0.0002706816893462836,0.0,0.0,0.0,1.0,8.918357342475485
1.158978003,0.0032680635148204123,-23.997833588666527,7.9993609749173595,0.0042394858007654326,0.004777454685553265,-0.00015370042323755218,0.0,0.0,0.0,1.0,8.91814253611184
1.208861302,0.003479624416466992,-23.99758677170841,7.999356191058676,0.004222956263760156,0.005095223950799418,-3.7653924035132834e-05,0.0,0.0,0.0,1.0,8.91791075502684
1.25907918,0.003690359741063109,-23.99732406624031,7.999357209524958,0.004206462718755723,0.0054129950841062605,7.83925752877782e-05,0.0,0.0,0.0,1.0,8.91766206767433
1.308986181,0.0039002741658061197,-23.9970455362326,7.999364007110667,0.0041901202213250836,0.005728205532399282,0.0001935108529819246,0.0,0.0,0.0,1.0,8.917396542029126
1.358984583,0.004109372358232091,-23.996751245656288,7.999376560610246,0.004173813426082851,0.006043417827608353,0.0003086291300568409,0.0,0.0,0.0,1.0,8.917114246067438
1.4086636920000002,0.0043176589469693305,-23.996441258034327,7.99939484698065,0.004157656025803156,0.006356087355462754,0.00042282568588215504,0.0,0.0,0.0,1.0,8.916815247289716
1.45992658,0.004525138551052478,-23.99611563689031,7.9994188431788125,0.004141534039927763,0.00666875870930821,0.000537022240354437,0.0,0.0,0.0,1.0,8.916499613197773
1.5088664980000002,0.004731815750993191,-23.995774445302835,7.9994485263230635,0.004125559812468933,0.006978905090902807,0.0006503035293648157,0.0,0.0,0.0,1.0,8.91616741082091
1.558967551,0.0049376951177766155,-23.995417746351134,7.999483873531714,0.004109620713644759,0.007289053277781062,0.0007635848162942386,0.0,0.0,0.0,1.0,8.915818707189768
1.6089971170000001,0.0051427811842462345,-23.99504560267249,7.999524862083364,0.00409382775261339,0.007596694165790901,0.0008759572492628177,0.0,0.0,0.0,1.0,8.915453568865686
1.658958734,0.005347078473785716,-23.99465807690481,7.999571469256594,0.004078069636447703,0.007904336838592572,0.0009883296794283543,0.0,0.0,0.0,1.0,8.915072062411335
1.7086146530000001,0.005550591472014949,-23.994255231247077,7.9996236724891725,0.004062456053231421,0.008209489765015215,0.001099799623150209,0.0,0.0,0.0,1.0,8.914674253923275
1.75901383,0.005753324655160253,-23.993837127898896,7.99968144921885,0.004046877033098828,0.00851464445595142,0.001211269563352731,0.0,0.0,0.0,1.0,8.914260209499377
1.8089829110000002,0.005955282462058646,-23.99340382862395,7.9997447770414745,0.004031440956711934,0.008817326832927614,0.0013218433409455095,0.0,0.0,0.0,1.0,8.913829994774579
1.859064633,0.006156469322219365,-23.99295539518653,7.999813633552874,0.0040160391636001255,0.00912001095435067,0.0014324171143084207,0.0,0.0,0.0,1.0,8.913383675385107
1.9090841070000002,0.006356889628133457,-23.992491888917993,7.999887996505889,0.004000778740530523,0.009420240074979458,0.001542101005510922,0.0,0.0,0.0,1.0,8.91292131650741
1.9588478710000001,0.006556547763029524,-23.992013371150293,7.999967843653343,0.0039855523228872845,0.009720470920197996,0.0016517848917787367,0.0,0.0,0.0,1.0,8.912442983319197
2.0089779500000002,0.00675544807348574,-23.991519902785416,8.000053152903991,0.003970465716944671,0.010018263959346296,0.0017605851332474502,0.0,0.0,0.0,1.0,8.911948740541543
2.059190725,0.0069535948968827265,-23.991011544725943,8.000143902166574,0.0039554128405261705,0.010316058703434862,0.0018693853690823332,0.0,0.0,0.0,1.0,8.911438652896766
2.109283649,0.007150992534315122,-23.990488357447425,8.000240069504693,0.00394049823269149,0.010611432718541541,0.0019773081546859517,0.0,0.0,0.0,1.0,8.910912784653656
2.15939189,0.007347645277744459,-23.989950401425997,8.000341632981936,0.003925617080411823,0.010906808419144692,0.002085230933962231,0.0,0.0,0.0,1.0,8.91037120008222
2.208955902,0.007543557383207444,-23.989397736713695,8.00044857081569,0.003910872668687968,0.0111997803510192,0.002192282415074151,0.0,0.0,0.0,1.0,8.909813963002046
2.259157677,0.007738733097671686,-23.988830423363126,8.000560861223326,0.003896161440469948,0.011492753949150147,0.0022993338891708196,0.0,0.0,0.0,1.0,8.909241137233906
2.308702997,0.00793317663253786,-23.988248521005698,8.00067848257496,0.003881585439733696,0.011783340622765722,0.0024055201749596457,0.0,0.0,0.0,1.0,8.90865278615122
2.3590010820000002,0.008126892190201114,-23.987652089273393,8.000801413240692,0.0038670423523608807,0.01207392894359956,0.0025117064530508645,0.0,0.0,0.0,1.0,8.908048973128592
2.4088412900000002,0.008319883937844321,-23.987041187379873,8.000929631742322,0.003852632994216064,0.012362147068881054,0.0026170336107689254,0.0,0.0,0.0,1.0,8.90742976109631
2.458703428,0.008512156033707967,-23.986415874539365,8.00106311660163,0.0038382562811860163,0.012650366822542598,0.002722360760112541,0.0,0.0,0.0,1.0,8.906795212985829
2.5098229990000003,0.008703712601171714,-23.985776209550636,8.001201846491055,0.0038240118138179054,0.012936232995148952,0.0028268348153824376,0.0,0.0,0.0,1.0,8.906145391287318
2.558830532,0.008894557754735537,-23.98512225121302,8.001345800083017,0.003809799725196665,0.013222100777495232,0.00293130886160653,0.0,0.0,0.0,1.0,8.905480358492099
2.609519505,0.009084695574386875,-23.984454057913233,8.001494956199565,0.0037957184132275655,0.013505631479596651,0.003034935798705724,0.0,0.0,0.0,1.0,8.904800176653216
2.659002505,0.009274130131295742,-23.98377168803854,8.001649293662727,0.003781669215505333,0.013789163772994101,0.0031385627260931952,0.0,0.0,0.0,1.0,8.904104907824841
2.709017461,0.009462865462464744,-23.983075199566425,8.001808791443127,0.003767749339851378,0.014070375374043946,0.003241348488236654,0.0,0.0,0.0,1.0,8.903394613625867
2.759008295,0.009650905596140912,-23.982364650474917,8.001973428511377,0.003753861315799396,0.014351588548140315,0.0033441342400078746,0.0,0.0,0.0,1.0,8.902669355676291
2.808975397,0.00983825452674587,-23.98164009833506,8.002143183985662,0.0037401011735285292,0.014630497305641765,0.0034460847296287856,0.0,0.0,0.0,1.0,8.901929195163806
2.859141724,0.010024916240007089,-23.980901600718436,8.002318036984155,0.003726372622057153,0.014909407618132788,0.003548035208222307,0.0,0.0,0.0,1.0,8.901174193277186
2.90903417,0.010210894688165537,-23.980149214792434,8.00249796677159,0.0037127705262482926,0.015186029678400286,0.003649156287250874,0.0,0.0,0.0,1.0,8.90040441077585
2.958650029,0.01039619381482903,-23.979382997724976,8.002682952612686,0.0036991997622662395,0.015462653275791157,0.003750277354602227,0.0,0.0,0.0,1.0,8.89961990842029
3.0089504340000004,0.01058081753045472,-23.97860300628255,8.00287297391772,0.0036857540418696096,0.01573700467470671,0.0038505748447425605,0.0,0.0,0.0,1.0,8.898820746544564
3.0589940760000003,0.010764769736927183,-23.97780929723218,8.003068010096955,0.003672339396144377,0.016011357593068386,0.003950872322561146,0.0,0.0,0.0,1.0,8.898006985483782
3.108913099,0.01094805430331312,-23.977001926942197,8.003268040705212,0.0036590483958430045,0.016283454256832704,0.004050352005566263,0.0,0.0,0.0,1.0,8.89717868514954
3.1590783960000004,0.011130675090166832,-23.976180951781462,8.003473045297296,0.003645788214862451,0.016555552422553077,0.0041498316756103494,0.0,0.0,0.0,1.0,8.896335905454468
3.2088976430000002,0.011312635925554506,-23.97534642772288,8.003683003571581,0.0036326502949348095,0.01682541016843165,0.004248499293555296,0.0,0.0,0.0,1.0,8.895478705890566
3.259359642,0.011493940629089691,-23.974498410739873,8.003897895226425,0.003619542940769884,0.017095269398961617,0.004347166897905146,0.0,0.0,0.0,1.0,8.894607145950859
3.308663381,0.011674592988224597,-23.97363695641262,8.004117700102768,0.003606556476953684,0.01736290393602569,0.00444502815345825,0.0,0.0,0.0,1.0,8.893721284710606
3.3593166570000004,0.01185459678201814,-23.97276212032181,8.004342398041533,0.0035936003271223,0.017630539940620162,0.00454288939478737,0.0,0.0,0.0,1.0,8.89282118124608
3.4089020120000004,0.012033955757691705,-23.971873957657586,8.004571969025251,0.0035807637104794073,0.017895966870482713,0.004639949951479645,0.0,0.0,0.0,1.0,8.89190689421864
3.4590557790000003,0.012212673654132328,-23.970972523610588,8.004806393036434,0.0035679571578114467,0.018161395250936598,0.004737010493324191,0.0,0.0,0.0,1.0,8.890978482290635
3.5089649140000003,0.012390754178710377,-23.970057872983585,8.005045650198227,0.003555268794593931,0.01842463006848331,0.004833275975816897,0.0,0.0,0.0,1.0,8.890036003712341
3.559009999,0.012568201030520405,-23.969130060579843,8.005289720633758,0.003542610247097372,0.018687866319862502,0.004929541442843233,0.0,0.0,0.0,1.0,8.889079516735004
3.6090663540000003,0.012745017877458244,-23.968189140817408,8.005538584605826,0.003530068558614666,0.018948924413977768,0.0050250174371936065,0.0,0.0,0.0,1.0,8.888109079200618
3.6590150390000002,0.012921208379202053,-23.967235168114822,8.005792222377211,0.0035175564393428276,0.019209983925345165,0.005120493415464044,0.0,0.0,0.0,1.0,8.887124748952122
3.708941525,0.01309677616454632,-23.966268196508043,8.006050614349402,0.003505159861829994,0.01946888057963317,0.00521518546938922,0.0,0.0,0.0,1.0,8.886126583426003
3.7589975590000004,0.013271724854125599,-23.965288280033512,8.006313740923872,0.003492792608749883,0.01972777863476978,0.005309877506625926,0.0,0.0,0.0,1.0,8.88511464005968
3.80891532,0.013446058038002957,-23.96429547234771,8.006581582639853,0.0034805395932369773,0.019984529028270696,0.005403791129765052,0.0,0.0,0.0,1.0,8.88408897588688
3.8589217010000003,0.013619779298138873,-23.963289827107605,8.00685412003656,0.0034683156590987344,0.020241280806391843,0.005497704735612174,0.0,0.0,0.0,1.0,8.883049647942267
3.9088709230000003,0.013792892186231684,-23.962271397592797,8.007131333790019,0.0034562046712812576,0.020495900014293147,0.005590845399786732,0.0,0.0,0.0,1.0,8.88199671285957
3.959013756,0.013965400245934081,-23.961240237083366,8.00741320457624,0.0034441225234886894,0.020750520590759797,0.005683986046070717,0.0,0.0,0.0,1.0,8.88093022727342
4.008878899,0.01413730699094314,-23.960196398484612,8.007699713207106,0.0034321520435991195,0.021003023585102792,0.00577635918554307,0.0,0.0,0.0,1.0,8.879850247420267
4.058873771,0.014308615926966856,-23.95913993470231,8.007990840494486,0.0034202101640813105,0.021255527932128086,0.00586873230653121,0.0,0.0,0.0,1.0,8.87875682953745
4.1087635680000005,0.014479330530061328,-23.958070898270023,8.008286567385184,0.0034083786867617036,0.021505929582509582,0.005960343318261381,0.0,0.0,0.0,1.0,8.877650029466839
4.159000346,0.014649454268349753,-23.956989341721776,8.008586874825994,0.0033965755718456977,0.021756332569860554,0.006051954310918594,0.0,0.0,0.0,1.0,8.87652990305118
4.209012057000001,0.014818990580604386,-23.955895317221938,8.008891743897719,0.0033848816060213544,0.022004647644129828,0.006142808554819291,0.0,0.0,0.0,1.0,8.875396505740454
4.258937537,0.01498794289772037,-23.95478887693534,8.009201155681149,0.0033732157663058987,0.022252964039824352,0.0062336627790631465,0.0,0.0,0.0,1.0,8.874249892985514
4.3089777090000005,0.015156314621540112,-23.953670072659673,8.009515091390165,0.0033616578350600806,0.022499207204775353,0.0063237655782530456,0.0,0.0,0.0,1.0,8.873090119847115
4.359112367000001,0.015324109146084314,-23.952538956193095,8.009833532238636,0.003350127795290422,0.02274545167577438,0.006413868357207045,0.0,0.0,0.0,1.0,8.871917241386871
4.408981337,0.015491329836616429,-23.95139557896914,8.010156459572608,0.0033387044357401155,0.02298963749783325,0.00650322499826234,0.0,0.0,0.0,1.0,8.870731312278977
4.459125893,0.015657980050633225,-23.9502399924218,8.010483854738114,0.003327308734683842,0.023233824610728333,0.00659258161850747,0.0,0.0,0.0,1.0,8.869532387198461
4.508923918000001,0.015824063117167015,-23.949072247622937,8.010815699212458,0.003316018497856558,0.023475967556636244,0.00668119735171171,0.0,0.0,0.0,1.0,8.868320520435585
4.558960353000001,0.01598958235753807,-23.94789239564487,8.011151974472929,0.003304755688180477,0.023718111778332395,0.0067698130635362765,0.0,0.0,0.0,1.0,8.867095766281434
4.608976773,0.016154541064892308,-23.946700487200278,8.011492662127186,0.0032935971388920794,0.02395822621582378,0.006857693103128486,0.0,0.0,0.0,1.0,8.865858178644949
4.658999865,0.016318942524717887,-23.945496573002274,8.011837743782875,0.0032824657870401206,0.02419834191421771,0.0069455731207762415,0.0,0.0,0.0,1.0,8.864607811435882
4.708849320000001,0.01648278999461606,-23.9442807034068,8.012187201177118,0.003271437503773674,0.024436442112693853,0.007032722645197359,0.0,0.0,0.0,1.0,8.86334471818446
4.759094313,0.01664608672458423,-23.943052928770236,8.01254101604702,0.003260436189845817,0.02467454355734758,0.0071198721471139315,0.0,0.0,0.0,1.0,8.862068952421698
4.80887619,0.016808835937017708,-23.941813299094225,8.012899170258274,0.003249536764631448,0.024910643688545668,0.007206296299251552,0.0,0.0,0.0,1.0,8.860780567301685
4.8590245460000006,0.016971040846761487,-23.940561864380854,8.013261645676561,0.0032386640822636556,0.02514674505135558,0.007292720428329196,0.0,0.0,0.0,1.0,8.859479615979293
4.9086506640000005,0.01713270464134068,-23.939298674279897,8.013628424295261,0.0032278921205594153,0.02538085919001319,0.007378424315760648,0.0,0.0,0.0,1.0,8.858166151235034
4.9589990340000005,0.01729383050078325,-23.938023778441565,8.013999488107743,0.0032171466768045756,0.025614974545874553,0.007464128179581318,0.0,0.0,0.0,1.0,8.856840225850188
5.008865315,0.01745442157807691,-23.936737226166176,8.014374819234202,0.0032065007973783,0.02584711667038965,0.007549116874815081,0.0,0.0,0.0,1.0,8.855501892234244
5.059082474,0.01761448101876502,-23.935439066754476,8.014754399794821,0.0031958812125881587,0.0260792599978566,0.0076341055458918495,0.0,0.0,0.0,1.0,8.854151202797448
5.108943175,0.017774011941627733,-23.934129349159715,8.015138212035737,0.003185360047400314,0.026309443990943024,0.007718384086607314,0.0,0.0,0.0,1.0,8.852788209580783
5.159148362000001,0.017933017458053317,-23.932808122335565,8.015526238203071,0.0031748649551083963,0.026539629172884095,0.007802662602624133,0.0,0.0,0.0,1.0,8.851412964625988
5.208926869,0.018091500652941336,-23.93147543489059,8.015918460668038,0.003164467149195907,0.026767868822222637,0.007886235991909733,0.0,0.0,0.0,1.0,8.85002551960807
5.259061002,0.01824946460385154,-23.930131335433764,8.01631486180184,0.0031540951960014178,0.026996109646471825,0.007969809355959567,0.0,0.0,0.0,1.0,8.848625926202766
5.308914219,0.018406912362126993,-23.928775872231313,8.01671542409991,0.0031438194073624645,0.027222418645356856,0.00805268256254928,0.0,0.0,0.0,1.0,8.847214235721587
5.358992323000001,0.01856384697182265,-23.927409093549876,8.017120130057666,0.0031335692528151587,0.02744872880536027,0.0081355557433706,0.0,0.0,0.0,1.0,8.845790499476776
5.409280357,0.018720271451046277,-23.926031047315696,8.017528962293907,0.0031234141522949385,0.027673120753341985,0.008217733701878829,0.0,0.0,0.0,1.0,8.844354768418837
5.458853251000001,0.018876188810668913,-23.924641781455417,8.017941903427417,0.0031132844687809585,0.027897513848800112,0.008299911634090504,0.0,0.0,0.0,1.0,8.842907093498988
5.508882689,0.019031602035881418,-23.92324134355762,8.018358936199512,0.003103248739958404,0.028120002252322425,0.008381399245245358,0.0,0.0,0.0,1.0,8.84144752530919
5.558990696,0.01918651410468894,-23.921829781211287,8.018780043351494,0.0030932382125870668,0.028342491789828027,0.008462886829579934,0.0,0.0,0.0,1.0,8.839976114442102
5.608973572,0.01934092796968101,-23.920407141669646,8.019205207746358,0.0030833205516625117,0.028563090062862118,0.008543688960454916,0.0,0.0,0.0,1.0,8.838492911133583
5.659006326,0.019494846576312123,-23.918973472186323,8.019634412247084,0.0030734278781540496,0.028783689456533798,0.008624491063990297,0.0,0.0,0.0,1.0,8.836997965620176
5.708911385,0.019648272844883276,-23.9175288196815,8.020067639837505,0.0030636269938378365,0.029002410921207384,0.00870461254823441,0.0,0.0,0.0,1.0,8.835491327784071
5.758837332000001,0.01980120968861075,-23.916073231075746,8.020504873501443,0.0030538508844120725,0.029221133493318865,0.008784734004623969,0.0,0.0,0.0,1.0,8.833973047508133
5.8089775050000005,0.019953659995817035,-23.914606752958466,8.020946096342744,0.0030441654978140904,0.029437991380541175,0.00886417964269024,0.0,0.0,0.0,1.0,8.83244317432329
5.858989456000001,0.020105626647789893,-23.913129431919455,8.021391291465239,0.0030345046750800513,0.02965485036214629,0.008943625252391344,0.0,0.0,0.0,1.0,8.83090175776114
5.908929733000001,0.020257112501180605,-23.911641314219608,8.021840442091962,0.0030249335196002023,0.029869857812228808,0.009022399811763797,0.0,0.0,0.0,1.0,8.829348847003743
5.958951303,0.02040812040565535,-23.910142446120208,8.022293531445934,0.0030153867184466525,0.030084866343782258,0.009101174342264786,0.0,0.0,0.0,1.0,8.82778449123383
6.008829179,0.02055865318649879,-23.908632873555895,8.022750542868554,0.0030059285396662355,0.03029803640705526,0.009179282557683867,0.0,0.0,0.0,1.0,8.826208739286981
6.05915771,0.02070871366205976,-23.90711264246169,8.023211459701212,0.0029964945071531313,0.030511207539029157,0.00925739074372946,0.0,0.0,0.0,1.0,8.824621639999439
6.1090206700000005,0.020858304626558178,-23.90558179844821,8.023676265402864,0.002987148062727133,0.030722553176454045,0.009334837317415906,0.0,0.0,0.0,1.0,8.823023241862664
6.159009553000001,0.02100742886732709,-23.904040387126447,8.024144943432455,0.0029778255579779853,0.030933899869950262,0.009412283861231096,0.0,0.0,0.0,1.0,8.82141359336877
6.208962712000001,0.021156089147820873,-23.90248845378521,8.02461747736569,0.00296858961752828,0.03114343395372775,0.009489073463108294,0.0,0.0,0.0,1.0,8.81979274266746
6.258626872000001,0.021304288224655667,-23.90092604371368,8.02509385077826,0.00295937741162342,0.03135296908108612,0.009565863034620682,0.0,0.0,0.0,1.0,8.818160737909059
6.308765308000001,0.02145202883081688,-23.899353201881077,8.025574047361816,0.0029502507566328607,0.0315607043952603,0.009642000302535493,0.0,0.0,0.0,1.0,8.816517626903844
6.358738412,0.021599313692499972,-23.89776997325697,8.026058050807999,0.002941147632503601,0.031768440740662686,0.009718137539596132,0.0,0.0,0.0,1.0,8.8148634574627
6.408982294,0.02174614551251533,-23.89617640249316,8.026545844923607,0.0029321290562110015,0.031974389981720974,0.009793627079538215,0.0,0.0,0.0,1.0,8.813198277058778
6.458930124,0.021892526986931345,-23.894572534241814,8.02703741351543,0.0029231338085346863,0.03218034024179125,0.009869116588140924,0.0,0.0,0.0,1.0,8.811522133165843
6.508944321,0.022038460788674705,-23.892958412839487,8.027532740504627,0.002914222115830683,0.03238451601926027,0.009943962974460561,0.0,0.0,0.0,1.0,8.809835072922231
6.558973123,0.022183949583977746,-23.891334082623104,8.028031809812346,0.002905333550926618,0.03258869280366018,0.010018809328959754,0.0,0.0,0.0,1.0,8.808137143466885
6.608894176000001,0.02232899601617222,-23.889699587616146,8.028534605473318,0.002896527558250407,0.03279110764069761,0.01009301710458418,0.0,0.0,0.0,1.0,8.806428391605612
6.658967146,0.022473602721942827,-23.88805497184245,8.029041111522266,0.002887744493976664,0.03299352347271867,0.010167224847911193,0.0,0.0,0.0,1.0,8.804708864144814
6.708875797,0.022617772315312583,-23.886400279014566,8.029551312106713,0.0028790430292136068,0.03319418980670105,0.010240798524559464,0.0,0.0,0.0,1.0,8.802978607560044
6.758952895,0.022761507403704424,-23.884735552845395,8.030065191374176,0.0028703642948646932,0.033394857123852324,0.010314372168437422,0.0,0.0,0.0,1.0,8.801237668327442
6.809725377,0.02290481057211628,-23.88306083673868,8.030582733584195,0.00286176619724478,0.0335937873069589,0.010387316226833788,0.0,0.0,0.0,1.0,8.79948609259455
6.858999004,0.023047684398992657,-23.88137617409851,8.031103922996305,0.002853190633450172,0.03379271846155087,0.01046026025199099,0.0,0.0,0.0,1.0,8.797723926509502
6.908830885,0.02319013144058754,-23.879681608021944,8.031628743981297,0.002844694753447339,0.033989924761343444,0.01053257914207684,0.0,0.0,0.0,1.0,8.795951215894082
6.958787786,0.02333215424664783,-23.87797718160638,8.032157180909952,0.002836221212070863,0.03418713202106789,0.010604897998458688,0.0,0.0,0.0,1.0,8.794168006570649
7.009042652000001,0.023473755344962207,-23.876262937644285,8.032689218263545,0.002827826411303157,0.034382626621066746,0.010676596139603027,0.0,0.0,0.0,1.0,8.792374344037457
7.059923411000001,0.023614937256858277,-23.874538918928465,8.033224840523342,0.0028194537553432202,0.03457812216957267,0.010748294246582513,0.0,0.0,0.0,1.0,8.790570273793314
7.108833007,0.023755702481935592,-23.87280516794889,8.033764032280345,0.0028111589064738025,0.0347719171698286,0.010819376027791011,0.0,0.0,0.0,1.0,8.788755841015151
7.158975606,0.023896053513378326,-23.871061727195862,8.034306778125544,0.00280288600996446,0.034965713107294266,0.01089045777437776,0.0,0.0,0.0,1.0,8.786931090880447
7.2088710890000005,0.024035992822870604,-23.869308638858918,8.034853062758911,0.0027946899966034403,0.03515782052495671,0.010960927554500363,0.0,0.0,0.0,1.0,8.785096068246999
7.259067592,0.02417552287572657,-23.86754594512793,8.035402870880409,0.0027865157445162965,0.03534992886865778,0.011031397299548256,0.0,0.0,0.0,1.0,8.783250817973148
7.308921892000001,0.0243146461159862,-23.865773687894066,8.035956187298233,0.002778417461123398,0.03554036063853909,0.011101259407485388,0.0,0.0,0.0,1.0,8.781395384599742
7.358774090000001,0.02445336498136457,-23.863991909048824,8.036512996820566,0.0027703407492703325,0.03573079332341291,0.011171121479898754,0.0,0.0,0.0,1.0,8.779529812668168
7.408905468,0.02459168188852639,-23.86220065018705,8.037073284363084,0.0027623391010583704,0.03591956129854879,0.011240380214806108,0.0,0.0,0.0,1.0,8.777654146404489
7.4590441300000005,0.02472959924785622,-23.860399952903904,8.037637034841447,0.0027543588359950823,0.03610833017775486,0.011309638913744513,0.0,0.0,0.0,1.0,8.775768430035297
7.508904521000001,0.024867119448909958,-23.85858985849994,8.038204233278073,0.002746452738834258,0.03629544612996102,0.011378298545236443,0.0,0.0,0.0,1.0,8.773872707474027
7.559051227,0.025004244875007832,-23.85677040827602,8.038774864695364,0.002738567837764623,0.03648256297543763,0.011446958140318087,0.0,0.0,0.0,1.0,8.771967022634623
7.608951889,0.025140977888861032,-23.85494164324042,8.039348914221742,0.0027307562180876243,0.036668038595862644,0.011515022908669605,0.0,0.0,0.0,1.0,8.770051419120035
7.659148232000001,0.02527732084698923,-23.853103604401724,8.039926366985616,0.0027229656087688573,0.03685351509887974,0.011583087640173321,0.0,0.0,0.0,1.0,8.768125940533709
7.709066255000001,0.02541327608552067,-23.851256332477927,8.040507208220689,0.0027152474034767564,0.03703736199855414,0.011650561756520716,0.0,0.0,0.0,1.0,8.76619063017021
7.759097387000001,0.025548845934435918,-23.849399868187334,8.041091423160648,0.002707550024125372,0.03722120977026246,0.011718035835586591,0.0,0.0,0.0,1.0,8.764245531324603
7.808949333,0.02568403270353967,-23.847534251959654,8.041678997143746,0.0026999241804943185,0.037403439480644125,0.011784923482126687,0.0,0.0,0.0,1.0,8.762290686985196
7.858991729,0.02581883869653251,-23.845659524224907,8.04226991550823,0.002692318979692885,0.037585670052620576,0.011851811090955308,0.0,0.0,0.0,1.0,8.760326140140783
7.909020563,0.02595326619715269,-23.843775725126488,8.04286416369619,0.002684784455281584,0.0377662940261364,0.011918116421143347,0.0,0.0,0.0,1.0,8.758351933475497
7.960138064000001,0.0260873174830776,-23.841882894808105,8.043461727149708,0.002677270391886264,0.03794691885092574,0.011984421713193697,0.0,0.0,0.0,1.0,8.756368109673957
8.008921924000001,0.026220994812233868,-23.839981073128804,8.044062591413997,0.002669826154444234,0.03812594846150963,0.012050148851939876,0.0,0.0,0.0,1.0,8.754374711118205
8.058775659,0.026354300436530205,-23.838070299947937,8.04466674203426,0.002662402197493103,0.03830497891316248,0.012115875952125866,0.0,0.0,0.0,1.0,8.752371780190755
8.10862696,0.026487236588334136,-23.836150614842154,8.045274164658125,0.0026550472248697077,0.03848242545678969,0.012181028995990535,0.0,0.0,0.0,1.0,8.750359358973627
8.159048385,0.026619805494037935,-23.834222057388406,8.045884844933209,0.0026477123534918473,0.03865987283139689,0.012246182000876201,0.0,0.0,0.0,1.0,8.748337489549309
8.208910384000001,0.026752009360700303,-23.83228466688288,8.046498768608851,0.0026404456335460966,0.03883574752661476,0.01231076501826372,0.0,0.0,0.0,1.0,8.746306213701846
8.258978276,0.026883850389447066,-23.83033848262206,8.04711592143438,0.0026331988368714543,0.039011623042838076,0.012375347996257084,0.0,0.0,0.0,1.0,8.74426557321574
8.308853198000001,0.027015330762276135,-23.82838354362359,8.047736289260142,0.002626019367382564,0.039185937031293125,0.01243936502760836,0.0,0.0,0.0,1.0,8.742215609579103
8.359004558,0.027146452655294636,-23.826419888905413,8.048359857936477,0.002618859644452574,0.03936025183089238,0.012503382019153962,0.0,0.0,0.0,1.0,8.740156364280498
8.409013436,0.027277218225685528,-23.824447557208536,8.048986613414051,0.002611766433031283,0.03953301617785383,0.012566837077137667,0.0,0.0,0.0,1.0,8.73808787851412
8.459755235000001,0.027407629624782767,-23.82246658727427,8.04961654164352,0.002604692792710242,0.03970578132621047,0.012630292094907791,0.0,0.0,0.0,1.0,8.736010193474618
8.508947114,0.02753768898519798,-23.82047701756889,8.050249628675177,0.0025976848567108753,0.03987700702109024,0.01269318916461028,0.0,0.0,0.0,1.0,8.733923350064284
8.558995021000001,0.027667398433735297,-23.818478886558964,8.050885860559305,0.0025906963175980654,0.040048233507727266,0.012756086193694867,0.0,0.0,0.0,1.0,8.73182738918586
8.608835252,0.027796760078676458,-23.81647223243792,8.051525223445138,0.002583772684031343,0.040217931464596395,0.012818429232808796,0.0,0.0,0.0,1.0,8.729722351451738
8.658974741,0.02792577602253692,-23.81445709339947,8.052167703481903,0.0025768682743738986,0.040387630203694874,0.012880772230904055,0.0,0.0,0.0,1.0,8.727608277474742
8.708900152,0.028054448349507825,-23.812433507366055,8.052813286917095,0.0025700279798204803,0.040555811261796484,0.012942565169915701,0.0,0.0,0.0,1.0,8.725485207579345
8.758970328,0.028182779138054965,-23.81040151226041,8.053461959998204,0.0025632067374269903,0.04072399309270846,0.013004358067511447,0.0,0.0,0.0,1.0,8.723353182090449
8.808630762,0.02831077044851602,-23.80836114573585,8.054113709070313,0.00255644882795175,0.04089066801696719,0.013065604809886765,0.0,0.0,0.0,1.0,8.721212241046572
8.858958456,0.028438424335543975,-23.806312445445986,8.054768520478495,0.0025497098001065915,0.04105734370472516,0.013126851510452458,0.0,0.0,0.0,1.0,8.719062424486662
8.908689961,0.02856574283585806,-23.80425544877686,8.055426380664752,0.0025430333311736173,0.041222523186253184,0.013187555932821851,0.0,0.0,0.0,1.0,8.716903772165244
8.958808498,0.028692727980533194,-23.80219019311479,8.056087276071073,0.0025363755745520123,0.04138770342207611,0.013248260312991379,0.0,0.0,0.0,1.0,8.71473632383726
9.008771991,0.028819381782903067,-23.80011671558038,8.056751193235709,0.0025297796109403255,0.04155139807867565,0.013308426265333215,0.0,0.0,0.0,1.0,8.712560118975185
9.058927804000001,0.028945706250697152,-23.7980350532945,8.057418118696896,0.002523202191524117,0.04171509348047151,0.013368592175088404,0.0,0.0,0.0,1.0,8.71037519705191
9.108894273,0.029071703374094426,-23.795945243114133,8.058088039088474,0.0025166858072441043,0.041877313857134044,0.013428223480911279,0.0,0.0,0.0,1.0,8.708181597259788
9.158794675000001,0.029197375137709466,-23.793847321896518,8.058760941044271,0.0025101878002382456,0.042039534969998994,0.013487854743764158,0.0,0.0,0.0,1.0,8.70597935879158
9.208955416,0.02932272350879527,-23.791741326236817,8.059436811293052,0.002503750078448799,0.04220029153940096,0.013546955200287907,0.0,0.0,0.0,1.0,8.703768520561441
9.2590722,0.02944775044908,-23.789627292730454,8.060115636563577,0.002497330568198549,0.04236104883611511,0.013606055613461721,0.0,0.0,0.0,1.0,8.701549121483918
9.308926621000001,0.02957245790311737,-23.78750525771257,8.06079740367889,0.0024909706011249054,0.04252035199911033,0.013664628991797198,0.0,0.0,0.0,1.0,8.699321200196872
9.358786222,0.029696847809975533,-23.785375257518567,8.061482099462028,0.002484628681033724,0.04267965588063012,0.013723202326406187,0.0,0.0,0.0,1.0,8.697084795338544
9.408866822,0.029820922091733586,-23.783237328225344,8.062169710829664,0.0024783455698860024,0.04283751596673881,0.013781252371733818,0.0,0.0,0.0,1.0,8.694839945272387
9.458992161000001,0.029944682665024064,-23.781091505910062,8.062860224698467,0.0024720803423341456,0.04299537676268609,0.013839302372961769,0.0,0.0,0.0,1.0,8.69258668836223
9.50888519,0.030068131429674076,-23.778937826393157,8.063553628078093,0.002465873197226574,0.0431518040305806,0.013896832804708877,0.0,0.0,0.0,1.0,8.690325062698994
9.559853334000001,0.03019127028010291,-23.776776325495316,8.064249907978196,0.0024596837734903723,0.04330823199972835,0.01395436319198645,0.0,0.0,0.0,1.0,8.688055106373977
9.608912023,0.03031410109410632,-23.77460703878227,8.064949051500783,0.0024535517133611982,0.04346323663771562,0.01401137770400338,0.0,0.0,0.0,1.0,8.685776857207438
9.658935432,0.030436625744110712,-23.77243000182,8.065651045747849,0.002447437213533025,0.04361824196847036,0.014068392171184234,0.0,0.0,0.0,1.0,8.683490353020003
9.708674941,0.030558846086099135,-23.770245249921267,8.066355877913114,0.002441379366065107,0.043771834094971006,0.014124894431919263,0.0,0.0,0.0,1.0,8.68119563136312
9.758963768000001,0.030680763970723505,-23.768052818399095,8.067063535190288,0.002435338918974022,0.04392542690585201,0.014181396647454965,0.0,0.0,0.0,1.0,8.678892729788611
9.809032026,0.030802381232370835,-23.765852742315023,8.067774004864166,0.0024293544205160923,0.044077616569876264,0.014237390300128026,0.0,0.0,0.0,1.0,8.676581685580945
9.858999271,0.030923699700134963,-23.763645056730837,8.06848727421954,0.0024233871636491597,0.0442298069099914,0.014293383907241775,0.0,0.0,0.0,1.0,8.674262536024969
9.908996209000001,0.03104472118702161,-23.761429796458586,8.069203330631662,0.0024174751591377556,0.044380604091611764,0.014348872570016985,0.0,0.0,0.0,1.0,8.671935318140022
9.959025874,0.031165447500781002,-23.759206996310546,8.069922161475777,0.002411580238562029,0.0445314019411302,0.014404361186876146,0.0,0.0,0.0,1.0,8.669600068945794
10.00902714,0.03128588043325035,-23.756976690850973,8.070643754216967,0.002405739881444087,0.04468081655195088,0.014459348453033172,0.0,0.0,0.0,1.0,8.667256825198303
10.05895182,0.031406021771048794,-23.754738914644356,8.071368096320308,0.002399916451729256,0.044830231822572536,0.014514335672920627,0.0,0.0,0.0,1.0,8.66490562365391
10.108990201000001,0.031525873285055926,-23.752493702008856,8.0720951753401,0.0023941469038853626,0.04497827370619572,0.014568825111024858,0.0,0.0,0.0,1.0,8.66254650080711
10.158973715,0.03164543674097042,-23.75024108726287,8.072824978830633,0.002388394128027058,0.045126316241617545,0.014623314502509194,0.0,0.0,0.0,1.0,8.660179493152741
10.208838099000001,0.031764713888923206,-23.747981104480164,8.073557494434805,0.0023826945596953524,0.04527299517410649,0.014677309656580768,0.0,0.0,0.0,1.0,8.657804636925567
10.2590012,0.031883706473901215,-23.74571378773473,8.074292709795508,0.0023770116090391005,0.045419674750485556,0.0147313047636853,0.0,0.0,0.0,1.0,8.655421968360693
10.308795100000001,0.03200241622549379,-23.743439170857602,8.07503061264363,0.002371381198739824,0.04556500044082455,0.014784809153366968,0.0,0.0,0.0,1.0,8.653031523434931
10.359087637,0.03212084486818295,-23.741157287680046,8.075771190710055,0.0023657672529056473,0.045710326767238026,0.014838313495737597,0.0,0.0,0.0,1.0,8.650633338125425
10.408863866,0.03223899411122168,-23.738868171792042,8.076514431813058,0.0023602051873663336,0.0458543088577892,0.014891330616461444,0.0,0.0,0.0,1.0,8.648227448152811
10.458842873,0.03235686565879203,-23.736571856783794,8.077260323770906,0.0023546594341739935,0.04599829157669115,0.014944347689533387,0.0,0.0,0.0,1.0,8.645813889238045
10.508928427,0.032474461200013995,-23.734268376005875,8.078008854488662,0.002349164908255293,0.046140939643648196,0.014996881012686413,0.0,0.0,0.0,1.0,8.643392696847332
10.559015894,0.03259178241897279,-23.731957762809085,8.078760011871376,0.002343686543650167,0.046283588331323365,0.015049414287849776,0.0,0.0,0.0,1.0,8.6409639064472
10.608958767,0.0327088309848569,-23.72964005030623,8.079513783910297,0.0023382587602723054,0.046424911885162214,0.015101467260938342,0.0,0.0,0.0,1.0,8.63852755325116
10.659028883000001,0.03282560856185598,-23.727315271610347,8.080270158596665,0.0023328469882518956,0.046566236052176635,0.015153520185702572,0.0,0.0,0.0,1.0,8.636083672473058
10.708898387000001,0.03294211679942673,-23.724983459598118,8.081029124007323,0.0023274851583217544,0.046706244538102994,0.015205096232515727,0.0,0.0,0.0,1.0,8.633632299075455
10.759035331000002,0.03305835734206267,-23.722644647146442,8.081790668219105,0.002322139190862819,0.046846253629751596,0.015256672230672936,0.0,0.0,0.0,1.0,8.631173468021231
10.808958359,0.033174331819686625,-23.72029886689749,8.082554779393861,0.0023168425332016395,0.046984956428145506,0.01530777475144463,0.0,0.0,0.0,1.0,8.628707214023715
10.859292164000001,0.03329004185729363,-23.717946151493653,8.083321445693432,0.0023115615901879473,0.04712365982489665,0.015358877223231808,0.0,0.0,0.0,1.0,8.626233571796552
10.908698347000001,0.033405489065468696,-23.715586533344204,8.084090655364088,0.0023063293314596477,0.04726106625175401,0.015409509594801985,0.0,0.0,0.0,1.0,8.62375257580555
10.958694288,0.03352067504990425,-23.713220044858627,8.08486239665209,0.0023011126406103444,0.04739847326969103,0.015460141917062098,0.0,0.0,0.0,1.0,8.621264260516817
11.009441793,0.03363560140204181,-23.710846718214896,8.08563665788755,0.0022959440152504475,0.04753459257706212,0.015510307493036704,0.0,0.0,0.0,1.0,8.618768660150335
11.058998541000001,0.03375026970846527,-23.70846658559119,8.086413427400567,0.0022907908120490352,0.047670712468321844,0.015560473019378695,0.0,0.0,0.0,1.0,8.616265808926379
11.108870153000002,0.03386468154166523,-23.70607967893577,8.087192693604516,0.0022856850621942025,0.04780555384474685,0.015610175130288582,0.0,0.0,0.0,1.0,8.613755740820785
11.158986026000001,0.03397883846930934,-23.7036860301971,8.087974444912764,0.0022805945898181214,0.04794039579795514,0.015659877191246282,0.0,0.0,0.0,1.0,8.611238489809685
11.208965989000001,0.0340927420451281,-23.701285671095306,8.088758669821372,0.002275550965236287,0.048073968368896755,0.015709119144705033,0.0,0.0,0.0,1.0,8.608714089626442
11.259037965000001,0.034206393818063514,-23.698878633350713,8.089545356826397,0.0022705224744870986,0.04820754150960114,0.015758361047894975,0.0,0.0,0.0,1.0,8.606182574004716
11.308829396,0.03431979532327504,-23.696464948456875,8.090334494506024,0.0022655402325081975,0.048339854337874195,0.01580714612875564,0.0,0.0,0.0,1.0,8.603643976437063
11.358976263,0.034432948091167884,-23.694044647907546,8.09112607143843,0.002260572981742363,0.04847216772897347,0.01585593115903381,0.0,0.0,0.0,1.0,8.60109833041633
11.408902201,0.03454585363851783,-23.691617762971262,8.091920076283355,0.0022556513871896523,0.048603229815171685,0.015904262629544585,0.0,0.0,0.0,1.0,8.598545669195913
11.459094368,0.0346585134773804,-23.689184324916763,8.092716497700534,0.0022507446422499002,0.048734292457342676,0.015952594049162095,0.0,0.0,0.0,1.0,8.5959860260295
11.509047234,0.03477092910633337,-23.686744364789114,8.093515324430705,0.0022458829673718634,0.04886411274026246,0.016000475149120928,0.0,0.0,0.0,1.0,8.593419433932972
11.559062529,0.03488310201926801,-23.684297913633582,8.094316545214593,0.002241036001519144,0.04899393357238386,0.01604835619787862,0.0,0.0,0.0,1.0,8.590845925922498
11.609068148,0.03499503369674806,-23.6818450022733,8.095120148873374,0.0022362335259219776,0.04912252092944527,0.01609579014478676,0.0,0.0,0.0,1.0,8.588265534778067
11.659057488,0.03510672561468426,-23.679385661531594,8.095926124228214,0.002231445619767996,0.04925110882901858,0.016143224040188756,0.0,0.0,0.0,1.0,8.585678293279958
11.709001608000001,0.035218179235808625,-23.676919922011187,8.09673446018017,0.0022267016303486736,0.0493784720766834,0.01619021402940327,0.0,0.0,0.0,1.0,8.583084233973894
11.758992871,0.035329396018233455,-23.674447814314995,8.09754514563029,0.0022219720717890005,0.04950583586025104,0.016237203966809482,0.0,0.0,0.0,1.0,8.580483389405874
11.808870654000001,0.035440377407039654,-23.671969368826836,8.098358169558969,0.002217285862668905,0.04963198375443807,0.016283753171694695,0.0,0.0,0.0,1.0,8.577875791888957
11.859043542,0.03555112484272148,-23.669484615930728,8.099173520946591,0.002212613946816659,0.049758132177998626,0.016330302324472284,0.0,0.0,0.0,1.0,8.575261473736475
11.908959928000002,0.03566163975288773,-23.666993585793097,8.099991188852334,0.0022079848192757844,0.04988307341449605,0.016376413896550226,0.0,0.0,0.0,1.0,8.572640467030421
11.958857461000001,0.03577192356059341,-23.664496308580564,8.100811162335372,0.002203369848395878,0.0500080151739167,0.01642252541622403,0.0,0.0,0.0,1.0,8.570012803853059
12.008879063,0.03588197767615256,-23.66199281424365,8.10163343053313,0.0021987971108075933,0.050131758388791754,0.016468202485323817,0.0,0.0,0.0,1.0,8.567378516056891
12.059090139,0.03599180350535804,-23.659483132733072,8.102457982583026,0.0021942383942515427,0.05025550212021794,0.016513879501725746,0.0,0.0,0.0,1.0,8.564737635494698
12.108883789,0.03610140244140492,-23.65696729378494,8.103284807700193,0.002189721362017911,0.050378055890223726,0.01655912517613197,0.0,0.0,0.0,1.0,8.562090193791079
12.158858569000001,0.036210775872999416,-23.654445327135548,8.104113895099756,0.0021852182161592043,0.050500610170485946,0.016604370797549388,0.0,0.0,0.0,1.0,8.559436222570895
12.208954562,0.03631992517639175,-23.651917262308054,8.10494523407402,0.0021807562116468566,0.050621983013465544,0.016649188164149478,0.0,0.0,0.0,1.0,8.556775753232404
12.258710496,0.03642885172337547,-23.6493831288258,8.105778813915283,0.0021763079598168715,0.05074335636048349,0.01669400547747256,0.0,0.0,0.0,1.0,8.554108817174114
12.308993979,0.036537556873428474,-23.646842956000473,8.10661462399249,0.00217190031229343,0.05086355673577126,0.016738397601903134,0.0,0.0,0.0,1.0,8.551435445569496
12.358575836,0.03664604198160395,-23.644296773143925,8.10745265367458,0.0021675062847179025,0.05098375760895512,0.016782789672771234,0.0,0.0,0.0,1.0,8.548755669592259
12.408751119000001,0.03675430839077846,-23.641744609357808,8.108292892406611,0.002163152330288945,0.05110279391777533,0.016826759599563465,0.0,0.0,0.0,1.0,8.546069520192626
12.458897811,0.03686235743943559,-23.63918649374395,8.109135329633638,0.0021588118640249797,0.05122183071842442,0.016870729472510462,0.0,0.0,0.0,1.0,8.543377028321055
12.509102185000001,0.03697019045402,-23.636622455195408,8.109979954876307,0.0021545109455715456,0.051339711304287126,0.016914280225234432,0.0,0.0,0.0,1.0,8.540678224706044
12.558994078000001,0.037077808756614865,-23.634052522605423,8.110826757655259,0.0021502233844451664,0.0514575923759858,0.016957830923833104,0.0,0.0,0.0,1.0,8.537973140076337
12.609003028,0.03718521365740079,-23.631476724659898,8.111675727566212,0.0021459748515617974,0.051574325525080074,0.01700096550524119,0.0,0.0,0.0,1.0,8.535261804940236
12.658987805,0.03729240646222817,-23.628895090044914,8.112526854204877,0.0021417395461060325,0.05169105915409094,0.017044100032246587,0.0,0.0,0.0,1.0,8.532544249806277
12.708879929,0.037399388465179914,-23.626307647240647,8.11338012724152,0.002137542755039343,0.051806653095675385,0.01708682142441585,0.0,0.0,0.0,1.0,8.529820504964084
12.758932776,0.03750616095603977,-23.623714424727446,8.114235536346406,0.002133359062432841,0.05192224751132982,0.01712954276190769,0.0,0.0,0.0,1.0,8.527090600703506
12.80889338,0.03761272521295773,-23.621115450781165,8.115093071263843,0.0021292133760206166,0.05203671041812048,0.017171853926381313,0.0,0.0,0.0,1.0,8.524354567096976
12.859019490000001,0.037719082509815476,-23.61851075367783,8.115952721738129,0.0021250806600267855,0.05215117379320656,0.01721416503590541,0.0,0.0,0.0,1.0,8.521612434217161
12.908812635,0.03782523410899338,-23.615900361490386,8.116814477587102,0.0021209854476376007,0.05226451378176214,0.017256068913833147,0.0,0.0,0.0,1.0,8.5188642319208
12.958993653,0.03793118126863417,-23.613284302291945,8.117678328628593,0.0021169030785442747,0.052377854232909866,0.017297972736541874,0.0,0.0,0.0,1.0,8.516109990064862
