method,time,rx,ry,rz,vx,vy,vz,ax,ay,az
safe_graph_adp,2.0,-0.03447261525853253,-35.011330703590474,9.994049718621962,-0.034481185883809905,-0.011304696358965945,-0.005950278839269515,-0.017227729642556287,-0.005691349346849239,-0.002962342053354699
safe_graph_adp,4.0,-0.13640141197865058,-35.04455260941269,9.976468926571512,-0.06745572697098048,-0.021892338609713444,-0.011630505710099378,-0.016449377415010787,-0.005409139967025587,-0.0028273311865207873
safe_graph_adp,6.0,-0.3027683538373497,-35.09824548410348,9.947797786050149,-0.09891888313645278,-0.03177680518072003,-0.017040622578336634,-0.015670008691341043,-0.00513045529578547,-0.002692305843864761
safe_graph_adp,8.0,-0.530545971892119,-35.171016881718245,9.90857657256213,-0.1288659618967295,-0.04097200502614991,-0.022180574175428167,-0.014889627461883614,-0.004855299924221056,-0.0025572667167109496
safe_graph_adp,10.0,-0.8166974599399979,-35.26150220453049,9.859345669382835,-0.1572923184857402,-0.04949187737394209,-0.02705030799884484,-0.014108237722159057,-0.004583678425354636,-0.002422214496454262
safe_graph_adp,12.0,-1.1581767700279135,-35.3683647633271,9.800645562026322,-0.18419335593025757,-0.05735039147350939,-0.03164977431248436,-0.013325843472851453,-0.0043155953541152165,-0.0022871498745566394
safe_graph_adp,14.0,-1.5519287081134023,-35.4902958371987,9.733016832712085,-0.20956452512486412,-0.06456154634305052,-0.03597892614705295,-0.012542448719787925,-0.004051055247315199,-0.0021520735425435227
safe_graph_adp,16.0,-1.9948890298748148,-35.62601473282417,9.657000154831078,-0.23340132490646892,-0.07113937051647747,-0.040037719300425684,-0.011758057473918152,-0.0037900626236271437,-0.002016986192000305
safe_graph_adp,18.0,-2.4839845366701017,-35.774268843248684,9.573136287411028,-0.2556993021283732,-0.07709792178996042,-0.04382611233798569,-0.010972673751293805,-0.0035326219835606462,-0.0018818885145687968
safe_graph_adp,20.0,-3.0161331716432827,-35.93383370615447,9.481966069581112,-0.2764540517338848,-0.08245128696809242,-0.047344066592942,-0.010186301573048005,-0.0032787378094392824,-0.0017467812019436807
safe_graph_adp,22.0,-3.5882441159776883,-36.10351306162347,9.384030415035992,-0.2956612168294803,-0.08721358160967604,-0.0505915461666262,-0.009398944965374715,-0.00302841456537767,-0.00161166494586897
safe_graph_adp,24.0,-4.1972178852950774,-36.282138909391215,9.2798703064993,-0.3133164887575144,-0.09139894977313424,-0.05356851792876781,-0.008610607959508142,-0.002781656697258607,-0.001476540438134468
safe_graph_adp,26.0,-4.839946426199718,-36.468571565591205,9.170026790186583,-0.3294156071684761,-0.0950215637615477,-0.0562749515177484,-0.007821294591702093,-0.002538468632710308,-0.0013414083705722288
safe_graph_adp,28.0,-5.513313212966524,-36.6616997189889,9.055040970267768,-0.343954360092791,-0.09809562386732085,-0.05871081934083447,-0.007031008903209308,-0.0022988547810837384,-0.0012062694350530086
safe_graph_adp,30.0,-6.214193344372349,-36.860440486704725,8.935454003329172,-0.3569285840121684,-0.10063535811647879,-0.06087609657438901,-0.006239754940260771,-0.0020628195334300367,-0.0010711243234827312
safe_graph_adp,32.0,-6.939453640669513,-37.06373946942533,8.811807092835119,-0.368334163930494,-0.10265502201259753,-0.0627707611640619,-0.005447536754044989,-0.001830367262478033,-0.0009359737277989393
safe_graph_adp,34.0,-7.68595274070066,-37.270570806102256,8.684641483589196,-0.37816703344426594,-0.10416889828036949,-0.06439479382495891,-0.004654358400687263,-0.0016015023226118588,-0.000800818339967254
safe_graph_adp,36.0,-8.450541199154033,-37.479937228137466,8.55449845619519,-0.386423174812575,-0.1051912966088068,-0.0657481780417896,-0.003860223941228899,-0.0013762290498486565,-0.0006656588519778329
safe_graph_adp,38.0,-9.230061583958252,-37.690870113054864,8.421919321517754,-0.39309861902662735,-0.1057365533940845,-0.06683090006899377,-0.0030651374416064293,-0.0011545517618163767,-0.000530495955841826
safe_graph_adp,40.0,-10.021348573815677,-37.90242953765716,8.28744541514283,-0.3981894458788099,-0.10581903148202597,-0.06764294893084678,-0.002269102972630809,-0.0009364747577316724,-0.0003953303435878328
safe_graph_adp,42.0,-10.821229055873449,-38.11370433066736,8.151618091837904,-0.401691784031297,-0.10545311991023279,-0.06818431642154359,-0.0014721246099665347,-0.000722002318377887,-0.00026016270725835863
safe_graph_adp,44.0,-11.62652222353128,-38.323812124854115,8.01497872001209,-0.40360181108419874,-0.10465323364986134,-0.06845499710526141,-0.000674206434110824,-0.0005111387060831379,-0.000124993738906272
safe_graph_adp,46.0,-12.434039674385085,-38.53189940864035,7.878068676176134,-0.40391575364324916,-0.10343381334704839,-0.06845498831620128,0.00012464746962732463,-0.00030388816469849365,1.0175869408736698e-05
safe_graph_adp,48.0,-13.240585508305525,-38.73714157719433,7.741429339402331,-0.402629887387035,-0.10180932506398792,-0.06818429015860819,0.0009244330111480017,-0.00010025491957624299,0.00014534542562370323
safe_graph_adp,50.0,-14.042956425650553,-38.938742983002555,7.605602085784446,-0.3997405371337634,-0.09979426001966155,-0.06764290550677005,0.0017251460955813574,9.975682245173584e-05,0.00028051423767592835
safe_graph_adp,52.0,-14.837941825611031,-39.13593698592378,7.471128282897642,-0.3952440769075686,-0.09740313433022471,-0.06683084000499533,0.002526782623308564,0.00029614287309551505,0.00041568161350652314
safe_graph_adp,54.0,-15.622323904688496,-39.32798600272345,7.338549284258482,-0.3891369300043564,-0.09465048874905094,-0.0657481020675695,0.003329338489982788,0.0004888990626285618,0.0005508468610639526
safe_graph_adp,56.0,-16.39287775530416,-39.51418155608789,7.208406423785038,-0.38141556905718677,-0.0915508884064365,-0.06439470287869009,0.004132809586550241,0.0006780212399090851,0.0006860092883075783
safe_graph_adp,58.0,-17.146371464538202,-39.693844323117574,7.081241010257151,-0.3720765161011931,-0.08811892254896778,-0.06277065639238061,0.004937191799271168,0.0008635052724012912,0.0008211682032112015
safe_graph_adp,60.0,-17.879566212998448,-39.86632418329877,6.957594321776882,-0.3611163426380379,-0.0843692042785534,-0.06087597933238309,0.005742481009740952,0.0010453470461965417,0.0009563229137666061
safe_graph_adp,62.0,-18.589216373817486,-40.031000265952954,6.8380076002292025,-0.34853166969990446,-0.08031637029112386,-0.05871069119202945,0.00654867309491118,0.0012235424660344174,0.0010914727279871025
safe_graph_adp,64.0,-19.272069611777304,-40.187280997163256,6.723022045742964,-0.334319167913024,-0.07597508061500038,-0.05627481423409151,0.007355763927110755,0.0013980874553236827,0.0012266169539110708
safe_graph_adp,66.0,-19.92486698256053,-40.334604146177334,6.613178811152185,-0.3184755575607372,-0.07136001834893588,-0.05356837349060982,0.008163749374067036,0.0015689779561631621,0.001361754899605502
safe_graph_adp,68.0,-20.544343032127298,-40.472436871286,6.509018996457703,-0.3009976086460901,-0.06648588939982979,-0.05059139676270116,0.008972625298926984,0.0017362099293625124,0.0014968858731695418
safe_graph_adp,70.0,-21.127225896216874,-40.60027576517695,6.411083643289236,-0.2818821409539637,-0.06136742222011951,-0.04734391462034483,0.009782387560278353,0.001899779354462906,0.0016320091827380333
safe_graph_adp,72.0,-21.670237399973054,-40.71764689976296,6.319913729367887,-0.26112602411273644,-0.05601936754485044,-0.04382596040214764,0.01059303201217089,0.002059682229757614,0.0017671241364850588
safe_graph_adp,74.0,-22.170093157692424,-40.82410587048389,6.236050162969145,-0.23872617765547957,-0.05045649812842712,-0.04003757021508764,0.011404554504137559,0.0022159145723124963,0.0019022300426274814
safe_graph_adp,76.0,-22.62350267269455,-40.91923784008189,6.1600337773864196,-0.21467957108068403,-0.044693608481047635,-0.03597878293423664,0.012216950881215799,0.0023684724179863907,0.002037326209428489
safe_graph_adp,78.0,-23.027169437313134,-41.00265758184916,6.092405325395143,-0.1889832239125192,-0.038745514604823776,-0.03164964020246143,0.013030216983968787,0.0025173518214514135,0.0021724119452011335
safe_graph_adp,80.0,-23.377791033007245,-41.0740095223476,6.033705473717506,-0.16163420576062232,-0.03262705372958906,-0.027050186430103734,0.013844348648506742,0.0026625488562131566,0.0023074865583118734
safe_graph_adp,82.0,-23.67205923059164,-41.132967783599845,5.984474797487842,-0.13262963637941833,-0.02635308404839707,-0.02218046879463897,0.014659341706508238,0.002804059614630792,0.002442549357184114
safe_graph_adp,84.0,-23.90666009058526,-41.1792362247509,5.945253774718719,-0.10196668572696957,-0.019938484452712416,-0.017040537240313704,0.015475191985241558,0.0029418802079370777,0.0025775996503017507
safe_graph_adp,86.0,-24.078274063676954,-41.21254848319991,5.916582780767784,-0.06964257402335483,-0.013398154267296587,-0.011630444477761886,0.016291895307586037,0.003076006766258271,0.002712636746212707
safe_graph_adp,88.0,-24.183576091307497,-41.23266801520138,5.899002082805385,-0.03565457180857718,-0.006747012984791064,-0.005950245983599839,0.017109447492053474,0.003206435438633937,0.002847659953532476
safe_graph_adp,90.0,-24.21923570636694,-41.239388135935236,5.8930518342830345,-6.938893903907228e-18,8.673617379884035e-19,5.204170427930421e-18,0.01792784435280952,0.0033331623930366707,0.0029826685809476584
safe_graph_adp,92.0,-24.21951147761232,-41.223876488146125,5.885091574828841,-0.00026407187909350296,0.015511846963751404,-0.00796025605784034,-5.658376490523206e-05,0.007755611483484657,-0.003972588374881012
safe_graph_adp,94.0,-24.22021147020486,-41.178044013439546,5.861572069512459,-0.0004247520822849214,0.030320748934901023,-0.015559239223628868,-3.9189959815698404e-05,0.007403659037297833,-0.003791972152826049
safe_graph_adp,96.0,-24.22113527265661,-41.10329721030334,5.823215942162254,-0.000488412672234882,0.04442610221691475,-0.022796871761419882,-2.338968043639274e-05,0.007051631481718432,-0.003611336516025971
safe_graph_adp,98.0,-24.22209521892696,-41.00104374135656,5.770745968378757,-0.0004614270173077967,0.057827346376073764,-0.029673079635061217,-9.183007664111597e-06,0.006699536028379978,-0.003430682389327978
safe_graph_adp,100.0,-24.22291639091982,-40.87269234681745,5.704885068134501,-0.00035016967734852823,0.07052396424782024,-0.03618779250876264,3.4299857635516212e-06,0.006347379889263635,-0.0032500106976739458
safe_graph_adp,102.0,-24.223436620752366,-40.719652757959274,5.626356298372754,-0.00016101628944922952,0.08251548194251229,-0.04234094374763582,1.4449235268576685e-05,0.005995170276661267,-0.0030693223660956765
safe_graph_adp,104.0,-24.223506492795284,-40.543335610555204,5.535882845605207,9.965654629264287e-05,0.0938014688505881,-0.04813247041820591,2.3874684432848947e-05,0.005642914403138529,-0.0028886183197101723
safe_graph_adp,106.0,-24.222989345484525,-40.34515235831354,5.434188018508652,0.00042547138102413365,0.10438153764713914,-0.05356231328889466,3.1706284998447853e-05,0.0052906194814979195,-0.0027078994837148934
safe_graph_adp,108.0,-24.221761272904576,-40.12651518630431,5.321995240520738,0.0008100500313934051,0.11425534429589256,-0.05863041683047513,3.794399686789186e-05,0.004938292724741873,-0.002527166783383018
safe_graph_adp,110.0,-24.21971112614318,-39.88883692437853,5.200028042434833,0.0012470136938121765,0.12342258805260248,-0.06333672921649798,4.2587788104347804e-05,0.00458594134603581,-0.0023464211440587177
safe_graph_adp,112.0,-24.216740514417562,-39.63353096058126,5.069010054994075,0.0017299830587229651,0.13188301146785053,-0.0676812023236893,4.5637634931790694e-05,0.0042335725586712175,-0.0021656634911524017
safe_graph_adp,114.0,-24.212763805972074,-39.36201115455967,4.929665001484641,0.0022525784248701394,0.13963640038925523,-0.07166379173232,4.7093521735126894e-05,0.0038811935760287167,-0.001984894750135996
safe_graph_adp,116.0,-24.20770812874733,-39.075691750967216,4.782716690328319,0.0028084198135737777,0.1466825839630905,-0.07528445672654685,4.6955441060275e-05,0.003528811611541122,-0.0018041158465381922
safe_graph_adp,118.0,-24.201513370820788,-38.775987292865274,4.628889007674416,0.0033911270830053277,0.15302143463531298,-0.0785431602947249,4.522339361420237e-05,0.0031764338786565236,-0.0016233277059397163
safe_graph_adp,120.0,-24.19413218061875,-38.46431253512321,4.468905909991078,0.0039943200424640635,0.15865286815199856,-0.08143986912969164,4.189738826492189e-05,0.002824067590801337,-0.001442531253968587
safe_graph_adp,122.0,-24.18552996689985,-38.14208235781824,4.303491416656066,0.004611618566653342,0.16357684355918772,-0.08397455362902265,3.697744204144793e-05,0.002471719961343385,-0.0012617274162953756
safe_graph_adp,124.0,-24.17568489850995,-37.81071167963612,4.133369602547046,0.005236642709955651,0.16779336320213994,-0.0861471878952587,3.046358013370713e-05,0.0021193982035549556,-0.0010809171186284706
safe_graph_adp,126.0,-24.164587903908533,-37.47161537127401,3.95926459063146,0.00586301282070545,0.171302472723997,-0.08795774973610461,2.2355835892411385e-05,0.001767109530575883,-0.0009001012867093337
safe_graph_adp,128.0,-24.152242670466507,-37.1262081688465,3.7819005445560228,0.006484349655458789,0.17410426106385551,-0.08940622066459947,1.2654250828885133e-05,0.0014148611553766019,-0.0007192808463077601
safe_graph_adp,130.0,-24.138665643535507,-36.775904587296175,3.6020016612359096,0.007094274493258728,0.17619886045424815,-0.0904925858992585,1.358874614854305e-06,0.001062660290721224,-0.0005384567232171438
safe_graph_adp,132.0,-24.123886025288662,-36.42211883380973,3.420292163443687,0.007686409249895523,0.17758644641803423,-0.09121683436418646,-1.1530234917808398e-05,0.0007105141491306141,-0.0003576298432497321
safe_graph_adp,134.0,-24.107945773332833,-36.06626472124098,3.2374962923980446,0.008254376592160597,0.17826723776469916,-0.09157895868916252,-2.601301177738004e-05,0.00035842994284544734,-0.0001768011322318859
safe_graph_adp,136.0,-24.090899599092378,-35.709755581541735,3.0543383003523883,0.008791800052093294,0.1782414965860632,-0.09157895520969686,-4.2089381812624685e-05,6.4148837893059125e-06,4.028484000655197e-06
safe_graph_adp,138.0,-24.072814965964405,-35.35400417920201,2.871542443183346,0.009292304141219392,0.1775095282513991,-0.09121682396705862,-5.975926271317375e-05,-0.0003455238164682731,0.00018485807960751978
safe_graph_adp,140.0,-24.053772087245576,-35.000422624700455,2.689832972979246,0.009749514464780397,0.17607168140195922,-0.09049256870827548,-7.902256400994638e-05,-0.0006973789467486936,0.00036568672874844185
safe_graph_adp,142.0,-24.03386392383045,-34.6504222879664,2.509934130628629,0.010157057835952606,0.17392834794491172,-0.0894061968861048,-9.987918707561366e-05,-0.001049143296301246,0.0005465135055880009
safe_graph_adp,144.0,-24.0131961816814,-34.30541371185456,2.332570138408839,0.01050856239005493,0.17107996304668596,-0.0879577196589763,-0.00012232902512510335,-0.0014008096548400052,0.0007273374843003613
safe_graph_adp,146.0,-23.991887309070147,-33.96680652563372,2.158465192574763,0.01079765769874448,0.1675270051257276,-0.08614715189090624,-0.00014637196321614637,-0.00175237081258076,0.0009081577390740165
safe_graph_adp,148.0,-23.970068493590876,-33.6360093584904,1.9883434559477693,0.011017974884198922,0.16326999584466267,-0.08397451215138327,-0.0001720078782498652,-0.002103819560277922,0.0010889733441165235
safe_graph_adp,150.0,-23.94788365894504,-33.314429753048856,1.822929050504902,0.011163146733284585,0.15830950010187145,-0.08143982271522562,-0.0001992366389714047,-0.002455148689261441,0.0012697833736592468
safe_graph_adp,152.0,-23.925489461497833,-33.003474078908525,1.6629460499683892,0.01122680781170932,0.1526461260224717,-0.07854310956241006,-0.0002280581059706035,-0.0028063509914737082,0.0014505869019620977
safe_graph_adp,154.0,-23.903055286606342,-32.70454744620004,1.509118472395523,0.01120259457815913,0.14628052494871177,-0.07528440237787226,-0.0002584721316827082,-0.003157419259506459,0.0016313830033182729
safe_graph_adp,156.0,-23.880763244719496,-32.41905361916108,1.3621702727689668,0.011084145498417537,0.13921339142977304,-0.07166373455127877,-0.00029047856038912865,-0.003508346286637685,0.001812170752058996
safe_graph_adp,158.0,-23.858808167249755,-32.14839492973324,1.2228253355875456,0.010865101159466704,0.13144546321098258,-0.06768114317677051,-0.00032407722821823563,-0.0038591248668685164,0.001992949222558253
safe_graph_adp,160.0,-23.837397602216626,-31.893972191180985,1.0918074674575802,0.010539104383569312,0.1229775212224354,-0.06333666905267792,-0.00035926796314619916,-0.004209747794960136,0.002173717489237538
safe_graph_adp,162.0,-23.81675180966204,-31.657184611734024,0.9698403896848182,0.01009980034233018,0.11381038956702683,-0.05863035668120748,-0.0003960505849978699,-0.004560207866470653,0.0023544746265705854
safe_graph_adp,164.0,-23.79710375683763,-31.439429708254178,0.8576477308670204,0.009540836670736635,0.10394493550789498,-0.05356225426809999,-0.0004344249054477013,-0.004910497877791998,0.002535219709088112
safe_graph_adp,166.0,-23.778699113163928,-31.242103219927944,0.755953019487259,0.00885586358117662,0.09338206945527334,-0.048132413722260244,-0.000474390728020714,-0.005260610626186799,0.0027159518113825548
safe_graph_adp,168.0,-23.761796244961587,-31.066599021985976,0.6654796765079857,0.008038533977433553,0.08212274495275379,-0.0423408906553584,-0.0005159478480935017,-0.00561053890982527,0.0028966700081128087
safe_graph_adp,170.0,-23.746666209954597,-30.91430903945059,0.5869510079659243,0.007082503568656934,0.0701679586629599,-0.03618774438140283,-0.0005590960528952786,-0.005960275527822071,0.0030773733740089657
safe_graph_adp,172.0,-23.733592751545615,-30.786623160912534,0.5210901975678472,0.0059814309833076795,0.057518750352630946,-0.029673037916284565,-0.0006038351215089693,-0.006309813280273184,0.0032580609838770507
safe_graph_adp,174.0,-23.72287229286341,-30.684929152338185,0.4686202992872909,0.004728977883077216,0.044176202877116474,-0.022796837977293337,-0.0006501648248723394,-0.006659144968292779,0.0034387319126037577
safe_graph_adp,176.0,-23.71481393058252,-30.61061257090833,0.43026422996226715,0.003318809076779304,0.03014144216428172,-0.015559214982605154,-0.0006980849257791686,-0.00700826339405006,0.0036193852351611875
safe_graph_adp,178.0,-23.70973942851512,-30.565056678889732,0.40674476189402897,0.0017445926342136116,0.015415637197823986,-0.007960243050741484,-0.0007475951788804648,-0.007357161360806132,0.003800020026611587
safe_graph_adp,180.0,-23.70798321097523,-30.549642357540655,0.3987845154469452,2.4936649967166602e-17,7.632783294297951e-17,-2.42861286636753e-17,-0.0007986953306857208,-0.0077058316729508355,0.003980635362112077
safe_graph_adp,182.0,-23.670386849572132,-30.498852095123027,0.30947653742592257,0.03763469637273689,0.050761876669334766,-0.08930793991655173,0.01885087565888069,0.025423473604255915,-0.04465349762235347
safe_graph_adp,184.0,-23.558937399193262,-30.349066858256716,0.04560579624044603,0.07385127699713859,0.09899604405414147,-0.17456268868492741,0.01802953109832402,0.024243173884125283,-0.04262712894564301
safe_graph_adp,186.0,-23.376492061642313,-30.105328159417702,-0.38472044935516925,0.10862877840950344,0.14471642405906812,-0.25576337330623394,0.01720313048362791,0.023066602573475276,-0.04060054201974446
safe_graph_adp,188.0,-23.125949916023384,-29.77264952673515,-0.97339323611681,0.14194628682550098,0.18793707908880514,-0.3329091622902933,0.016371678045930302,0.02189378254374593,-0.03857374722070148
safe_graph_adp,190.0,-22.81025181901643,-29.356016223255125,-1.7123019793344159,0.1737829385059007,0.22867221178402264,-0.40599926566202876,0.015535178042234284,0.020724736647170873,-0.036546754925622066
safe_graph_adp,192.0,-22.432380304421738,-28.860384966734298,-2.5933345558682848,0.20411792012182683,0.2669361647554194,-0.47503293496753124,0.014693634755386278,0.019559487716660322,-0.0345195755126253
safe_graph_adp,194.0,-21.995359481974372,-28.29068364996745,-3.6083773871971916,0.2329304691195355,0.3027434203158866,-0.540009463279808,0.013847052494054112,0.018398058565684182,-0.032492219360788395
safe_graph_adp,196.0,-21.50225493542953,-27.651811061652538,-4.749315522477685,0.26019987408471146,0.33610860021078737,-0.6009281852042117,0.01299543559270496,0.017240471988155204,-0.030464696850093412
safe_graph_adp,198.0,-20.956173619919806,-26.94863660779708,-6.008032721613926,0.28590547510628106,0.36704646534635665,-0.6577884768835504,0.012138788411583147,0.016086750758312375,-0.02843701836137416
safe_graph_adp,200.0,-20.360263758585305,-26.18600003366961,-7.376411538337424,0.3100266641397381,0.39557191551622145,-0.7105897560028793,0.011277115336687842,0.014936917630604223,-0.026409194276263072
safe_graph_adp,202.0,-19.7177147384776,-25.368711146299972,-8.846333403296036,0.33254288536998,0.42169998912604556,-0.7593314817939731,0.010410420779750582,0.01379099533957235,-0.024381234977138025
safe_graph_adp,204.0,-19.03175700573851,-24.501549537532213,-10.4096787071516,0.35343363557365004,0.4454458629163004,-0.8040131550394788,0.009538709178212675,0.012649006599735042,-0.022353150847069146
safe_graph_adp,206.0,-18.305661960054675,-23.589264307633787,-12.058326883685549,0.37267846448098374,0.46682485168316457,-0.8446343180767502,0.00866198499520252,0.011510974105470952,-0.02032495226976576
safe_graph_adp,208.0,-17.542741848388964,-22.636573789464844,-13.784156492911865,0.3902569751371553,0.4858524079975548,-0.8811945548013631,0.007780252719512718,0.010376920530902917,-0.018296649629523085
safe_graph_adp,210.0,-16.74634965798967,-21.64816527321131,-15.57904530419677,0.40614882426312116,0.5025441219222906,-0.9136934906703115,0.0068935168655770976,0.009246868529781878,-0.016268253311169198
safe_graph_adp,212.0,-15.919879008678523,-20.62869473168551,-17.434870379384463,0.420333722615958,0.5169157207273946,-0.9421307927048841,0.006001781973447624,0.008120840735370862,-0.014239773700011768
safe_graph_adp,214.0,-15.066764044418562,-19.58278654619806,-19.34350815592831,0.4327914353486913,0.5289830686035323,-0.9665061694932222,0.005105052608771124,0.006998859760329124,-0.012211221181784936
safe_graph_adp,216.0,-14.190479324162832,-18.515033233004722,-21.29683453002681,0.4435017823696115,0.5387621663735926,-0.9868193711925585,0.004203333362765934,0.005880948196596373,-0.010182606142596112
safe_graph_adp,218.0,-13.294539711984969,-17.429995170331953,-23.286724939763758,0.4524446387010752,0.5462691512024124,-1.003070189531136,0.0032966288521983677,0.00476712861527709,-0.008153938968872822
safe_graph_adp,220.0,-12.382500266492722,-16.33220032598489,-25.305054448251877,0.45959993483778755,0.5515202963046467,-1.0152584578098092,0.0023849437193591092,0.003657423566524971,-0.00612523004730952
safe_graph_adp,222.0,-11.4579561295254,-15.226143985541405,-27.343697826779362,0.4649476571045628,0.5545320106507888,-1.0233840509033234,0.0014682826320394206,0.002551855579427471,-0.004096489764814401
safe_graph_adp,224.0,-10.524542414136349,-14.116288481136,-29.394529637958673,0.46846784801356034,0.5553208386713411,-1.0274468852612784,0.0005466502835072384,0.0014504471618904577,-0.0020677285084562055
safe_graph_adp,226.0,-9.585934091861471,-13.007062920837186,-31.449424318876908,0.4701406066209924,0.5539034599591398,-1.0274469189087694,-0.0003799486075168122,0.00035322080052296433,-3.895666541110093e-05
safe_graph_adp,228.0,-8.645845879274862,-11.90286291862207,-33.500256264247156,0.469946088883301,0.5502966889698374,-1.0233841514467115,-0.0013115092968836403,-0.0007398010394779266,0.001989815377090573
safe_graph_adp,230.0,-7.708032123832621,-10.808050324951815,-35.53889990956017,0.46786450801280066,0.544517474720543,-1.015258624051843,-0.0022480270150399256,-0.0018285959144421259,0.004018577231817436
safe_graph_adp,232.0,-6.776286689005927,-9.72695295795165,-37.55722981423576,0.4638761348327832,0.5365829004866257,-1.003070419476411,-0.0031894969670525674,-0.0029131414023414203,0.006047318511590266
safe_graph_adp,234.0,-5.854442838704434,-8.66386433519912,-39.547120744773174,0.457961298132083,0.5265101834966821,-0.9868196620475362,-0.004135914332633221,-0.0039934151029043016,0.00807602882933521
safe_graph_adp,236.0,-4.946373120991082,-7.6230434061242285,-41.50044775789995,0.45010038501909755,0.5143166746256711,-0.9665065176662598,-0.005087274266163,-0.0050693946377306336,0.010104697798136927
safe_graph_adp,238.0,-4.055989251089416,-6.608714285025137,-43.40908628371852,0.4402738412752627,0.5000198580862188,-0.9421311938062708,-0.006043571896717238,-0.006141057650406235,0.012133315031291766
safe_graph_adp,240.0,-3.187241993684495,-5.62506598470309,-45.26491220884995,0.42846217170797685,0.48363735111809625,-0.9136939395123131,-0.00700480232809049,-0.007208381806617347,0.014161870142360984
safe_graph_adp,242.0,-2.3441210445185163,-4.6762521507202095,-47.059801959574145,0.4146459405029729,0.46518690367587173,-0.8811950453982759,-0.007970960638821547,-0.008271344794264987,0.016190352745223874
safe_graph_adp,244.0,-1.5306549112822454,-3.7663907962838,-48.785632584965995,0.39880577157613406,0.44468639811474253,-0.8446348436449616,-0.008942041882218666,-0.009329924323579175,0.018218752454131
safe_graph_adp,246.0,-0.7509107938033719,-2.899564037760814,-50.43428184002664,0.3809223489247506,0.4221538488745465,-0.8040137079975371,-0.00991804108638489,-0.010384098127233057,0.02024705888375731
safe_graph_adp,248.0,-0.008994463532916441,-2.0798178308261113,-51.99762826880941,0.3609764169782143,0.3976074021619577,-0.7593320537626651,-0.010898953254243489,-0.011433843960456921,0.022275261649255355
safe_graph_adp,250.0,0.6909498576691876,-1.3111617072481414,-53.46755128753961,0.338948780948148,0.37106533563086863,-0.7105903378053159,-0.011884773363563559,-0.012479139601152095,0.02430335036630844
safe_graph_adp,252.0,1.3447396194482035,-0.5975685123156709,-54.83593126772771,0.3148203071779664,0.3425460580609611,-0.6577890585452606,-0.012875496366985742,-0.013519962850004699,0.026331314651183792
safe_graph_adp,254.0,1.9481540655672518,0.05702585709082175,-56.094649619275145,0.2885719234918654,0.3120681090344699,-0.6009287559532449,-0.013871117192048053,-0.01455629153059933,0.028359144120785724
safe_graph_adp,256.0,2.4969343572173743,0.6487227137794731,-57.23558887357214,0.2601846195432376,0.27965015861114095,-0.5400100115468444,-0.014871630741211853,-0.01558810348953259,0.0303868283927088
safe_graph_adp,258.0,2.9867836970238533,1.173660840875475,-58.25063276658696,0.2296394471625096,0.24531100700138708,-0.4750334483859997,-0.015877031891887956,-0.016615376596526513,0.03241435708529099
safe_graph_adp,260.0,3.4133674537476244,1.6280167517940272,-59.13166632194587,0.19691752070439872,0.20906958423764455,-0.40599973106823406,-0.01688731549646285,-0.01763808874454188,0.034441719817666826
safe_graph_adp,262.0,3.772313287680621,2.0080049495542056,-59.870575934003256,0.16200001739458642,0.170944949843933,-0.3329095657235506,-0.017902476382325064,-0.018656217849891382,0.03646890620982054
safe_graph_adp,264.0,4.059211276733876,2.3098781854301556,-60.45924945090119,0.12486817767580474,0.1309562925036217,-0.2557637000090117,-0.018922509351891634,-0.019669741852352728,0.03849590588263922
safe_graph_adp,266.0,4.269614043217213,2.5299277169360277,-60.88957625761783,0.085503305553333,0.0891229297254051,-0.1745629231029987,-0.01994740918263472,-0.02067863871528155,0.04052270845796598
safe_graph_adp,268.0,4.399036881309329,2.6644835651410768,-61.153447359004076,0.043886768939901594,0.04546430750749035,-0.08930806569915327,-0.02097717062710836,-0.021682886425724256,0.042549303558653016
safe_graph_adp,270.0,4.442957885217102,2.7099147713113485,-61.242755462807686,5.551115123125783e-17,1.5265566588595902e-16,2.636779683484747e-16,-0.022011788412975318,-0.02268246299453073,0.04457568080861483
safe_graph_adp,272.0,4.424881814454209,2.774621095573152,-61.23791939676393,-0.018027279280433104,0.06471992123099668,0.004836063980387094,-0.00910388388105415,0.032339509951808815,0.0023396439080806777
safe_graph_adp,274.0,4.3719571694388835,2.9659352383270434,-61.22363069230798,-0.03485075558049196,0.12660691053078005,0.009452634379098237,-0.008645085164004467,0.03088361747136715,0.0022299094038300874
safe_graph_adp,276.0,4.286565007768501,3.2781818058654726,-61.20032838326123,-0.05049698138854427,0.1856514580812843,0.013849664725404992,-0.008193012511009505,0.029425663931058495,0.002120163482532915
safe_graph_adp,278.0,4.171033252821713,3.705666565938977,-61.168451594138766,-0.06499253836635156,0.24184423518066717,0.018027110796403373,-0.007747668236663097,0.027965679774711486,0.0020104067060838678
safe_graph_adp,280.0,4.0276366358922076,4.242676810140721,-61.128439535653335,-0.07836403686848206,0.29517609439503933,0.021984930617351673,-0.007309054621110037,0.02650369545655142,0.0019006396364332338
safe_graph_adp,282.0,3.858596639283902,4.883481716592007,-61.080731500218725,-0.09063811546146001,0.3456380697077064,0.025723084461990783,-0.006877173910034418,0.025039741441044358,0.0017908628355839994
safe_graph_adp,284.0,3.6660814403681092,5.622332712923781,-61.02576685745249,-0.10184144044265561,0.39322137666592183,0.029241534852847233,-0.006452028314648136,0.023573848202741103,0.001681076865588977
safe_graph_adp,286.0,3.452205856603167,6.453463839549153,-60.96398504967809,-0.11200070535891968,0.43791741252515076,0.032540246561518965,-0.006033620011679564,0.022106046226121216,0.0015712822885479228
safe_graph_adp,288.0,3.2190312915170574,7.37109211322196,-60.89582558742648,-0.1211426305249674,0.47971775639084197,0.03561918660894384,-0.005621951143362407,0.020636366005436925,0.0014614796666046611
safe_graph_adp,290.0,2.9685656816535038,8.369417890876372,-60.82172804493718,-0.12929396254151537,0.5186141693577079,0.038478324265650864,-0.005217023817424737,0.01916483804455697,0.0013516695619442075
safe_graph_adp,292.0,2.702763444482037,9.442625233742572,-60.74213205565885,-0.13648147381317607,0.5545985946465108,0.041117631051994154,-0.004818840107078198,0.017691492856810466,0.0012418525367898863
safe_graph_adp,294.0,2.423525427272511,10.58488227173351,-60.65747730774941,-0.14273196206611413,0.5876631577383549,0.04353708073836959,-0.004427402051007396,0.016216360964830673,0.0011320291534004556
safe_graph_adp,296.0,2.132698856934541,11.79034156809775,-60.568203539575784,-0.14807224986546855,0.6178001665064811,0.04573664934541427,-0.004042711653359454,0.014739472900398669,0.001022199974067228
safe_graph_adp,298.0,1.8320772908223293,13.0531404843334,-60.47475053521321,-0.15252918413254513,0.6450021113455666,0.04771631514418857,-0.0036647708837337562,0.013260859204287077,0.0009123655611111884
safe_graph_adp,300.0,1.523400568505329,14.367401545358153,-60.37755811994424,-0.15612963566178337,0.6692616652985248,0.04947605865634103,-0.003293581677171864,0.011780550426103714,0.0008025264768801218
safe_graph_adp,302.0,1.2083547645051984,15.727232804930424,-60.27706615575741,-0.15890049863750205,0.6905716841808067,0.05101586265425591,-0.0029291459341476067,0.0102985771241351,0.0006926832837457265
safe_graph_adp,304.0,0.888572141999482,17.126728211316593,-60.17371453684562,-0.1608686901504278,0.7089252067022014,0.05233571216118345,-0.0025714655205573526,0.008814969865190078,0.0005828365441007404
safe_graph_adp,306.0,0.565631107492446,18.559967973199345,-60.06794318510433,-0.16206114971401073,0.7243154545861358,0.05343559445135289,-0.002220542267710451,0.007329759224443287,0.00047298682035605815
safe_graph_adp,308.0,0.24105616645349393,20.021018925822105,-59.960192045629455,-0.16250483878053168,0.7367358326864715,0.05431549905006816,-0.0018763779723198612,0.005842975785278615,0.00036313467493785277
safe_graph_adp,310.0,-0.08368212007642939,21.503934897364562,-59.85090108221515,-0.16222674025700504,0.7461799291017982,0.05497541773378634,-0.001538974396492952,0.004354650139132603,0.00025328067028469736
safe_graph_adp,312.0,-0.40716717791003665,23.00275707554429,-59.74051027285148,-0.16125385802088144,0.7526415152872226,0.05541534453017877,-0.0012083332677224833,0.0028648128853378235,0.00014342536884468264
safe_graph_adp,314.0,-0.7280364611701077,24.51151437443943,-59.62945960522188,-0.15961321643555476,0.7561145461636521,0.05563527571817491,-0.000884456278877751,0.0013734946309662652,3.356933307254069e-05
safe_graph_adp,316.0,-1.0449814927767194,26.024223801527416,-59.51818907220066,-0.15733185986567758,0.756593160224572,0.05563520982798894,-0.0005673450881959292,-0.00011927400932748225,-7.628687457323898e-05
safe_graph_adp,318.0,-1.3567479039649202,27.534890824934795,-59.40713866735041,-0.15443685219228914,0.754071679640315,0.05541514764112901,-0.00025700131927357955,-0.001613462413462861,-0.00018614269163328475
safe_graph_adp,320.0,-1.6621354728324746,29.03750974089303,-59.2967483804194,-0.15095527632776048,0.7485446103598227,0.05497509219038926,4.6573438941667576e-05,-0.00310903995209021,-0.000295997555650226
safe_graph_adp,322.0,-1.959998161917321,30.52606404139533,-59.187458192839074,-0.14691423373056067,0.7400066422098985,0.05431504875982454,0.00034337763215924137,-0.004605975988747544,-0.0004058509041715702
safe_graph_adp,324.0,-2.249244154804385,31.994526782049505,-59.07970807322152,-0.14234084391984844,0.7284526489919497,0.053435024884707805,0.0006334097407535958,-0.00610423988001742,-0.0005157021747525868
safe_graph_adp,326.0,-2.528835891761405,33.436860950121755,-58.973937972857115,-0.13726224398989367,0.7138776885762188,0.05233503035147028,0.000916668279771983,-0.007603800975683838,-0.0006255508049591817
safe_graph_adp,328.0,-2.797790104403436,34.84701983276643,-58.870587821212304,-0.13170558812433286,0.6962770029935033,0.05101507719762433,0.00119315179894206,-0.009104628618889162,-0.0007353962323707805
safe_graph_adp,330.0,-3.0551778493857,36.218947385436714,-58.77009752142749,-0.12569804711026272,0.6756460185243632,0.04947517971166901,0.0014628588826793134,-0.01060669214629108,-0.0008452378945832059
safe_graph_adp,332.0,-3.3001245411244655,37.546578600471214,-58.672906945815186,-0.11926680785217642,0.6519803457858152,0.04771535443297834,0.001725788150094307,-0.012109960888219615,-0.0009550752292115606
safe_graph_adp,334.0,-3.5318099835456476,38.82383987585141,-58.57945593135842,-0.11243907288574645,0.6252757798155119,0.04573562015167236,0.001981938254999754,-0.013614404168834117,-0.0010649076738931018
safe_graph_adp,336.0,-3.749468400860822,40.04464938412497,-58.49018427520934,-0.10524205989145877,0.5955283001534074,0.0435359979084708,0.0022313078859174038,-0.015119991306280368,-0.0011747346662901246
safe_graph_adp,338.0,-3.952388467370363,41.20291744148987,-58.4055317301882,-0.097703001208102,0.562734070920907,0.04111651099452955,0.002473895766084762,-0.01662669161284764,-0.0012845556440928391
safe_graph_adp,340.0,-4.139913336293418,42.29254687703429,-58.32593800028269,-0.08984914334611645,0.5268894408975,0.03847718495125982,0.0027097006534616266,-0.01813447439512582,-0.00139437004502225
safe_graph_adp,342.0,-4.311440667624445,43.30743340212726,-58.25184273614757,-0.08170774650080674,0.4879909435948765,0.03561804757013,0.0029387213407364443,-0.01964330895416257,-0.001504177306833035
safe_graph_adp,344.0,-4.466422655016041,44.24146597995504,-58.18368553060481,-0.07330608406542276,0.446035297328526,0.032539128892450295,0.003160956655332496,-0.021153164585620485,-0.0016139768673164244
safe_graph_adp,346.0,-4.604366051687805,45.08852719519816,-58.12190591414413,-0.0646714421441129,0.40101940528681784,0.02924046120914004,0.003376405459413896,-0.02266401057993433,-0.0017237681643030782
safe_graph_adp,348.0,-4.724832195360983,45.84249362384412,-58.066943350424005,-0.055831119064753985,0.35294035559756326,0.025722079060477757,0.0035850666498914215,-0.024175816222468234,-0.0018335506356659656
safe_graph_adp,350.0,-4.827437032218652,46.49723620313066,-58.019237231773246,-0.04681242489166214,0.30179542139205723,0.021984019235833926,0.0037869391584281586,-0.02568855079367298,-0.001943323719323243
safe_graph_adp,352.0,-4.911851139891217,47.04662060161464,-57.979226874693076,-0.03764268093818884,0.24758206086660087,0.01802632077338651,0.00398202195144497,-0.02720218356924325,-0.0020530868532411305
safe_graph_adp,354.0,-4.977799749466976,47.484507589361414,-57.94735151535983,-0.02834921927920651,0.19029791734150295,0.013849024959819189,0.004170314030125793,-0.02871668382027499,-0.0021628394754367917
safe_graph_adp,356.0,-5.025062766527561,47.80475340824969,-57.92405030512823,-0.018959382263487836,0.12994081931756038,0.009452175330002338,0.004351814430422746,-0.03023202081342268,-0.002272581023981209
safe_graph_adp,358.0,-5.053474791208032,48.00121014238683,-57.90976230603541,-0.009500522025983114,0.06650878053001706,0.004835817666656734,0.0045265222230610695,-0.03174816381105672,-0.002382310937002061
safe_graph_adp,360.0,-5.062925137281424,48.06772608862957,-57.90492648630549,5.0306980803327406e-17,4.85722573273506e-16,6.938893903907228e-18,0.004694436513543883,-0.03326508207142081,-0.0024920286526866012
