scenario_id,method,action,candidate_id,sample,time,ax,ay,az,record_basis
required09_test_000,adaptive_rollout_adp,1,cand_0005,0,3.0,-0.010105907869716279,-0.0017813881922581704,0.003977236584168219,planned_command_not_execution
required09_test_000,adaptive_rollout_adp,1,cand_0005,1,6.0,-0.009409742319340627,-0.0016388081060305123,0.0037042713710665085,planned_command_not_execution
required09_test_000,adaptive_rollout_adp,1,cand_0005,2,9.0,-0.008712950147675473,-0.0015009558620913649,0.0034312634851161195,planned_command_not_execution
required09_test_000,adaptive_rollout_adp,1,cand_0005,3,12.0,-0.008015539381699391,-0.0013678356868310072,0.003158216071341551,planned_command_not_execution
required09_test_000,adaptive_rollout_adp,1,cand_0005,4,15.0,-0.007317518055517089,-0.0012394517521267428,0.0028851322752226558,planned_command_not_execution
required09_test_000,adaptive_rollout_adp,1,cand_0005,5,18.0,-0.006618894210266876,-0.0011158081752948405,0.0026120152426584086,planned_command_not_execution
required09_test_000,adaptive_rollout_adp,1,cand_0005,6,21.0,-0.00591967589402802,-0.0009969090190431041,0.0023388681199306635,planned_command_not_execution
required09_test_000,adaptive_rollout_adp,1,cand_0005,7,24.0,-0.005219871161728045,-0.0008827582914240718,0.002065694053667913,planned_command_not_execution
required09_test_000,adaptive_rollout_adp,1,cand_0005,8,27.0,-0.004519488075049918,-0.0007733599457888406,0.0017924961908090346,planned_command_not_execution
required09_test_000,adaptive_rollout_adp,1,cand_0005,9,30.0,-0.003818534702339205,-0.0006687178807415254,0.0015192776785670405,planned_command_not_execution
required09_test_000,adaptive_rollout_adp,1,cand_0005,10,33.0,-0.0031170191185111063,-0.0005688359400943498,0.0012460416643928227,planned_command_not_execution
required09_test_000,adaptive_rollout_adp,1,cand_0005,11,36.0,-0.002414949404957441,-0.00047371791282336184,0.0009727912959388929,planned_command_not_execution
required09_test_000,adaptive_rollout_adp,1,cand_0005,12,39.0,-0.0017123336494535473,-0.00038336753302478844,0.0006995297210231222,planned_command_not_execution
required09_test_000,adaptive_rollout_adp,1,cand_0005,13,42.0,-0.0010091799460651178,-0.0002977884798720166,0.00042626008759247963,planned_command_not_execution
required09_test_000,adaptive_rollout_adp,1,cand_0005,14,45.0,-0.0003054963950549489,-0.00021698437757321231,0.00015298554368676966,planned_command_not_execution
required09_test_000,adaptive_rollout_adp,1,cand_0005,15,48.0,0.00039870889721036645,-0.00014095879532956734,-0.00012029076259763814,planned_command_not_execution
required09_test_000,adaptive_rollout_adp,1,cand_0005,16,51.0,0.001103427818353828,-6.971524729418408e-05,-0.0003935656831440715,planned_command_not_execution
required09_test_000,adaptive_rollout_adp,1,cand_0005,17,54.0,0.0018086522500814822,-3.2571925315926648e-06,-0.0006668360698518197,planned_command_not_execution
required09_test_000,adaptive_rollout_adp,1,cand_0005,18,57.0,0.002514374068275937,5.8411965022097734e-05,-0.0009400987746724025,planned_command_not_execution
required09_test_000,adaptive_rollout_adp,1,cand_0005,19,60.0,0.00322058514308996,0.00011528887659841165,-0.0012133506496458356,planned_command_not_execution
required09_test_000,adaptive_rollout_adp,1,cand_0005,20,63.0,0.00392727733904013,0.00016737024863508446,-0.0014865885469368904,planned_command_not_execution
required09_test_000,adaptive_rollout_adp,1,cand_0005,21,66.0,0.004634442515100557,0.00021465284281400426,-0.001759809318871363,planned_command_not_execution
required09_test_000,adaptive_rollout_adp,1,cand_0005,22,69.0,0.0053420725247966625,0.0002571334760985175,-0.0020330098179723293,planned_command_not_execution
required09_test_000,adaptive_rollout_adp,1,cand_0005,23,72.0,0.006050159216299033,0.0002948090207700955,-0.002306186896996409,planned_command_not_execution
required09_test_000,adaptive_rollout_adp,1,cand_0005,24,75.0,0.006758694432517326,0.00032767640446436787,-0.002579337408970017,planned_command_not_execution
required09_test_000,adaptive_rollout_adp,1,cand_0005,25,78.0,0.007467670011194229,0.0003557326102065137,-0.002852458207225618,planned_command_not_execution
required09_test_000,adaptive_rollout_adp,1,cand_0005,26,81.0,0.008177077784999508,0.0003789746764460184,-0.003125546145437976,planned_command_not_execution
required09_test_000,adaptive_rollout_adp,1,cand_0005,27,84.0,0.008886909581624074,0.0003973996970907894,-0.003398598077660402,planned_command_not_execution
required09_test_000,adaptive_rollout_adp,1,cand_0005,28,87.0,0.00959715722387414,0.0004110048215406346,-0.0036716108583609874,planned_command_not_execution
required09_test_000,adaptive_rollout_adp,1,cand_0005,29,90.0,0.010307812529765415,0.0004197872547201009,-0.00394458134245885,planned_command_not_execution
required09_test_000,adaptive_rollout_adp,1,cand_0005,30,93.0,5.458954939813855e-05,0.0,1.9880939039036497e-05,planned_command_not_execution
required09_test_000,adaptive_rollout_adp,1,cand_0005,31,96.0,5.458954939813855e-05,0.0,1.9880939039036497e-05,planned_command_not_execution
required09_test_000,adaptive_rollout_adp,1,cand_0005,32,99.0,5.458954939813855e-05,0.0,1.9880939039036497e-05,planned_command_not_execution
required09_test_000,adaptive_rollout_adp,1,cand_0005,33,102.0,5.458954939813855e-05,0.0,1.9880939039036497e-05,planned_command_not_execution
required09_test_000,adaptive_rollout_adp,1,cand_0005,34,105.0,5.458954939813855e-05,0.0,1.9880939039036497e-05,planned_command_not_execution
required09_test_000,adaptive_rollout_adp,1,cand_0005,35,108.0,5.458954939813855e-05,0.0,1.9880939039036497e-05,planned_command_not_execution
required09_test_000,adaptive_rollout_adp,1,cand_0005,36,111.0,5.458954939813855e-05,0.0,1.9880939039036497e-05,planned_command_not_execution
required09_test_000,adaptive_rollout_adp,1,cand_0005,37,114.0,5.458954939813855e-05,0.0,1.9880939039036497e-05,planned_command_not_execution
required09_test_000,adaptive_rollout_adp,1,cand_0005,38,117.0,5.458954939813855e-05,0.0,1.9880939039036497e-05,planned_command_not_execution
required09_test_000,adaptive_rollout_adp,1,cand_0005,39,120.0,5.458954939813855e-05,0.0,1.9880939039036497e-05,planned_command_not_execution
required09_test_000,adaptive_rollout_adp,1,cand_0005,40,123.0,5.458954939813855e-05,0.0,1.9880939039036497e-05,planned_command_not_execution
required09_test_000,adaptive_rollout_adp,1,cand_0005,41,126.0,5.458954939813855e-05,0.0,1.9880939039036497e-05,planned_command_not_execution
required09_test_000,adaptive_rollout_adp,1,cand_0005,42,129.0,5.458954939813855e-05,0.0,1.9880939039036497e-05,planned_command_not_execution
required09_test_000,adaptive_rollout_adp,1,cand_0005,43,132.0,5.458954939813855e-05,0.0,1.9880939039036497e-05,planned_command_not_execution
required09_test_000,adaptive_rollout_adp,1,cand_0005,44,135.0,5.458954939813855e-05,0.0,1.9880939039036497e-05,planned_command_not_execution
required09_test_000,adaptive_rollout_adp,1,cand_0005,45,138.0,5.458954939813855e-05,0.0,1.9880939039036497e-05,planned_command_not_execution
required09_test_000,adaptive_rollout_adp,1,cand_0005,46,141.0,5.458954939813855e-05,0.0,1.9880939039036497e-05,planned_command_not_execution
required09_test_000,adaptive_rollout_adp,1,cand_0005,47,144.0,5.458954939813855e-05,0.0,1.9880939039036497e-05,planned_command_not_execution
required09_test_000,adaptive_rollout_adp,1,cand_0005,48,147.0,5.458954939813855e-05,0.0,1.9880939039036497e-05,planned_command_not_execution
required09_test_000,adaptive_rollout_adp,1,cand_0005,49,150.0,5.458954939813855e-05,0.0,1.9880939039036497e-05,planned_command_not_execution
required09_test_000,adaptive_rollout_adp,2,cand_0000,0,153.0,-0.026011419425760168,0.02804890804422496,0.002677211442081444,planned_command_not_execution
required09_test_000,adaptive_rollout_adp,2,cand_0000,1,156.0,-0.024152449485350336,0.02616764404293969,0.002494246229788349,planned_command_not_execution
required09_test_000,adaptive_rollout_adp,2,cand_0000,2,159.0,-0.02230712740843044,0.024273807292193743,0.0023112522840194167,planned_command_not_execution
required09_test_000,adaptive_rollout_adp,2,cand_0000,3,162.0,-0.02047547445293272,0.022367490508653567,0.002128231712847245,planned_command_not_execution
required09_test_000,adaptive_rollout_adp,2,cand_0000,4,165.0,-0.018657511719322437,0.020448786552754342,0.001945186624651147,planned_command_not_execution
required09_test_000,adaptive_rollout_adp,2,cand_0000,5,168.0,-0.016853260150354814,0.018517788427630306,0.0017621191280928726,planned_command_not_execution
required09_test_000,adaptive_rollout_adp,2,cand_0000,6,171.0,-0.015062740530833792,0.016574589278043325,0.0015790313320923131,planned_command_not_execution
required09_test_000,adaptive_rollout_adp,2,cand_0000,7,174.0,-0.013285973487372578,0.014619282389309905,0.0013959253458032082,planned_command_not_execution
required09_test_000,adaptive_rollout_adp,2,cand_0000,8,177.0,-0.011522979488156027,0.01265196118622653,0.0012128032785888474,planned_command_not_execution
required09_test_000,adaptive_rollout_adp,2,cand_0000,9,180.0,-0.009773778842704852,0.010672719231993418,0.00102966723999777,planned_command_not_execution
required09_test_000,adaptive_rollout_adp,2,cand_0000,10,183.0,-0.008038391701641672,0.008681650227136713,0.000846519339739467,planned_command_not_execution
required09_test_000,adaptive_rollout_adp,2,cand_0000,11,186.0,-0.006316838056458853,0.0066788480084290155,0.000663361687660072,planned_command_not_execution
required09_test_000,adaptive_rollout_adp,2,cand_0000,12,189.0,-0.004609137739288236,0.00466440654780843,0.00048019639371805947,planned_command_not_execution
required09_test_000,adaptive_rollout_adp,2,cand_0000,13,192.0,-0.0029153104226726516,0.0026384199512959955,0.0002970255679599367,planned_command_not_execution
required09_test_000,adaptive_rollout_adp,2,cand_0000,14,195.0,-0.0012353756193393137,0.000600982457911615,0.00011385132049593913,planned_command_not_execution
required09_test_000,adaptive_rollout_adp,2,cand_0000,15,198.0,0.00043064731802498215,-0.0014478115614115835,-6.932423852428274e-05,planned_command_not_execution
required09_test_000,adaptive_rollout_adp,2,cand_0000,16,201.0,0.0020827391969967983,-0.0035078676049144107,-0.00025249899893596767,planned_command_not_execution
required09_test_000,adaptive_rollout_adp,2,cand_0000,17,204.0,0.0037208809856371415,-0.00557909104110021,-0.0004356708505835541,planned_command_not_execution
required09_test_000,adaptive_rollout_adp,2,cand_0000,18,207.0,0.005345053812710706,-0.007661387109825076,-0.0006188376833449914,planned_command_not_execution
required09_test_000,adaptive_rollout_adp,2,cand_0000,19,210.0,0.006955238967903284,-0.00975466092338941,-0.0008019973871560432,planned_command_not_execution
required09_test_000,adaptive_rollout_adp,2,cand_0000,20,213.0,0.008551417902037292,-0.011858817467631089,-0.0009851478520345996,planned_command_not_execution
required09_test_000,adaptive_rollout_adp,2,cand_0000,21,216.0,0.010133572227285467,-0.01397376160301994,-0.001168286968104982,planned_command_not_execution
required09_test_000,adaptive_rollout_adp,2,cand_0000,22,219.0,0.01170168371738268,-0.016099398065753827,-0.001351412625622249,planned_command_not_execution
required09_test_000,adaptive_rollout_adp,2,cand_0000,23,222.0,0.013255734307835916,-0.018235631468856005,-0.0015345227149965008,planned_command_not_execution
required09_test_000,adaptive_rollout_adp,2,cand_0000,24,225.0,0.01479570609613236,-0.02038236630327399,-0.0017176151268171796,planned_command_not_execution
required09_test_000,adaptive_rollout_adp,2,cand_0000,25,228.0,0.016321581341945644,-0.022539506938979856,-0.0019006877518773736,planned_command_not_execution
required09_test_000,adaptive_rollout_adp,2,cand_0000,26,231.0,0.017833342467340196,-0.024706957626071835,-0.0020837384811981103,planned_command_not_execution
required09_test_000,adaptive_rollout_adp,2,cand_0000,27,234.0,0.01933097205697377,-0.02688462249587735,-0.002266765206052656,planned_command_not_execution
required09_test_000,adaptive_rollout_adp,2,cand_0000,28,237.0,0.020814452858298034,-0.029072405562057445,-0.002449765817990804,planned_command_not_execution
required09_test_000,adaptive_rollout_adp,2,cand_0000,29,240.0,0.022283767781757332,-0.03127021072171251,-0.002632738208863168,planned_command_not_execution
required09_test_000,adaptive_rollout_adp,2,cand_0000,30,243.0,0.00018373859504804585,0.0,2.462726522862903e-05,planned_command_not_execution
required09_test_000,adaptive_rollout_adp,2,cand_0000,31,246.0,0.00018373859504804585,0.0,2.462726522862903e-05,planned_command_not_execution
required09_test_000,adaptive_rollout_adp,2,cand_0000,32,249.0,0.00018373859504804585,0.0,2.462726522862903e-05,planned_command_not_execution
required09_test_000,adaptive_rollout_adp,2,cand_0000,33,252.0,0.00018373859504804585,0.0,2.462726522862903e-05,planned_command_not_execution
required09_test_000,adaptive_rollout_adp,2,cand_0000,34,255.0,0.00018373859504804585,0.0,2.462726522862903e-05,planned_command_not_execution
required09_test_000,adaptive_rollout_adp,2,cand_0000,35,258.0,0.00018373859504804585,0.0,2.462726522862903e-05,planned_command_not_execution
required09_test_000,adaptive_rollout_adp,2,cand_0000,36,261.0,0.00018373859504804585,0.0,2.462726522862903e-05,planned_command_not_execution
required09_test_000,adaptive_rollout_adp,2,cand_0000,37,264.0,0.00018373859504804585,0.0,2.462726522862903e-05,planned_command_not_execution
required09_test_000,adaptive_rollout_adp,2,cand_0000,38,267.0,0.00018373859504804585,0.0,2.462726522862903e-05,planned_command_not_execution
required09_test_000,adaptive_rollout_adp,2,cand_0000,39,270.0,0.00018373859504804585,0.0,2.462726522862903e-05,planned_command_not_execution
required09_test_000,adaptive_rollout_adp,2,cand_0000,40,273.0,0.00018373859504804585,0.0,2.462726522862903e-05,planned_command_not_execution
required09_test_000,adaptive_rollout_adp,2,cand_0000,41,276.0,0.00018373859504804585,0.0,2.462726522862903e-05,planned_command_not_execution
required09_test_000,adaptive_rollout_adp,2,cand_0000,42,279.0,0.00018373859504804585,0.0,2.462726522862903e-05,planned_command_not_execution
required09_test_000,adaptive_rollout_adp,2,cand_0000,43,282.0,0.00018373859504804585,0.0,2.462726522862903e-05,planned_command_not_execution
required09_test_000,adaptive_rollout_adp,2,cand_0000,44,285.0,0.00018373859504804585,0.0,2.462726522862903e-05,planned_command_not_execution
required09_test_000,adaptive_rollout_adp,2,cand_0000,45,288.0,0.00018373859504804585,0.0,2.462726522862903e-05,planned_command_not_execution
required09_test_000,adaptive_rollout_adp,2,cand_0000,46,291.0,0.00018373859504804585,0.0,2.462726522862903e-05,planned_command_not_execution
required09_test_000,adaptive_rollout_adp,2,cand_0000,47,294.0,0.00018373859504804585,0.0,2.462726522862903e-05,planned_command_not_execution
required09_test_000,adaptive_rollout_adp,2,cand_0000,48,297.0,0.00018373859504804585,0.0,2.462726522862903e-05,planned_command_not_execution
required09_test_000,adaptive_rollout_adp,2,cand_0000,49,300.0,0.00018373859504804585,0.0,2.462726522862903e-05,planned_command_not_execution
required09_test_000,adaptive_rollout_adp,3,cand_0070,0,303.0,0.018290596313935384,0.015134870216849164,0.007406208686744014,planned_command_not_execution
required09_test_000,adaptive_rollout_adp,3,cand_0070,1,306.0,0.0170663982456401,0.014056570359584613,0.006897961283700966,planned_command_not_execution
required09_test_000,adaptive_rollout_adp,3,cand_0070,2,309.0,0.015835498510195445,0.01298660335767905,0.006389634416809682,planned_command_not_execution
required09_test_000,adaptive_rollout_adp,3,cand_0070,3,312.0,0.014597911287447573,0.011925014655304707,0.005881233941946616,planned_command_not_execution
required09_test_000,adaptive_rollout_adp,3,cand_0070,4,315.0,0.013353650834281845,0.010871849600116612,0.005372765715836165,planned_command_not_execution
required09_test_000,adaptive_rollout_adp,3,cand_0070,5,318.0,0.012102731484458583,0.009827153442730186,0.004864235595983221,planned_command_not_execution
required09_test_000,adaptive_rollout_adp,3,cand_0070,6,321.0,0.010845167648447977,0.00879097133619997,0.004355649440605679,planned_command_not_execution
required09_test_000,adaptive_rollout_adp,3,cand_0070,7,324.0,0.009580973813264037,0.007763348335499458,0.0038470131085669695,planned_command_not_execution
required09_test_000,adaptive_rollout_adp,3,cand_0070,8,327.0,0.008310164542297731,0.006744329397002074,0.003338332459308542,planned_command_not_execution
required09_test_000,adaptive_rollout_adp,3,cand_0070,9,330.0,0.007032754475149212,0.005733959377963271,0.0028296133527823822,planned_command_not_execution
required09_test_000,adaptive_rollout_adp,3,cand_0070,10,333.0,0.005748758327459156,0.004732283036003788,0.002320861649383499,planned_command_not_execution
required09_test_000,adaptive_rollout_adp,3,cand_0070,11,336.0,0.004458190890739272,0.0037393450285940454,0.0018120832098824135,planned_command_not_execution
required09_test_000,adaptive_rollout_adp,3,cand_0070,12,339.0,0.0031610670322018645,0.002755189912539687,0.001303283895357642,planned_command_not_execution
required09_test_000,adaptive_rollout_adp,3,cand_0070,13,342.0,0.0018574016945885855,0.0017798621434683014,0.000794469567128182,planned_command_not_execution
required09_test_000,adaptive_rollout_adp,3,cand_0070,14,345.0,0.000547209895998313,0.0008134060753172913,0.000285646086685987,planned_command_not_execution
required09_test_000,adaptive_rollout_adp,3,cand_0070,15,348.0,-0.0007694932702858864,-0.0001441340401770843,-0.0002231806843715576,planned_command_not_execution
required09_test_000,adaptive_rollout_adp,3,cand_0070,16,351.0,-0.00209269263597063,-0.001092714053989478,-0.0007320048844091575,planned_command_not_execution
required09_test_000,adaptive_rollout_adp,3,cand_0070,17,354.0,-0.003422372957926924,-0.0020322899203140416,-0.0012408206518211397,planned_command_not_execution
required09_test_000,adaptive_rollout_adp,3,cand_0070,18,357.0,-0.004758518918365795,-0.002962817697071847,-0.0017496221250989704,planned_command_not_execution
required09_test_000,adaptive_rollout_adp,3,cand_0070,19,360.0,-0.006101115125014736,-0.003884253546417082,-0.0022584034428987845,planned_command_not_execution
required09_test_000,adaptive_rollout_adp,3,cand_0070,20,363.0,-0.007450146111295034,-0.004796553735242059,-0.002767158744108905,planned_command_not_execution
required09_test_000,adaptive_rollout_adp,3,cand_0070,21,366.0,-0.008805596336499919,-0.005699674635681017,-0.0032758821679173674,planned_command_not_execution
required09_test_000,adaptive_rollout_adp,3,cand_0070,22,369.0,-0.010167450185973622,-0.006593572725612715,-0.0037845678538794255,planned_command_not_execution
required09_test_000,adaptive_rollout_adp,3,cand_0070,23,372.0,-0.01153569197129124,-0.007478204589161792,-0.004293209941985075,planned_command_not_execution
required09_test_000,adaptive_rollout_adp,3,cand_0070,24,375.0,-0.01291030593043946,-0.008353526917198928,-0.004801802572726552,planned_command_not_execution
required09_test_000,adaptive_rollout_adp,3,cand_0070,25,378.0,-0.01429127622799814,-0.009219496507839748,-0.005310339887165836,planned_command_not_execution
required09_test_000,adaptive_rollout_adp,3,cand_0070,26,381.0,-0.01567858695532274,-0.010076070266942514,-0.005818816027002148,planned_command_not_execution
required09_test_000,adaptive_rollout_adp,3,cand_0070,27,384.0,-0.017072222130727573,-0.010923205208604563,-0.006327225134639432,planned_command_not_execution
required09_test_000,adaptive_rollout_adp,3,cand_0070,28,387.0,-0.018472165699669925,-0.011760858455657485,-0.0068355613532538355,planned_command_not_execution
required09_test_000,adaptive_rollout_adp,3,cand_0070,29,390.0,-0.019878401534935006,-0.01258898724016109,-0.007343818826861184,planned_command_not_execution
required09_test_000,adaptive_rollout_adp,3,cand_0070,30,393.0,8.166859738112062e-05,0.0,3.781165425058155e-05,planned_command_not_execution
required09_test_000,adaptive_rollout_adp,3,cand_0070,31,396.0,8.166859738112062e-05,0.0,3.781165425058155e-05,planned_command_not_execution
required09_test_000,adaptive_rollout_adp,3,cand_0070,32,399.0,8.166859738112062e-05,0.0,3.781165425058155e-05,planned_command_not_execution
required09_test_000,adaptive_rollout_adp,3,cand_0070,33,402.0,8.166859738112062e-05,0.0,3.781165425058155e-05,planned_command_not_execution
required09_test_000,adaptive_rollout_adp,3,cand_0070,34,405.0,8.166859738112062e-05,0.0,3.781165425058155e-05,planned_command_not_execution
required09_test_000,adaptive_rollout_adp,3,cand_0070,35,408.0,8.166859738112062e-05,0.0,3.781165425058155e-05,planned_command_not_execution
required09_test_000,adaptive_rollout_adp,3,cand_0070,36,411.0,8.166859738112062e-05,0.0,3.781165425058155e-05,planned_command_not_execution
required09_test_000,adaptive_rollout_adp,3,cand_0070,37,414.0,8.166859738112062e-05,0.0,3.781165425058155e-05,planned_command_not_execution
required09_test_000,adaptive_rollout_adp,3,cand_0070,38,417.0,8.166859738112062e-05,0.0,3.781165425058155e-05,planned_command_not_execution
required09_test_000,adaptive_rollout_adp,3,cand_0070,39,420.0,8.166859738112062e-05,0.0,3.781165425058155e-05,planned_command_not_execution
required09_test_000,adaptive_rollout_adp,3,cand_0070,40,423.0,8.166859738112062e-05,0.0,3.781165425058155e-05,planned_command_not_execution
required09_test_000,adaptive_rollout_adp,3,cand_0070,41,426.0,8.166859738112062e-05,0.0,3.781165425058155e-05,planned_command_not_execution
required09_test_000,adaptive_rollout_adp,3,cand_0070,42,429.0,8.166859738112062e-05,0.0,3.781165425058155e-05,planned_command_not_execution
required09_test_000,adaptive_rollout_adp,3,cand_0070,43,432.0,8.166859738112062e-05,0.0,3.781165425058155e-05,planned_command_not_execution
required09_test_000,adaptive_rollout_adp,3,cand_0070,44,435.0,8.166859738112062e-05,0.0,3.781165425058155e-05,planned_command_not_execution
required09_test_000,adaptive_rollout_adp,3,cand_0070,45,438.0,8.166859738112062e-05,0.0,3.781165425058155e-05,planned_command_not_execution
required09_test_000,adaptive_rollout_adp,3,cand_0070,46,441.0,8.166859738112062e-05,0.0,3.781165425058155e-05,planned_command_not_execution
required09_test_000,adaptive_rollout_adp,3,cand_0070,47,444.0,8.166859738112062e-05,0.0,3.781165425058155e-05,planned_command_not_execution
required09_test_000,adaptive_rollout_adp,3,cand_0070,48,447.0,8.166859738112062e-05,0.0,3.781165425058155e-05,planned_command_not_execution
required09_test_000,adaptive_rollout_adp,3,cand_0070,49,450.0,8.166859738112062e-05,0.0,3.781165425058155e-05,planned_command_not_execution
required09_test_000,adaptive_rollout_adp,4,cand_0068,0,453.0,0.035475933718545655,0.012004587477898045,-0.020066866064841118,planned_command_not_execution
required09_test_000,adaptive_rollout_adp,4,cand_0068,1,456.0,0.03304889715610239,0.011107998151540734,-0.018682578248483298,planned_command_not_execution
required09_test_000,adaptive_rollout_adp,4,cand_0068,2,459.0,0.030616972469501336,0.0102279006412005,-0.017298075210627196,planned_command_not_execution
required09_test_000,adaptive_rollout_adp,4,cand_0068,3,462.0,0.0281801876742802,0.009364328033385608,-0.0159133729006142,planned_command_not_execution
required09_test_000,adaptive_rollout_adp,4,cand_0068,4,465.0,0.025738570841964625,0.008517313224239015,-0.014528487270081266,planned_command_not_execution
required09_test_000,adaptive_rollout_adp,4,cand_0068,5,468.0,0.02329215009974485,0.0076868889191594545,-0.013143434272777196,planned_command_not_execution
required09_test_000,adaptive_rollout_adp,4,cand_0068,6,471.0,0.020840953630151718,0.0068730876324246465,-0.011758229864378841,planned_command_not_execution
required09_test_000,adaptive_rollout_adp,4,cand_0068,7,474.0,0.01838500967073198,0.006075941686816749,-0.010372890002307292,planned_command_not_execution
required09_test_000,adaptive_rollout_adp,4,cand_0068,8,477.0,0.015924346513723025,0.0052954832132499925,-0.008987430645544057,planned_command_not_execution
required09_test_000,adaptive_rollout_adp,4,cand_0068,9,480.0,0.01345899250572692,0.004531744150400538,-0.007601867754447204,planned_command_not_execution
required09_test_000,adaptive_rollout_adp,4,cand_0068,10,483.0,0.010988976047383896,0.003784756244338562,-0.006216217290567514,planned_command_not_execution
required09_test_000,adaptive_rollout_adp,4,cand_0068,11,486.0,0.008514325593045163,0.003054551048162516,-0.0048304952164646,planned_command_not_execution
required09_test_000,adaptive_rollout_adp,4,cand_0068,12,489.0,0.006035069650445113,0.0023411599216356634,-0.003444717495523001,planned_command_not_execution
required09_test_000,adaptive_rollout_adp,4,cand_0068,13,492.0,0.003551236780372906,0.0016446140308248028,-0.002058900091768321,planned_command_not_execution
required09_test_000,adaptive_rollout_adp,4,cand_0068,14,495.0,0.0010628555963434964,0.0009649443477412465,-0.0006730589696832996,planned_command_not_execution
required09_test_000,adaptive_rollout_adp,4,cand_0068,15,498.0,-0.0014300452357320572,0.00030218164998401984,0.0007127899059760946,planned_command_not_execution
required09_test_000,adaptive_rollout_adp,4,cand_0068,16,501.0,-0.003927436997876757,-0.0003436434796146885,0.0020986305703645652,planned_command_not_execution
required09_test_000,adaptive_rollout_adp,4,cand_0068,17,504.0,-0.006429290920378544,-0.0009725006533418418,0.0034844470587314137,planned_command_not_execution
required09_test_000,adaptive_rollout_adp,4,cand_0068,18,507.0,-0.008935578182121696,-0.0015843596789536193,0.004870223406604451,planned_command_not_execution
required09_test_000,adaptive_rollout_adp,4,cand_0068,19,510.0,-0.01144626991091885,-0.0021791905600232206,0.006255943649973887,planned_command_not_execution
required09_test_000,adaptive_rollout_adp,4,cand_0068,20,513.0,-0.01396133718384362,-0.0027569634962864324,0.007641591825476272,planned_command_not_execution
required09_test_000,adaptive_rollout_adp,4,cand_0068,21,516.0,-0.016480751027563755,-0.003317648883984914,0.009027151970578353,planned_command_not_execution
required09_test_000,adaptive_rollout_adp,4,cand_0068,22,519.0,-0.019004482418674935,-0.003861217316207242,0.01041260812376099,planned_command_not_execution
required09_test_000,adaptive_rollout_adp,4,cand_0068,23,522.0,-0.021532502284035117,-0.00438763958322766,0.01179794432470301,planned_command_not_execution
required09_test_000,adaptive_rollout_adp,4,cand_0068,24,525.0,-0.024064781501099444,-0.004896886672842585,0.01318314461446509,planned_command_not_execution
required09_test_000,adaptive_rollout_adp,4,cand_0068,25,528.0,-0.02660129089825573,-0.005388929770704818,0.014568193035673582,planned_command_not_execution
required09_test_000,adaptive_rollout_adp,4,cand_0068,26,531.0,-0.029142001255160543,-0.005863740260655488,0.015953073632704352,planned_command_not_execution
required09_test_000,adaptive_rollout_adp,4,cand_0068,27,534.0,-0.03168688330307578,-0.006321289725053699,0.01733777045186658,planned_command_not_execution
required09_test_000,adaptive_rollout_adp,4,cand_0068,28,537.0,-0.03423590772520587,-0.006761549945103907,0.01872226754158656,planned_command_not_execution
required09_test_000,adaptive_rollout_adp,4,cand_0068,29,540.0,-0.03678904515703549,-0.0071844929011809925,0.02010654895259144,planned_command_not_execution
required09_test_000,adaptive_rollout_adp,4,cand_0068,30,543.0,-0.00011157950031419906,0.0,1.9024377124003014e-06,planned_command_not_execution
required09_test_000,adaptive_rollout_adp,4,cand_0068,31,546.0,-0.00011157950031419906,0.0,1.9024377124003014e-06,planned_command_not_execution
required09_test_000,adaptive_rollout_adp,4,cand_0068,32,549.0,-0.00011157950031419906,0.0,1.9024377124003014e-06,planned_command_not_execution
required09_test_000,adaptive_rollout_adp,4,cand_0068,33,552.0,-0.00011157950031419906,0.0,1.9024377124003014e-06,planned_command_not_execution
required09_test_000,adaptive_rollout_adp,4,cand_0068,34,555.0,-0.00011157950031419906,0.0,1.9024377124003014e-06,planned_command_not_execution
required09_test_000,adaptive_rollout_adp,4,cand_0068,35,558.0,-0.00011157950031419906,0.0,1.9024377124003014e-06,planned_command_not_execution
required09_test_000,adaptive_rollout_adp,4,cand_0068,36,561.0,-0.00011157950031419906,0.0,1.9024377124003014e-06,planned_command_not_execution
required09_test_000,adaptive_rollout_adp,4,cand_0068,37,564.0,-0.00011157950031419906,0.0,1.9024377124003014e-06,planned_command_not_execution
required09_test_000,adaptive_rollout_adp,4,cand_0068,38,567.0,-0.00011157950031419906,0.0,1.9024377124003014e-06,planned_command_not_execution
required09_test_000,adaptive_rollout_adp,4,cand_0068,39,570.0,-0.00011157950031419906,0.0,1.9024377124003014e-06,planned_command_not_execution
required09_test_000,adaptive_rollout_adp,4,cand_0068,40,573.0,-0.00011157950031419906,0.0,1.9024377124003014e-06,planned_command_not_execution
required09_test_000,adaptive_rollout_adp,4,cand_0068,41,576.0,-0.00011157950031419906,0.0,1.9024377124003014e-06,planned_command_not_execution
required09_test_000,adaptive_rollout_adp,4,cand_0068,42,579.0,-0.00011157950031419906,0.0,1.9024377124003014e-06,planned_command_not_execution
required09_test_000,adaptive_rollout_adp,4,cand_0068,43,582.0,-0.00011157950031419906,0.0,1.9024377124003014e-06,planned_command_not_execution
required09_test_000,adaptive_rollout_adp,4,cand_0068,44,585.0,-0.00011157950031419906,0.0,1.9024377124003014e-06,planned_command_not_execution
required09_test_000,adaptive_rollout_adp,4,cand_0068,45,588.0,-0.00011157950031419906,0.0,1.9024377124003014e-06,planned_command_not_execution
required09_test_000,adaptive_rollout_adp,4,cand_0068,46,591.0,-0.00011157950031419906,0.0,1.9024377124003014e-06,planned_command_not_execution
required09_test_000,adaptive_rollout_adp,4,cand_0068,47,594.0,-0.00011157950031419906,0.0,1.9024377124003014e-06,planned_command_not_execution
required09_test_000,adaptive_rollout_adp,4,cand_0068,48,597.0,-0.00011157950031419906,0.0,1.9024377124003014e-06,planned_command_not_execution
required09_test_000,adaptive_rollout_adp,4,cand_0068,49,600.0,-0.00011157950031419906,0.0,1.9024377124003014e-06,planned_command_not_execution
required09_test_000,adaptive_rollout_adp,5,cand_0021,0,603.0,0.005961068240056457,-0.003486514117631412,0.02742592213959118,planned_command_not_execution
required09_test_000,adaptive_rollout_adp,5,cand_0021,1,606.0,0.005533930301445013,-0.003258233227143338,0.025537673960107646,planned_command_not_execution
required09_test_000,adaptive_rollout_adp,5,cand_0021,2,609.0,0.005108543063160235,-0.0030270587782079573,0.02364913158908486,planned_command_not_execution
required09_test_000,adaptive_rollout_adp,5,cand_0021,3,612.0,0.004684911425622054,-0.0027930026715730335,0.021760316782348663,planned_command_not_execution
required09_test_000,adaptive_rollout_adp,5,cand_0021,4,615.0,0.004263040269026045,-0.0025560768411827424,0.019871251298863336,planned_command_not_execution
required09_test_000,adaptive_rollout_adp,5,cand_0021,5,618.0,0.003842934453287217,-0.0023162932540402026,0.017981956900480916,planned_command_not_execution
required09_test_000,adaptive_rollout_adp,5,cand_0021,6,621.0,0.003424598817984017,-0.0020736639100696172,0.016092455351690526,planned_command_not_execution
required09_test_000,adaptive_rollout_adp,5,cand_0021,7,624.0,0.0030080381823025916,-0.0018282008419780304,0.014202768419367646,planned_command_not_execution
required09_test_000,adaptive_rollout_adp,5,cand_0021,8,627.0,0.002593257344981258,-0.0015799161151167176,0.012312917872523352,planned_command_not_execution
required09_test_000,adaptive_rollout_adp,5,cand_0021,9,630.0,0.0021802610842552297,-0.001328821827342186,0.010422925482053556,planned_command_not_execution
required09_test_000,adaptive_rollout_adp,5,cand_0021,10,633.0,0.001769054157801572,-0.001074930108876819,0.008532813020488167,planned_command_not_execution
required09_test_000,adaptive_rollout_adp,5,cand_0021,11,636.0,0.0013596413026843884,-0.0008182531221691287,0.006642602261740332,planned_command_not_execution
required09_test_000,adaptive_rollout_adp,5,cand_0021,12,639.0,0.000952027235300255,-0.0005588030617536482,0.004752314980855554,planned_command_not_execution
required09_test_000,adaptive_rollout_adp,5,cand_0021,13,642.0,0.0005462166513238867,-0.00029659215411045333,0.0028619729537608524,planned_command_not_execution
required09_test_000,adaptive_rollout_adp,5,cand_0021,14,645.0,0.00014221422565404562,-3.163265752431302e-05,0.0009715979570139588,planned_command_not_execution
required09_test_000,adaptive_rollout_adp,5,cand_0021,15,648.0,-0.00025997538764031694,0.00023606313805652423,-0.0009187882324476308,planned_command_not_execution
required09_test_000,adaptive_rollout_adp,5,cand_0021,16,651.0,-0.0006603475553736737,0.0005064829111619102,-0.002809163837557461,planned_command_not_execution
required09_test_000,adaptive_rollout_adp,5,cand_0021,17,654.0,-0.0010588976652972943,0.0007796143089417387,-0.004699507081371006,planned_command_not_execution
required09_test_000,adaptive_rollout_adp,5,cand_0021,18,657.0,-0.0014556211261523787,0.0010554449473082486,-0.00658979618731655,planned_command_not_execution
required09_test_000,adaptive_rollout_adp,5,cand_0021,19,660.0,-0.0018505133677229472,0.0013339624110786856,-0.008480009379446027,planned_command_not_execution
required09_test_000,adaptive_rollout_adp,5,cand_0021,20,663.0,-0.002243569840888489,0.001615154254118331,-0.010370124882685901,planned_command_not_execution
required09_test_000,adaptive_rollout_adp,5,cand_0021,21,666.0,-0.002634786017676371,0.00189900799948387,-0.012260120923087998,planned_command_not_execution
required09_test_000,adaptive_rollout_adp,5,cand_0021,22,669.0,-0.003024157391313992,0.0021855111395671337,-0.014149975728080343,planned_command_not_execution
required09_test_000,adaptive_rollout_adp,5,cand_0021,23,672.0,-0.0034116794762807114,0.002474651136239178,-0.01603966752671799,planned_command_not_execution
required09_test_000,adaptive_rollout_adp,5,cand_0021,24,675.0,-0.0037973478083595095,0.002766415420994728,-0.0179291745499338,planned_command_not_execution
required09_test_000,adaptive_rollout_adp,5,cand_0021,25,678.0,-0.004181157944688425,0.003060791395096963,-0.01981847503078922,planned_command_not_execution
required09_test_000,adaptive_rollout_adp,5,cand_0021,26,681.0,-0.004563105463811729,0.0033577664297226545,-0.021707547204725064,planned_command_not_execution
required09_test_000,adaptive_rollout_adp,5,cand_0021,27,684.0,-0.004943185965730866,0.003657327866107644,-0.023596369309812217,planned_command_not_execution
required09_test_000,adaptive_rollout_adp,5,cand_0021,28,687.0,-0.005321395071955138,0.003959463015692677,-0.025484919587002323,planned_command_not_execution
required09_test_000,adaptive_rollout_adp,5,cand_0021,29,690.0,-0.005697728425552142,0.004264159160269572,-0.02737317628037846,planned_command_not_execution
required09_test_000,adaptive_rollout_adp,5,cand_0021,30,693.0,-0.00014275698506686807,0.0,5.0884897640337884e-05,planned_command_not_execution
required09_test_000,adaptive_rollout_adp,5,cand_0021,31,696.0,-0.00014275698506686807,0.0,5.0884897640337884e-05,planned_command_not_execution
required09_test_000,adaptive_rollout_adp,5,cand_0021,32,699.0,-0.00014275698506686807,0.0,5.0884897640337884e-05,planned_command_not_execution
required09_test_000,adaptive_rollout_adp,5,cand_0021,33,702.0,-0.00014275698506686807,0.0,5.0884897640337884e-05,planned_command_not_execution
required09_test_000,adaptive_rollout_adp,5,cand_0021,34,705.0,-0.00014275698506686807,0.0,5.0884897640337884e-05,planned_command_not_execution
required09_test_000,adaptive_rollout_adp,5,cand_0021,35,708.0,-0.00014275698506686807,0.0,5.0884897640337884e-05,planned_command_not_execution
required09_test_000,adaptive_rollout_adp,5,cand_0021,36,711.0,-0.00014275698506686807,0.0,5.0884897640337884e-05,planned_command_not_execution
required09_test_000,adaptive_rollout_adp,5,cand_0021,37,714.0,-0.00014275698506686807,0.0,5.0884897640337884e-05,planned_command_not_execution
required09_test_000,adaptive_rollout_adp,5,cand_0021,38,717.0,-0.00014275698506686807,0.0,5.0884897640337884e-05,planned_command_not_execution
required09_test_000,adaptive_rollout_adp,5,cand_0021,39,720.0,-0.00014275698506686807,0.0,5.0884897640337884e-05,planned_command_not_execution
required09_test_000,adaptive_rollout_adp,5,cand_0021,40,723.0,-0.00014275698506686807,0.0,5.0884897640337884e-05,planned_command_not_execution
required09_test_000,adaptive_rollout_adp,5,cand_0021,41,726.0,-0.00014275698506686807,0.0,5.0884897640337884e-05,planned_command_not_execution
required09_test_000,adaptive_rollout_adp,5,cand_0021,42,729.0,-0.00014275698506686807,0.0,5.0884897640337884e-05,planned_command_not_execution
required09_test_000,adaptive_rollout_adp,5,cand_0021,43,732.0,-0.00014275698506686807,0.0,5.0884897640337884e-05,planned_command_not_execution
required09_test_000,adaptive_rollout_adp,5,cand_0021,44,735.0,-0.00014275698506686807,0.0,5.0884897640337884e-05,planned_command_not_execution
required09_test_000,adaptive_rollout_adp,5,cand_0021,45,738.0,-0.00014275698506686807,0.0,5.0884897640337884e-05,planned_command_not_execution
required09_test_000,adaptive_rollout_adp,5,cand_0021,46,741.0,-0.00014275698506686807,0.0,5.0884897640337884e-05,planned_command_not_execution
required09_test_000,adaptive_rollout_adp,5,cand_0021,47,744.0,-0.00014275698506686807,0.0,5.0884897640337884e-05,planned_command_not_execution
required09_test_000,adaptive_rollout_adp,5,cand_0021,48,747.0,-0.00014275698506686807,0.0,5.0884897640337884e-05,planned_command_not_execution
required09_test_000,adaptive_rollout_adp,5,cand_0021,49,750.0,-0.00014275698506686807,0.0,5.0884897640337884e-05,planned_command_not_execution
required09_test_000,adaptive_rollout_adp,6,cand_0015,0,753.0,0.008042806999677816,-0.010333828407620467,0.0012866799548482155,planned_command_not_execution
required09_test_000,adaptive_rollout_adp,6,cand_0015,1,756.0,0.007456109256173565,-0.009637943943533593,0.001201596204594028,planned_command_not_execution
required09_test_000,adaptive_rollout_adp,6,cand_0015,2,759.0,0.0068744064902112705,-0.00893809380751629,0.0011164986120675352,planned_command_not_execution
required09_test_000,adaptive_rollout_adp,6,cand_0015,3,762.0,0.006297705402950655,-0.00823431192925169,0.001031388157584791,planned_command_not_execution
required09_test_000,adaptive_rollout_adp,6,cand_0015,4,765.0,0.005726012637932587,-0.0075266322837162294,0.0009462658216100152,planned_command_not_execution
required09_test_000,adaptive_rollout_adp,6,cand_0015,5,768.0,0.00515933478100254,-0.006815088890788232,0.0008611325847443037,planned_command_not_execution
required09_test_000,adaptive_rollout_adp,6,cand_0015,6,771.0,0.00459767836023473,-0.0060997158148560285,0.0007759894277143276,planned_command_not_execution
required09_test_000,adaptive_rollout_adp,6,cand_0015,7,774.0,0.004041049845856919,-0.005380547164425528,0.0006908373313610392,planned_command_not_execution
required09_test_000,adaptive_rollout_adp,6,cand_0015,8,777.0,0.0034894556501758687,-0.004657617091727285,0.0006056772766283693,planned_command_not_execution
required09_test_000,adaptive_rollout_adp,6,cand_0015,9,780.0,0.0029429021275034755,-0.003930959792323081,0.0005205102445519296,planned_command_not_execution
required09_test_000,adaptive_rollout_adp,6,cand_0015,10,783.0,0.002401395574083573,-0.0032006095047119897,0.0004353372162477099,planned_command_not_execution
required09_test_000,adaptive_rollout_adp,6,cand_0015,11,786.0,0.0018649422280193925,-0.002466600509935952,0.00035015917290077535,planned_command_not_execution
required09_test_000,adaptive_rollout_adp,6,cand_0015,12,789.0,0.0013335482692017025,-0.0017289671311848573,0.00026497709575396466,planned_command_not_execution
required09_test_000,adaptive_rollout_adp,6,cand_0015,13,792.0,0.0008072198192376212,-0.000987743733401156,0.00017979196609658522,planned_command_not_execution
required09_test_000,adaptive_rollout_adp,6,cand_0015,14,795.0,0.000285962941380096,-0.00024296472288396794,9.46047652531088e-05,planned_command_not_execution
required09_test_000,adaptive_rollout_adp,6,cand_0015,15,798.0,-0.00023021635954195154,0.0005053354531072766,9.416474571867419e-06,planned_command_not_execution
required09_test_000,adaptive_rollout_adp,6,cand_0015,16,801.0,-0.0007413121371927928,0.001257122306749649,-7.577192458625205e-05,planned_command_not_execution
required09_test_000,adaptive_rollout_adp,6,cand_0015,17,804.0,-0.001247318503798397,0.002012361310054043,-0.00016095945085911373,planned_command_not_execution
required09_test_000,adaptive_rollout_adp,6,cand_0015,18,807.0,-0.0017482296302142584,0.002771017895262914,-0.0002461451228946362,planned_command_not_execution
required09_test_000,adaptive_rollout_adp,6,cand_0015,19,810.0,-0.002244039745992547,0.0035330574552485078,-0.0003313279593620997,planned_command_not_execution
required09_test_000,adaptive_rollout_adp,6,cand_0015,20,813.0,-0.0027347431394485816,0.004298445343911524,-0.00041650697896344956,planned_command_not_execution
required09_test_000,adaptive_rollout_adp,6,cand_0015,21,816.0,-0.0032203341577266287,0.005067146876580238,-0.0005016812004446007,planned_command_not_execution
required09_test_000,adaptive_rollout_adp,6,cand_0015,22,819.0,-0.0037008072068650255,0.005839127330410073,-0.0005868496426067425,planned_command_not_execution
required09_test_000,adaptive_rollout_adp,6,cand_0015,23,822.0,-0.004176156751860618,0.006614351944783588,-0.0006720113243176413,planned_command_not_execution
required09_test_000,adaptive_rollout_adp,6,cand_0015,24,825.0,-0.004646377316732528,0.007392785921710931,-0.0007571652645229432,planned_command_not_execution
required09_test_000,adaptive_rollout_adp,6,cand_0015,25,828.0,-0.0051114634845852314,0.008174394426230702,-0.0008423104822574755,planned_command_not_execution
required09_test_000,adaptive_rollout_adp,6,cand_0015,26,831.0,-0.0055714098976709595,0.008959142586811252,-0.0009274459966565475,planned_command_not_execution
required09_test_000,adaptive_rollout_adp,6,cand_0015,27,834.0,-0.006026211257451428,0.009746995495752392,-0.0010125708269672507,planned_command_not_execution
required09_test_000,adaptive_rollout_adp,6,cand_0015,28,837.0,-0.006475862324658866,0.010537918209587533,-0.0010976839925597552,planned_command_not_execution
required09_test_000,adaptive_rollout_adp,6,cand_0015,29,840.0,-0.006920357919356378,0.011331875749486235,-0.0011827845129386086,planned_command_not_execution
required09_test_000,adaptive_rollout_adp,6,cand_0015,30,843.0,-0.00018277087839524157,0.0,5.309224133438586e-05,planned_command_not_execution
required09_test_000,adaptive_rollout_adp,6,cand_0015,31,846.0,-0.00018277087839524157,0.0,5.309224133438586e-05,planned_command_not_execution
required09_test_000,adaptive_rollout_adp,6,cand_0015,32,849.0,-0.00018277087839524157,0.0,5.309224133438586e-05,planned_command_not_execution
required09_test_000,adaptive_rollout_adp,6,cand_0015,33,852.0,-0.00018277087839524157,0.0,5.309224133438586e-05,planned_command_not_execution
required09_test_000,adaptive_rollout_adp,6,cand_0015,34,855.0,-0.00018277087839524157,0.0,5.309224133438586e-05,planned_command_not_execution
required09_test_000,adaptive_rollout_adp,6,cand_0015,35,858.0,-0.00018277087839524157,0.0,5.309224133438586e-05,planned_command_not_execution
required09_test_000,adaptive_rollout_adp,6,cand_0015,36,861.0,-0.00018277087839524157,0.0,5.309224133438586e-05,planned_command_not_execution
required09_test_000,adaptive_rollout_adp,6,cand_0015,37,864.0,-0.00018277087839524157,0.0,5.309224133438586e-05,planned_command_not_execution
required09_test_000,adaptive_rollout_adp,6,cand_0015,38,867.0,-0.00018277087839524157,0.0,5.309224133438586e-05,planned_command_not_execution
required09_test_000,adaptive_rollout_adp,6,cand_0015,39,870.0,-0.00018277087839524157,0.0,5.309224133438586e-05,planned_command_not_execution
required09_test_000,adaptive_rollout_adp,6,cand_0015,40,873.0,-0.00018277087839524157,0.0,5.309224133438586e-05,planned_command_not_execution
required09_test_000,adaptive_rollout_adp,6,cand_0015,41,876.0,-0.00018277087839524157,0.0,5.309224133438586e-05,planned_command_not_execution
required09_test_000,adaptive_rollout_adp,6,cand_0015,42,879.0,-0.00018277087839524157,0.0,5.309224133438586e-05,planned_command_not_execution
required09_test_000,adaptive_rollout_adp,6,cand_0015,43,882.0,-0.00018277087839524157,0.0,5.309224133438586e-05,planned_command_not_execution
required09_test_000,adaptive_rollout_adp,6,cand_0015,44,885.0,-0.00018277087839524157,0.0,5.309224133438586e-05,planned_command_not_execution
required09_test_000,adaptive_rollout_adp,6,cand_0015,45,888.0,-0.00018277087839524157,0.0,5.309224133438586e-05,planned_command_not_execution
required09_test_000,adaptive_rollout_adp,6,cand_0015,46,891.0,-0.00018277087839524157,0.0,5.309224133438586e-05,planned_command_not_execution
required09_test_000,adaptive_rollout_adp,6,cand_0015,47,894.0,-0.00018277087839524157,0.0,5.309224133438586e-05,planned_command_not_execution
required09_test_000,adaptive_rollout_adp,6,cand_0015,48,897.0,-0.00018277087839524157,0.0,5.309224133438586e-05,planned_command_not_execution
required09_test_000,adaptive_rollout_adp,6,cand_0015,49,900.0,-0.00018277087839524157,0.0,5.309224133438586e-05,planned_command_not_execution
required09_test_000,adaptive_rollout_adp,7,cand_0052,0,903.0,-0.0009719149501330356,-0.011003097734537953,-0.058161672311352754,planned_command_not_execution
required09_test_000,adaptive_rollout_adp,7,cand_0052,1,906.0,-0.0009385871222649311,-0.010243475268106516,-0.054153357982682594,planned_command_not_execution
required09_test_000,adaptive_rollout_adp,7,cand_0052,2,909.0,-0.0009001360550196175,-0.009484096426654052,-0.050144419812555074,planned_command_not_execution
required09_test_000,adaptive_rollout_adp,7,cand_0052,3,912.0,-0.0008565621913496793,-0.008724995986283658,-0.04613490398355101,planned_command_not_execution
required09_test_000,adaptive_rollout_adp,7,cand_0052,4,915.0,-0.0008078660332218204,-0.00796620871989128,-0.04212485668490576,planned_command_not_execution
required09_test_000,adaptive_rollout_adp,7,cand_0052,5,918.0,-0.0007540481416110814,-0.0072077693967651235,-0.03811432411197718,planned_command_not_execution
required09_test_000,adaptive_rollout_adp,7,cand_0052,6,921.0,-0.0006951091364943793,-0.006449712782185134,-0.03410335246571342,planned_command_not_execution
required09_test_000,adaptive_rollout_adp,7,cand_0052,7,924.0,-0.0006310496968433656,-0.005692073637022479,-0.03009198795212075,planned_command_not_execution
required09_test_000,adaptive_rollout_adp,7,cand_0052,8,927.0,-0.0005618705606166021,-0.004934886717339127,-0.026080276781731193,planned_command_not_execution
required09_test_000,adaptive_rollout_adp,7,cand_0052,9,930.0,-0.0004875725247510611,-0.004178186773987443,-0.022068265169070254,planned_command_not_execution
required09_test_000,adaptive_rollout_adp,7,cand_0052,10,933.0,-0.0004081564451529451,-0.003422008552209882,-0.018055999332124477,planned_command_not_execution
required09_test_000,adaptive_rollout_adp,7,cand_0052,11,936.0,-0.00032362323668782623,-0.0026663867912387167,-0.014043525491809074,planned_command_not_execution
required09_test_000,adaptive_rollout_adp,7,cand_0052,12,939.0,-0.0002339738731701068,-0.0019113562238958345,-0.010030889871435404,planned_command_not_execution
required09_test_000,adaptive_rollout_adp,7,cand_0052,13,942.0,-0.0001392093873518025,-0.0011569515761926386,-0.006018138696178552,planned_command_not_execution
required09_test_000,adaptive_rollout_adp,7,cand_0052,14,945.0,-3.9330870910643696e-05,-0.0004032075669299975,-0.002005318192544757,planned_command_not_execution
required09_test_000,adaptive_rollout_adp,7,cand_0052,15,948.0,6.566052556249982e-05,0.0003498410927017173,0.0020075254121610653,planned_command_not_execution
required09_test_000,adaptive_rollout_adp,7,cand_0052,16,951.0,0.00017576359257687397,0.001102159699522487,0.006020345890367908,planned_command_not_execution
required09_test_000,adaptive_rollout_adp,7,cand_0052,17,954.0,0.00029097706175577377,0.0018537135587624366,0.01003309701477114,planned_command_not_execution
required09_test_000,adaptive_rollout_adp,7,cand_0052,18,957.0,0.0004112996058511536,0.002604467984461509,0.014045732558865105,planned_command_not_execution
required09_test_000,adaptive_rollout_adp,7,cand_0052,19,960.0,0.0005367298387589184,0.0033543882998690404,0.01805820629747562,planned_command_not_execution
required09_test_000,adaptive_rollout_adp,7,cand_0052,20,963.0,0.0006672663155348912,0.0041034398378432405,0.022070472007292466,planned_command_not_execution
required09_test_000,adaptive_rollout_adp,7,cand_0052,21,966.0,0.0008029075324114587,0.00485158794125055,0.026082483467401926,planned_command_not_execution
required09_test_000,adaptive_rollout_adp,7,cand_0052,22,969.0,0.0009436519268148931,0.00559879796336489,0.030094194459819184,planned_command_not_execution
required09_test_000,adaptive_rollout_adp,7,cand_0052,23,972.0,0.0010894978773833548,0.006345035268266785,0.03410555877002081,planned_command_not_execution
required09_test_000,adaptive_rollout_adp,7,cand_0052,24,975.0,0.0012404437039855705,0.007090265231242368,0.038116530187477106,planned_command_not_execution
required09_test_000,adaptive_rollout_adp,7,cand_0052,25,978.0,0.0013964876677401853,0.007834453239182256,0.042127062506184455,planned_command_not_execution
required09_test_000,adaptive_rollout_adp,7,cand_0052,26,981.0,0.0015576279710357976,0.008577564690980286,0.04613710952519762,planned_command_not_execution
required09_test_000,adaptive_rollout_adp,7,cand_0052,27,984.0,0.001723862757551666,0.009319564997932121,0.05014662504916198,planned_command_not_execution
required09_test_000,adaptive_rollout_adp,7,cand_0052,28,987.0,0.0018951901122790937,0.0100604195841337,0.05415556288884567,planned_command_not_execution
required09_test_000,adaptive_rollout_adp,7,cand_0052,29,990.0,0.0020716080615434903,0.01080009388687956,0.05816387686167169,planned_command_not_execution
required09_test_000,adaptive_rollout_adp,7,cand_0052,30,993.0,-0.00017463201166546547,0.0,-5.0885957490991046e-05,planned_command_not_execution
required09_test_000,adaptive_rollout_adp,7,cand_0052,31,996.0,-0.00017463201166546547,0.0,-5.0885957490991046e-05,planned_command_not_execution
required09_test_000,adaptive_rollout_adp,7,cand_0052,32,999.0,-0.00017463201166546547,0.0,-5.0885957490991046e-05,planned_command_not_execution
required09_test_000,adaptive_rollout_adp,7,cand_0052,33,1002.0,-0.00017463201166546547,0.0,-5.0885957490991046e-05,planned_command_not_execution
required09_test_000,adaptive_rollout_adp,7,cand_0052,34,1005.0,-0.00017463201166546547,0.0,-5.0885957490991046e-05,planned_command_not_execution
required09_test_000,adaptive_rollout_adp,7,cand_0052,35,1008.0,-0.00017463201166546547,0.0,-5.0885957490991046e-05,planned_command_not_execution
required09_test_000,adaptive_rollout_adp,7,cand_0052,36,1011.0,-0.00017463201166546547,0.0,-5.0885957490991046e-05,planned_command_not_execution
required09_test_000,adaptive_rollout_adp,7,cand_0052,37,1014.0,-0.00017463201166546547,0.0,-5.0885957490991046e-05,planned_command_not_execution
required09_test_000,adaptive_rollout_adp,7,cand_0052,38,1017.0,-0.00017463201166546547,0.0,-5.0885957490991046e-05,planned_command_not_execution
required09_test_000,adaptive_rollout_adp,7,cand_0052,39,1020.0,-0.00017463201166546547,0.0,-5.0885957490991046e-05,planned_command_not_execution
required09_test_000,adaptive_rollout_adp,7,cand_0052,40,1023.0,-0.00017463201166546547,0.0,-5.0885957490991046e-05,planned_command_not_execution
required09_test_000,adaptive_rollout_adp,7,cand_0052,41,1026.0,-0.00017463201166546547,0.0,-5.0885957490991046e-05,planned_command_not_execution
required09_test_000,adaptive_rollout_adp,7,cand_0052,42,1029.0,-0.00017463201166546547,0.0,-5.0885957490991046e-05,planned_command_not_execution
required09_test_000,adaptive_rollout_adp,7,cand_0052,43,1032.0,-0.00017463201166546547,0.0,-5.0885957490991046e-05,planned_command_not_execution
required09_test_000,adaptive_rollout_adp,7,cand_0052,44,1035.0,-0.00017463201166546547,0.0,-5.0885957490991046e-05,planned_command_not_execution
required09_test_000,adaptive_rollout_adp,7,cand_0052,45,1038.0,-0.00017463201166546547,0.0,-5.0885957490991046e-05,planned_command_not_execution
required09_test_000,adaptive_rollout_adp,7,cand_0052,46,1041.0,-0.00017463201166546547,0.0,-5.0885957490991046e-05,planned_command_not_execution
required09_test_000,adaptive_rollout_adp,7,cand_0052,47,1044.0,-0.00017463201166546547,0.0,-5.0885957490991046e-05,planned_command_not_execution
required09_test_000,adaptive_rollout_adp,7,cand_0052,48,1047.0,-0.00017463201166546547,0.0,-5.0885957490991046e-05,planned_command_not_execution
required09_test_000,adaptive_rollout_adp,7,cand_0052,49,1050.0,-0.00017463201166546547,0.0,-5.0885957490991046e-05,planned_command_not_execution
required09_test_000,adaptive_rollout_adp,8,cand_0062,0,1053.0,-0.027335516397987498,-0.0033517835743538163,-0.020795981786260926,planned_command_not_execution
required09_test_000,adaptive_rollout_adp,8,cand_0062,1,1056.0,-0.025461640744211166,-0.0030675092930820607,-0.0193676082469639,planned_command_not_execution
required09_test_000,adaptive_rollout_adp,8,cand_0062,2,1059.0,-0.023586758506205355,-0.002795958683038598,-0.017939011594689122,planned_command_not_execution
required09_test_000,adaptive_rollout_adp,8,cand_0062,3,1062.0,-0.021710891282432532,-0.0025371385038175653,-0.01651020828673216,planned_command_not_execution
required09_test_000,adaptive_rollout_adp,8,cand_0062,4,1065.0,-0.01983406068270203,-0.0022910553683597613,-0.01508121478276922,planned_command_not_execution
required09_test_000,adaptive_rollout_adp,8,cand_0062,5,1068.0,-0.017956288327921233,-0.002057715742876477,-0.013652047544667544,planned_command_not_execution
required09_test_000,adaptive_rollout_adp,8,cand_0062,6,1071.0,-0.016077595849846422,-0.001837125946774991,-0.012222723036295777,planned_command_not_execution
required09_test_000,adaptive_rollout_adp,8,cand_0062,7,1074.0,-0.014198004890833636,-0.0016292921525857826,-0.010793257723334313,planned_command_not_execution
required09_test_000,adaptive_rollout_adp,8,cand_0062,8,1077.0,-0.012317537103589304,-0.0014342203858914203,-0.009363668073085578,planned_command_not_execution
required09_test_000,adaptive_rollout_adp,8,cand_0062,9,1080.0,-0.010436214150920846,-0.0012519165252571447,-0.00793397055428438,planned_command_not_execution
required09_test_000,adaptive_rollout_adp,8,cand_0062,10,1083.0,-0.0085540577054871,-0.0010823863021631537,-0.0065041816369081455,planned_command_not_execution
required09_test_000,adaptive_rollout_adp,8,cand_0062,11,1086.0,-0.006671089449548668,-0.0009256353009385711,-0.0050743177919872,planned_command_not_execution
required09_test_000,adaptive_rollout_adp,8,cand_0062,12,1089.0,-0.004787331074718122,-0.0007816689586971205,-0.003644395491415039,planned_command_not_execution
required09_test_000,adaptive_rollout_adp,8,cand_0062,13,1092.0,-0.0029028042817101124,-0.0006504925652744862,-0.0022144312077585562,planned_command_not_execution
required09_test_000,adaptive_rollout_adp,8,cand_0062,14,1095.0,-0.0010175307800914285,-0.0005321112631673779,-0.0007844414140682834,planned_command_not_execution
required09_test_000,adaptive_rollout_adp,8,cand_0062,15,1098.0,0.0008684677119691564,-0.00042653004747428736,0.0006455574163113618,planned_command_not_execution
required09_test_000,adaptive_rollout_adp,8,cand_0062,16,1101.0,0.0027551694679510356,-0.0003337537658379462,0.0020755488099318854,planned_command_not_execution
required09_test_000,adaptive_rollout_adp,8,cand_0062,17,1104.0,0.004642552753232078,-0.000253787118389482,0.00350551629343044,planned_command_not_execution
required09_test_000,adaptive_rollout_adp,8,cand_0062,18,1107.0,0.006530595825338998,-0.00018663465769427255,0.004935443393719624,planned_command_not_execution
required09_test_000,adaptive_rollout_adp,8,cand_0062,19,1110.0,0.008419276934197832,-0.00013230078869950096,0.0063653136381772585,planned_command_not_execution
required09_test_000,adaptive_rollout_adp,8,cand_0062,20,1113.0,0.010308574322384486,-9.078976868341198e-05,0.007795110554836128,planned_command_not_execution
required09_test_000,adaptive_rollout_adp,8,cand_0062,21,1116.0,0.012198466225375399,-6.210570720626638e-05,0.009224817672573752,planned_command_not_execution
required09_test_000,adaptive_rollout_adp,8,cand_0062,22,1119.0,0.014088930871798244,-4.625256606300137e-05,0.010654418521302118,planned_command_not_execution
required09_test_000,adaptive_rollout_adp,8,cand_0062,23,1122.0,0.01597994648368276,-4.3234159237590195e-05,0.012083896632157434,planned_command_not_execution
required09_test_000,adaptive_rollout_adp,8,cand_0062,24,1125.0,0.017871491276711605,-5.305415285910536e-05,0.01351323553768982,planned_command_not_execution
required09_test_000,adaptive_rollout_adp,8,cand_0062,25,1128.0,0.019763543460471333,-7.571606515948526e-05,0.014942418772053047,planned_command_not_execution
required09_test_000,adaptive_rollout_adp,8,cand_0062,26,1131.0,0.021656081238703388,-0.00011122326643300473,0.01637142987119418,planned_command_not_execution
required09_test_000,adaptive_rollout_adp,8,cand_0062,27,1134.0,0.023549082809555227,-0.00015957897899744933,0.017800252373043286,planned_command_not_execution
required09_test_000,adaptive_rollout_adp,8,cand_0062,28,1137.0,0.025442526365831455,-0.0002207862771569948,0.019228869817703047,planned_command_not_execution
required09_test_000,adaptive_rollout_adp,8,cand_0062,29,1140.0,0.027336390095245054,-0.0002948480871667909,0.02065726574763838,planned_command_not_execution
required09_test_000,adaptive_rollout_adp,8,cand_0062,30,1143.0,-2.8430599977740728e-05,0.0,-8.793915899899543e-05,planned_command_not_execution
required09_test_000,adaptive_rollout_adp,8,cand_0062,31,1146.0,-2.8430599977740728e-05,0.0,-8.793915899899543e-05,planned_command_not_execution
required09_test_000,adaptive_rollout_adp,8,cand_0062,32,1149.0,-2.8430599977740728e-05,0.0,-8.793915899899543e-05,planned_command_not_execution
required09_test_000,adaptive_rollout_adp,8,cand_0062,33,1152.0,-2.8430599977740728e-05,0.0,-8.793915899899543e-05,planned_command_not_execution
required09_test_000,adaptive_rollout_adp,8,cand_0062,34,1155.0,-2.8430599977740728e-05,0.0,-8.793915899899543e-05,planned_command_not_execution
required09_test_000,adaptive_rollout_adp,8,cand_0062,35,1158.0,-2.8430599977740728e-05,0.0,-8.793915899899543e-05,planned_command_not_execution
required09_test_000,adaptive_rollout_adp,8,cand_0062,36,1161.0,-2.8430599977740728e-05,0.0,-8.793915899899543e-05,planned_command_not_execution
required09_test_000,adaptive_rollout_adp,8,cand_0062,37,1164.0,-2.8430599977740728e-05,0.0,-8.793915899899543e-05,planned_command_not_execution
required09_test_000,adaptive_rollout_adp,8,cand_0062,38,1167.0,-2.8430599977740728e-05,0.0,-8.793915899899543e-05,planned_command_not_execution
required09_test_000,adaptive_rollout_adp,8,cand_0062,39,1170.0,-2.8430599977740728e-05,0.0,-8.793915899899543e-05,planned_command_not_execution
required09_test_000,adaptive_rollout_adp,8,cand_0062,40,1173.0,-2.8430599977740728e-05,0.0,-8.793915899899543e-05,planned_command_not_execution
required09_test_000,adaptive_rollout_adp,8,cand_0062,41,1176.0,-2.8430599977740728e-05,0.0,-8.793915899899543e-05,planned_command_not_execution
required09_test_000,adaptive_rollout_adp,8,cand_0062,42,1179.0,-2.8430599977740728e-05,0.0,-8.793915899899543e-05,planned_command_not_execution
required09_test_000,adaptive_rollout_adp,8,cand_0062,43,1182.0,-2.8430599977740728e-05,0.0,-8.793915899899543e-05,planned_command_not_execution
required09_test_000,adaptive_rollout_adp,8,cand_0062,44,1185.0,-2.8430599977740728e-05,0.0,-8.793915899899543e-05,planned_command_not_execution
required09_test_000,adaptive_rollout_adp,8,cand_0062,45,1188.0,-2.8430599977740728e-05,0.0,-8.793915899899543e-05,planned_command_not_execution
required09_test_000,adaptive_rollout_adp,8,cand_0062,46,1191.0,-2.8430599977740728e-05,0.0,-8.793915899899543e-05,planned_command_not_execution
required09_test_000,adaptive_rollout_adp,8,cand_0062,47,1194.0,-2.8430599977740728e-05,0.0,-8.793915899899543e-05,planned_command_not_execution
required09_test_000,adaptive_rollout_adp,8,cand_0062,48,1197.0,-2.8430599977740728e-05,0.0,-8.793915899899543e-05,planned_command_not_execution
required09_test_000,adaptive_rollout_adp,8,cand_0062,49,1200.0,-2.8430599977740728e-05,0.0,-8.793915899899543e-05,planned_command_not_execution
required09_test_000,adaptive_rollout_adp,9,cand_0045,0,1203.0,0.010480718498445772,0.04035812580581377,0.013154964018886864,planned_command_not_execution
required09_test_000,adaptive_rollout_adp,9,cand_0045,1,1206.0,0.009831544080281784,0.03755696688239535,0.012243130185430799,planned_command_not_execution
required09_test_000,adaptive_rollout_adp,9,cand_0045,2,1209.0,0.009163709657425675,0.03476027802292389,0.011331155312296639,planned_command_not_execution
required09_test_000,adaptive_rollout_adp,9,cand_0045,3,1212.0,0.00847722292326555,0.03196818586925122,0.010419049905346912,planned_command_not_execution
required09_test_000,adaptive_rollout_adp,9,cand_0045,4,1215.0,0.007772091786062324,0.029180817010275577,0.009506824471947868,planned_command_not_execution
required09_test_000,adaptive_rollout_adp,9,cand_0045,5,1218.0,0.007048324368858636,0.026398297980483258,0.00859448952084846,planned_command_not_execution
required09_test_000,adaptive_rollout_adp,9,cand_0045,6,1221.0,0.006305929009385282,0.02362075525849106,0.007682055562059262,planned_command_not_execution
required09_test_000,adaptive_rollout_adp,9,cand_0045,7,1224.0,0.005544914259965153,0.020848315265589147,0.006769533106731427,planned_command_not_execution
required09_test_000,adaptive_rollout_adp,9,cand_0045,8,1227.0,0.004765288887414712,0.018081104364284763,0.005856932667035563,planned_command_not_execution
required09_test_000,adaptive_rollout_adp,9,cand_0045,9,1230.0,0.00396706187294301,0.015319248856846494,0.0049442647560406575,planned_command_not_execution
required09_test_000,adaptive_rollout_adp,9,cand_0045,10,1233.0,0.003150242412048203,0.012562874983849344,0.004031539887592955,planned_command_not_execution
required09_test_000,adaptive_rollout_adp,9,cand_0045,11,1236.0,0.0023148399144116557,0.009812108922720384,0.003118768576194853,planned_command_not_execution
required09_test_000,adaptive_rollout_adp,9,cand_0045,12,1239.0,0.0014608640037895005,0.007067076786285251,0.0022059613368837615,planned_command_not_execution
required09_test_000,adaptive_rollout_adp,9,cand_0045,13,1242.0,0.0005883245179018146,0.004327904621315309,0.0012931286851109742,planned_command_not_execution
required09_test_000,adaptive_rollout_adp,9,cand_0045,14,1245.0,-0.00030276849168073836,0.0015947184070756412,0.0003802811366205444,planned_command_not_execution
required09_test_000,adaptive_rollout_adp,9,cand_0045,15,1248.0,-0.0012124047596526947,-0.0011323559461262848,-0.0005325707926718791,planned_command_not_execution
required09_test_000,adaptive_rollout_adp,9,cand_0045,16,1251.0,-0.002140573807092037,-0.003853192598391,-0.0014454165868001724,planned_command_not_execution
required09_test_000,adaptive_rollout_adp,9,cand_0045,17,1254.0,-0.0030872649415809254,-0.006567665781676789,-0.0023582457298688894,planned_command_not_execution
required09_test_000,adaptive_rollout_adp,9,cand_0045,18,1257.0,-0.00405246725732886,-0.00927564980124847,-0.003271047706174403,planned_command_not_execution
required09_test_000,adaptive_rollout_adp,9,cand_0045,19,1260.0,-0.005036169635298314,-0.011977019037125398,-0.0041838120003260485,planned_command_not_execution
required09_test_000,adaptive_rollout_adp,9,cand_0045,20,1263.0,-0.006038360743332842,-0.014671647945528603,-0.005096528097367249,planned_command_not_execution
required09_test_000,adaptive_rollout_adp,9,cand_0045,21,1266.0,-0.007059029036287601,-0.017359411060327026,-0.0060091854828966595,planned_command_not_execution
required09_test_000,adaptive_rollout_adp,9,cand_0045,22,1269.0,-0.008098162756162368,-0.020040182994482916,-0.006921773643189282,planned_command_not_execution
required09_test_000,adaptive_rollout_adp,9,cand_0045,23,1272.0,-0.009155749932236982,-0.02271383844149621,-0.007834282065317591,planned_command_not_execution
required09_test_000,adaptive_rollout_adp,9,cand_0045,24,1275.0,-0.010231778381209249,-0.02538025217684811,-0.008746700237272632,planned_command_not_execution
required09_test_000,adaptive_rollout_adp,9,cand_0045,25,1278.0,-0.011326235707335286,-0.028039299059443645,-0.00965901764808513,planned_command_not_execution
required09_test_000,adaptive_rollout_adp,9,cand_0045,26,1281.0,-0.01243910930257233,-0.030690854033053258,-0.010571223787946558,planned_command_not_execution
required09_test_000,adaptive_rollout_adp,9,cand_0045,27,1284.0,-0.013570386346723978,-0.033334792127753476,-0.011483308148330231,planned_command_not_execution
required09_test_000,adaptive_rollout_adp,9,cand_0045,28,1287.0,-0.014720053807587855,-0.03597098846136654,-0.012395260222112346,planned_command_not_execution
required09_test_000,adaptive_rollout_adp,9,cand_0045,29,1290.0,-0.01588809844110578,-0.038599318240899,-0.013307069503693031,planned_command_not_execution
required09_test_000,adaptive_rollout_adp,9,cand_0045,30,1293.0,-9.894502883847387e-05,0.0,-6.4285932321836e-05,planned_command_not_execution
required09_test_000,adaptive_rollout_adp,9,cand_0045,31,1296.0,-9.894502883847387e-05,0.0,-6.4285932321836e-05,planned_command_not_execution
required09_test_000,adaptive_rollout_adp,9,cand_0045,32,1299.0,-9.894502883847387e-05,0.0,-6.4285932321836e-05,planned_command_not_execution
required09_test_000,adaptive_rollout_adp,9,cand_0045,33,1302.0,-9.894502883847387e-05,0.0,-6.4285932321836e-05,planned_command_not_execution
required09_test_000,adaptive_rollout_adp,9,cand_0045,34,1305.0,-9.894502883847387e-05,0.0,-6.4285932321836e-05,planned_command_not_execution
required09_test_000,adaptive_rollout_adp,9,cand_0045,35,1308.0,-9.894502883847387e-05,0.0,-6.4285932321836e-05,planned_command_not_execution
required09_test_000,adaptive_rollout_adp,9,cand_0045,36,1311.0,-9.894502883847387e-05,0.0,-6.4285932321836e-05,planned_command_not_execution
required09_test_000,adaptive_rollout_adp,9,cand_0045,37,1314.0,-9.894502883847387e-05,0.0,-6.4285932321836e-05,planned_command_not_execution
required09_test_000,adaptive_rollout_adp,9,cand_0045,38,1317.0,-9.894502883847387e-05,0.0,-6.4285932321836e-05,planned_command_not_execution
required09_test_000,adaptive_rollout_adp,9,cand_0045,39,1320.0,-9.894502883847387e-05,0.0,-6.4285932321836e-05,planned_command_not_execution
required09_test_000,adaptive_rollout_adp,9,cand_0045,40,1323.0,-9.894502883847387e-05,0.0,-6.4285932321836e-05,planned_command_not_execution
required09_test_000,adaptive_rollout_adp,9,cand_0045,41,1326.0,-9.894502883847387e-05,0.0,-6.4285932321836e-05,planned_command_not_execution
required09_test_000,adaptive_rollout_adp,9,cand_0045,42,1329.0,-9.894502883847387e-05,0.0,-6.4285932321836e-05,planned_command_not_execution
required09_test_000,adaptive_rollout_adp,9,cand_0045,43,1332.0,-9.894502883847387e-05,0.0,-6.4285932321836e-05,planned_command_not_execution
required09_test_000,adaptive_rollout_adp,9,cand_0045,44,1335.0,-9.894502883847387e-05,0.0,-6.4285932321836e-05,planned_command_not_execution
required09_test_000,adaptive_rollout_adp,9,cand_0045,45,1338.0,-9.894502883847387e-05,0.0,-6.4285932321836e-05,planned_command_not_execution
required09_test_000,adaptive_rollout_adp,9,cand_0045,46,1341.0,-9.894502883847387e-05,0.0,-6.4285932321836e-05,planned_command_not_execution
required09_test_000,adaptive_rollout_adp,9,cand_0045,47,1344.0,-9.894502883847387e-05,0.0,-6.4285932321836e-05,planned_command_not_execution
required09_test_000,adaptive_rollout_adp,9,cand_0045,48,1347.0,-9.894502883847387e-05,0.0,-6.4285932321836e-05,planned_command_not_execution
required09_test_000,adaptive_rollout_adp,9,cand_0045,49,1350.0,-9.894502883847387e-05,0.0,-6.4285932321836e-05,planned_command_not_execution
