scenario_id,split,scenario_seed,method,action,candidate_id,sample,time,boresight_x,boresight_y,boresight_z
required09_test_000_bg95,supplemental,202609360000,adaptive_rollout_adp,1,cand_0016,0,3.0,0.4419262621758827,0.4977628882929178,0.7462796297886908
required09_test_000_bg95,supplemental,202609360000,adaptive_rollout_adp,1,cand_0016,1,6.0,0.4376777806807921,0.49559047477200896,0.7502187958279846
required09_test_000_bg95,supplemental,202609360000,adaptive_rollout_adp,1,cand_0016,2,9.0,0.4304491989391575,0.4919807309594051,0.7567486025737259
required09_test_000_bg95,supplemental,202609360000,adaptive_rollout_adp,1,cand_0016,3,12.0,0.41992655720061467,0.4868293296891845,0.7659366098522894
required09_test_000_bg95,supplemental,202609360000,adaptive_rollout_adp,1,cand_0016,4,15.0,0.4055943323130355,0.47991632452765104,0.7779290192860872
required09_test_000_bg95,supplemental,202609360000,adaptive_rollout_adp,1,cand_0016,5,18.0,0.38668680252678767,0.470877332503366,0.7929362234670099
required09_test_000_bg95,supplemental,202609360000,adaptive_rollout_adp,1,cand_0016,6,21.0,0.362109700141891,0.4591523286114426,0.8112063265247872
required09_test_000_bg95,supplemental,202609360000,adaptive_rollout_adp,1,cand_0016,7,24.0,0.33032481538929687,0.4439031511260118,0.8329678917932096
required09_test_000_bg95,supplemental,202609360000,adaptive_rollout_adp,1,cand_0016,8,27.0,0.2891927801860955,0.42388735486605034,0.8583047513983013
required09_test_000_bg95,supplemental,202609360000,adaptive_rollout_adp,1,cand_0016,9,30.0,0.23578737945018236,0.39727765695895895,0.8868905090106757
required09_test_000_bg95,supplemental,202609360000,adaptive_rollout_adp,1,cand_0016,10,33.0,0.16625791269635484,0.3614393271344305,0.9174529520724544
required09_test_000_bg95,supplemental,202609360000,adaptive_rollout_adp,1,cand_0016,11,36.0,0.07599001166701946,0.3127690672582561,0.9467845735399614
required09_test_000_bg95,supplemental,202609360000,adaptive_rollout_adp,1,cand_0016,12,39.0,-0.03931604184258016,0.24695277280125216,0.9682296095759547
required09_test_000_bg95,supplemental,202609360000,adaptive_rollout_adp,1,cand_0016,13,42.0,-0.1806334272661385,0.1604509624059737,0.9703746975354858
required09_test_000_bg95,supplemental,202609360000,adaptive_rollout_adp,1,cand_0016,14,45.0,-0.3405195520609348,0.0540223316895371,0.9386841973438382
required09_test_000_bg95,supplemental,202609360000,adaptive_rollout_adp,1,cand_0016,15,48.0,-0.5001876263526309,-0.06336448031312,0.8635955541098906
required09_test_000_bg95,supplemental,202609360000,adaptive_rollout_adp,1,cand_0016,16,51.0,-0.6364973903880423,-0.17605155809242573,0.7509173862166473
required09_test_000_bg95,supplemental,202609360000,adaptive_rollout_adp,1,cand_0016,17,54.0,-0.7358789761208478,-0.27046907897608946,0.6207484271596332
required09_test_000_bg95,supplemental,202609360000,adaptive_rollout_adp,1,cand_0016,18,57.0,-0.7994469781692072,-0.34181305007304846,0.49401251795463946
required09_test_000_bg95,supplemental,202609360000,adaptive_rollout_adp,1,cand_0016,19,60.0,-0.8363065073164193,-0.39251165988341175,0.38278717673895624
required09_test_000_bg95,supplemental,202609360000,adaptive_rollout_adp,1,cand_0016,20,63.0,-0.8560228301064077,-0.4275505573175923,0.2905605535409658
required09_test_000_bg95,supplemental,202609360000,adaptive_rollout_adp,1,cand_0016,21,66.0,-0.865631792655993,-0.45158191664782366,0.21622990565564723
required09_test_000_bg95,supplemental,202609360000,adaptive_rollout_adp,1,cand_0016,22,69.0,-0.8695959153031774,-0.46808771123432796,0.15715227863266115
required09_test_000_bg95,supplemental,202609360000,adaptive_rollout_adp,1,cand_0016,23,72.0,-0.8705660385818075,-0.4794594902650929,0.11060456438464143
required09_test_000_bg95,supplemental,202609360000,adaptive_rollout_adp,1,cand_0016,24,75.0,-0.8700743550897031,-0.4872897061629146,0.07429238778567601
required09_test_000_bg95,supplemental,202609360000,adaptive_rollout_adp,1,cand_0016,25,78.0,-0.8689973193478633,-0.4926319536748082,0.04644800517534905
required09_test_000_bg95,supplemental,202609360000,adaptive_rollout_adp,1,cand_0016,26,81.0,-0.8678335092450693,-0.4961853470057719,0.025789564714246264
required09_test_000_bg95,supplemental,202609360000,adaptive_rollout_adp,1,cand_0016,27,84.0,-0.8668632347518946,-0.49841442671353303,0.011453884899981654
required09_test_000_bg95,supplemental,202609360000,adaptive_rollout_adp,1,cand_0016,28,87.0,-0.8662376429004032,-0.49962353835569084,0.0029437974272831196
required09_test_000_bg95,supplemental,202609360000,adaptive_rollout_adp,1,cand_0016,29,90.0,-0.8660254067832572,-0.4999999838009228,0.00010490457840320146
required09_test_000_bg95,supplemental,202609360000,adaptive_rollout_adp,1,cand_0016,30,93.0,-0.8660254067832572,-0.4999999838009228,0.00010490457840320146
required09_test_000_bg95,supplemental,202609360000,adaptive_rollout_adp,1,cand_0016,31,96.0,-0.8660254067832572,-0.4999999838009228,0.00010490457840320146
required09_test_000_bg95,supplemental,202609360000,adaptive_rollout_adp,1,cand_0016,32,99.0,-0.8660254067832572,-0.4999999838009228,0.00010490457840320146
required09_test_000_bg95,supplemental,202609360000,adaptive_rollout_adp,1,cand_0016,33,102.0,-0.8660254067832572,-0.4999999838009228,0.00010490457840320146
required09_test_000_bg95,supplemental,202609360000,adaptive_rollout_adp,1,cand_0016,34,105.0,-0.8660254067832572,-0.4999999838009228,0.00010490457840320146
required09_test_000_bg95,supplemental,202609360000,adaptive_rollout_adp,1,cand_0016,35,108.0,-0.8660254067832572,-0.4999999838009228,0.00010490457840320146
required09_test_000_bg95,supplemental,202609360000,adaptive_rollout_adp,1,cand_0016,36,111.0,-0.8660254067832572,-0.4999999838009228,0.00010490457840320146
required09_test_000_bg95,supplemental,202609360000,adaptive_rollout_adp,1,cand_0016,37,114.0,-0.8660254067832572,-0.4999999838009228,0.00010490457840320146
required09_test_000_bg95,supplemental,202609360000,adaptive_rollout_adp,1,cand_0016,38,117.0,-0.8660254067832572,-0.4999999838009228,0.00010490457840320146
required09_test_000_bg95,supplemental,202609360000,adaptive_rollout_adp,1,cand_0016,39,120.0,-0.8660254067832572,-0.4999999838009228,0.00010490457840320146
required09_test_000_bg95,supplemental,202609360000,adaptive_rollout_adp,1,cand_0016,40,123.0,-0.8660254067832572,-0.4999999838009228,0.00010490457840320146
required09_test_000_bg95,supplemental,202609360000,adaptive_rollout_adp,1,cand_0016,41,126.0,-0.8660254067832572,-0.4999999838009228,0.00010490457840320146
required09_test_000_bg95,supplemental,202609360000,adaptive_rollout_adp,1,cand_0016,42,129.0,-0.8660254067832572,-0.4999999838009228,0.00010490457840320146
required09_test_000_bg95,supplemental,202609360000,adaptive_rollout_adp,1,cand_0016,43,132.0,-0.8660254067832572,-0.4999999838009228,0.00010490457840320146
required09_test_000_bg95,supplemental,202609360000,adaptive_rollout_adp,1,cand_0016,44,135.0,-0.8660254067832572,-0.4999999838009228,0.00010490457840320146
required09_test_000_bg95,supplemental,202609360000,adaptive_rollout_adp,1,cand_0016,45,138.0,-0.8660254067832572,-0.4999999838009228,0.00010490457840320146
required09_test_000_bg95,supplemental,202609360000,adaptive_rollout_adp,1,cand_0016,46,141.0,-0.8660254067832572,-0.4999999838009228,0.00010490457840320146
required09_test_000_bg95,supplemental,202609360000,adaptive_rollout_adp,1,cand_0016,47,144.0,-0.8660254067832572,-0.4999999838009228,0.00010490457840320146
required09_test_000_bg95,supplemental,202609360000,adaptive_rollout_adp,1,cand_0016,48,147.0,-0.8660254067832572,-0.4999999838009228,0.00010490457840320146
required09_test_000_bg95,supplemental,202609360000,adaptive_rollout_adp,1,cand_0016,49,150.0,-0.8660254067832572,-0.4999999838009228,0.00010490457840320146
required09_test_000_bg95,supplemental,202609360000,adaptive_rollout_adp,2,cand_0021,0,153.0,-0.9805158718817618,0.19643986182237239,7.533362796437225e-05
required09_test_000_bg95,supplemental,202609360000,adaptive_rollout_adp,2,cand_0021,1,156.0,-0.9815599625299186,0.19115447736281385,7.577871880165937e-05
required09_test_000_bg95,supplemental,202609360000,adaptive_rollout_adp,2,cand_0021,2,159.0,-0.9832017232532808,0.18252223300322426,7.649376196003448e-05
required09_test_000_bg95,supplemental,202609360000,adaptive_rollout_adp,2,cand_0021,3,162.0,-0.9853302527184344,0.17065839293257287,7.745642420363535e-05
required09_test_000_bg95,supplemental,202609360000,adaptive_rollout_adp,2,cand_0021,4,165.0,-0.9878112228180833,0.15565661530996716,7.864405557528087e-05
required09_test_000_bg95,supplemental,202609360000,adaptive_rollout_adp,2,cand_0021,5,168.0,-0.9904876889822347,0.13760135017274988,8.00329199781165e-05
required09_test_000_bg95,supplemental,202609360000,adaptive_rollout_adp,2,cand_0021,6,171.0,-0.9931812642219863,0.11658031454867016,8.159748889282069e-05
required09_test_000_bg95,supplemental,202609360000,adaptive_rollout_adp,2,cand_0021,7,174.0,-0.9956943527179369,0.09269708207422907,8.330985681697577e-05
required09_test_000_bg95,supplemental,202609360000,adaptive_rollout_adp,2,cand_0021,8,177.0,-0.9978140887247564,0.06608356144817784,8.513934871766562e-05
required09_test_000_bg95,supplemental,202609360000,adaptive_rollout_adp,2,cand_0021,9,180.0,-0.9993185224202956,0.03691182967013716,8.705239852228992e-05
required09_test_000_bg95,supplemental,202609360000,adaptive_rollout_adp,2,cand_0021,10,183.0,-0.9999853917932442,0.005404468228931832,8.901277716053962e-05
required09_test_000_bg95,supplemental,202609360000,adaptive_rollout_adp,2,cand_0021,11,186.0,-0.9996034888279656,-0.028157713777802917,9.098223246570171e-05
required09_test_000_bg95,supplemental,202609360000,adaptive_rollout_adp,2,cand_0021,12,189.0,-0.9979861707159519,-0.06343180925445538,9.292156658109362e-05
required09_test_000_bg95,supplemental,202609360000,adaptive_rollout_adp,2,cand_0021,13,192.0,-0.9949860329605599,-0.1000139251697579,9.479211895990998e-05
required09_test_000_bg95,supplemental,202609360000,adaptive_rollout_adp,2,cand_0021,14,195.0,-0.99050925709361,-0.13744599771729984,9.655755109879226e-05
required09_test_000_bg95,supplemental,202609360000,adaptive_rollout_adp,2,cand_0021,15,198.0,-0.9845278178128575,-0.17522832622669754,9.818575716352418e-05
required09_test_000_bg95,supplemental,202609360000,adaptive_rollout_adp,2,cand_0021,16,201.0,-0.9770877268243682,-0.2128369426554807,9.965067244922718e-05
required09_test_000_bg95,supplemental,202609360000,adaptive_rollout_adp,2,cand_0021,17,204.0,-0.9683118843840136,-0.24974403771273707,0.00010093373831806808
required09_test_000_bg95,supplemental,202609360000,adaptive_rollout_adp,2,cand_0021,18,207.0,-0.958396869598325,-0.28543901263679333,0.00010202481839575353
required09_test_000_bg95,supplemental,202609360000,adaptive_rollout_adp,2,cand_0021,19,210.0,-0.9476039645927474,-0.3194475163388782,0.00010292244221488009
required09_test_000_bg95,supplemental,202609360000,adaptive_rollout_adp,2,cand_0021,20,213.0,-0.9362456312890879,-0.35134613581512997,0.00010363335991805395
required09_test_000_bg95,supplemental,202609360000,adaptive_rollout_adp,2,cand_0021,21,216.0,-0.9246693039032604,-0.3807711485490452,0.00010417149717089713
required09_test_000_bg95,supplemental,202609360000,adaptive_rollout_adp,2,cand_0021,22,219.0,-0.9132405796423729,-0.4074207073313848,0.00010455647678299605
required09_test_000_bg95,supplemental,202609360000,adaptive_rollout_adp,2,cand_0021,23,222.0,-0.9023276759218067,-0.43105075603693693,0.00010481190716160461
required09_test_000_bg95,supplemental,202609360000,adaptive_rollout_adp,2,cand_0021,24,225.0,-0.8922884866473327,-0.45146566378767927,0.00010496362650808185
required09_test_000_bg95,supplemental,202609360000,adaptive_rollout_adp,2,cand_0021,25,228.0,-0.883460884119875,-0.4685049148057443,0.00010503804633870236
required09_test_000_bg95,supplemental,202609360000,adaptive_rollout_adp,2,cand_0021,26,231.0,-0.8761562382545136,-0.4820272140968335,0.0001050606747064944
required09_test_000_bg95,supplemental,202609360000,adaptive_rollout_adp,2,cand_0021,27,234.0,-0.8706555647189892,-0.4918931556622228,0.0001050548336161468
required09_test_000_bg95,supplemental,202609360000,adaptive_rollout_adp,2,cand_0021,28,237.0,-0.8672073000199956,-0.4979472740747934,0.00010504052670050802
required09_test_000_bg95,supplemental,202609360000,adaptive_rollout_adp,2,cand_0021,29,240.0,-0.866025406856356,-0.4999999836472749,0.00010503336641439397
required09_test_000_bg95,supplemental,202609360000,adaptive_rollout_adp,2,cand_0021,30,243.0,-0.866025406856356,-0.4999999836472749,0.00010503336641439397
required09_test_000_bg95,supplemental,202609360000,adaptive_rollout_adp,2,cand_0021,31,246.0,-0.866025406856356,-0.4999999836472749,0.00010503336641439397
required09_test_000_bg95,supplemental,202609360000,adaptive_rollout_adp,2,cand_0021,32,249.0,-0.866025406856356,-0.4999999836472749,0.00010503336641439397
required09_test_000_bg95,supplemental,202609360000,adaptive_rollout_adp,2,cand_0021,33,252.0,-0.866025406856356,-0.4999999836472749,0.00010503336641439397
required09_test_000_bg95,supplemental,202609360000,adaptive_rollout_adp,2,cand_0021,34,255.0,-0.866025406856356,-0.4999999836472749,0.00010503336641439397
required09_test_000_bg95,supplemental,202609360000,adaptive_rollout_adp,2,cand_0021,35,258.0,-0.866025406856356,-0.4999999836472749,0.00010503336641439397
required09_test_000_bg95,supplemental,202609360000,adaptive_rollout_adp,2,cand_0021,36,261.0,-0.866025406856356,-0.4999999836472749,0.00010503336641439397
required09_test_000_bg95,supplemental,202609360000,adaptive_rollout_adp,2,cand_0021,37,264.0,-0.866025406856356,-0.4999999836472749,0.00010503336641439397
required09_test_000_bg95,supplemental,202609360000,adaptive_rollout_adp,2,cand_0021,38,267.0,-0.866025406856356,-0.4999999836472749,0.00010503336641439397
required09_test_000_bg95,supplemental,202609360000,adaptive_rollout_adp,2,cand_0021,39,270.0,-0.866025406856356,-0.4999999836472749,0.00010503336641439397
required09_test_000_bg95,supplemental,202609360000,adaptive_rollout_adp,2,cand_0021,40,273.0,-0.866025406856356,-0.4999999836472749,0.00010503336641439397
required09_test_000_bg95,supplemental,202609360000,adaptive_rollout_adp,2,cand_0021,41,276.0,-0.866025406856356,-0.4999999836472749,0.00010503336641439397
required09_test_000_bg95,supplemental,202609360000,adaptive_rollout_adp,2,cand_0021,42,279.0,-0.866025406856356,-0.4999999836472749,0.00010503336641439397
required09_test_000_bg95,supplemental,202609360000,adaptive_rollout_adp,2,cand_0021,43,282.0,-0.866025406856356,-0.4999999836472749,0.00010503336641439397
required09_test_000_bg95,supplemental,202609360000,adaptive_rollout_adp,2,cand_0021,44,285.0,-0.866025406856356,-0.4999999836472749,0.00010503336641439397
required09_test_000_bg95,supplemental,202609360000,adaptive_rollout_adp,2,cand_0021,45,288.0,-0.866025406856356,-0.4999999836472749,0.00010503336641439397
required09_test_000_bg95,supplemental,202609360000,adaptive_rollout_adp,2,cand_0021,46,291.0,-0.866025406856356,-0.4999999836472749,0.00010503336641439397
required09_test_000_bg95,supplemental,202609360000,adaptive_rollout_adp,2,cand_0021,47,294.0,-0.866025406856356,-0.4999999836472749,0.00010503336641439397
required09_test_000_bg95,supplemental,202609360000,adaptive_rollout_adp,2,cand_0021,48,297.0,-0.866025406856356,-0.4999999836472749,0.00010503336641439397
required09_test_000_bg95,supplemental,202609360000,adaptive_rollout_adp,2,cand_0021,49,300.0,-0.866025406856356,-0.4999999836472749,0.00010503336641439397
required09_test_000_bg95,supplemental,202609360000,adaptive_rollout_adp,3,cand_0068,0,303.0,-0.5634013202344242,-0.49707836980077963,-0.6599182120795782
required09_test_000_bg95,supplemental,202609360000,adaptive_rollout_adp,3,cand_0068,1,306.0,-0.5645594882005848,-0.500131626959099,-0.6566132347112251
required09_test_000_bg95,supplemental,202609360000,adaptive_rollout_adp,3,cand_0068,2,309.0,-0.5664235566520344,-0.505093664083965,-0.6511871812097458
required09_test_000_bg95,supplemental,202609360000,adaptive_rollout_adp,3,cand_0068,3,312.0,-0.5689327642902584,-0.511869884356863,-0.6436650768882348
required09_test_000_bg95,supplemental,202609360000,adaptive_rollout_adp,3,cand_0068,4,315.0,-0.5720209537410723,-0.5203728981783852,-0.634037913158655
required09_test_000_bg95,supplemental,202609360000,adaptive_rollout_adp,3,cand_0068,5,318.0,-0.5756145836294182,-0.5305165251733505,-0.6222700921875687
required09_test_000_bg95,supplemental,202609360000,adaptive_rollout_adp,3,cand_0068,6,321.0,-0.579630593790532,-0.5422096472259851,-0.6083067262468072
required09_test_000_bg95,supplemental,202609360000,adaptive_rollout_adp,3,cand_0068,7,324.0,-0.5839743414320461,-0.5553499416708056,-0.5920814224709647
required09_test_000_bg95,supplemental,202609360000,adaptive_rollout_adp,3,cand_0068,8,327.0,-0.5885378759159928,-0.5698176312652532,-0.5735250959736177
required09_test_000_bg95,supplemental,202609360000,adaptive_rollout_adp,3,cand_0068,9,330.0,-0.5931988903838071,-0.5854695369622273,-0.5525762370358095
required09_test_000_bg95,supplemental,202609360000,adaptive_rollout_adp,3,cand_0068,10,333.0,-0.5978207622221625,-0.6021339015127675,-0.5291928768465477
required09_test_000_bg95,supplemental,202609360000,adaptive_rollout_adp,3,cand_0068,11,336.0,-0.6022541453574825,-0.6196066440671478,-0.5033662195932254
required09_test_000_bg95,supplemental,202609360000,adaptive_rollout_adp,3,cand_0068,12,339.0,-0.6063405699229067,-0.6376498661936254,-0.4751355189930723
required09_test_000_bg95,supplemental,202609360000,adaptive_rollout_adp,3,cand_0068,13,342.0,-0.609918397548603,-0.6559934947429751,-0.4446032874222172
required09_test_000_bg95,supplemental,202609360000,adaptive_rollout_adp,3,cand_0068,14,345.0,-0.612831237608205,-0.6743408398792481,-0.41194939723532314
required09_test_000_bg95,supplemental,202609360000,adaptive_rollout_adp,3,cand_0068,15,348.0,-0.6149385404565909,-0.6923784991986995,-0.37744218803476925
required09_test_000_bg95,supplemental,202609360000,adaptive_rollout_adp,3,cand_0068,16,351.0,-0.6161275850035047,-0.7097904280349028,-0.3414445010067944
required09_test_000_bg95,supplemental,202609360000,adaptive_rollout_adp,3,cand_0068,17,354.0,-0.6163255690485616,-0.7262751834030313,-0.3044127968891256
required09_test_000_bg95,supplemental,202609360000,adaptive_rollout_adp,3,cand_0068,18,357.0,-0.6155101433438862,-0.7415645012429819,-0.26688827987949615
required09_test_000_bg95,supplemental,202609360000,adaptive_rollout_adp,3,cand_0068,19,360.0,-0.6137166644923188,-0.7554407302772136,-0.22948019252792343
required09_test_000_bg95,supplemental,202609360000,adaptive_rollout_adp,3,cand_0068,20,363.0,-0.6110407758387171,-0.7677504667890918,-0.19284291796057915
required09_test_000_bg95,supplemental,202609360000,adaptive_rollout_adp,3,cand_0068,21,366.0,-0.6076356313819735,-0.7784121468452249,-0.15764983069714444
required09_test_000_bg95,supplemental,202609360000,adaptive_rollout_adp,3,cand_0068,22,369.0,-0.603703984083719,-0.7874162935442665,-0.12456757307764559
required09_test_000_bg95,supplemental,202609360000,adaptive_rollout_adp,3,cand_0068,23,372.0,-0.5994862054414188,-0.7948183282996106,-0.09423435936250373
required09_test_000_bg95,supplemental,202609360000,adaptive_rollout_adp,3,cand_0068,24,375.0,-0.5952458397846029,-0.8007249799623671,-0.06724504950841957
required09_test_000_bg95,supplemental,202609360000,adaptive_rollout_adp,3,cand_0068,25,378.0,-0.591254388088493,-0.8052760544749078,-0.044144361536067545
required09_test_000_bg95,supplemental,202609360000,adaptive_rollout_adp,3,cand_0068,26,381.0,-0.5877766784084952,-0.808623514715095,-0.025428090154060248
required09_test_000_bg95,supplemental,202609360000,adaptive_rollout_adp,3,cand_0068,27,384.0,-0.5850575513289444,-0.8109095130439081,-0.011550899872802514
required09_test_000_bg95,supplemental,202609360000,adaptive_rollout_adp,3,cand_0068,28,387.0,-0.5833098558011061,-0.8122444080342157,-0.0029383230658172853
required09_test_000_bg95,supplemental,202609360000,adaptive_rollout_adp,3,cand_0068,29,390.0,-0.582703080724057,-0.8126851295026216,1.548604159721615e-08
required09_test_000_bg95,supplemental,202609360000,adaptive_rollout_adp,3,cand_0068,30,393.0,-0.582703080724057,-0.8126851295026216,1.548604159721615e-08
required09_test_000_bg95,supplemental,202609360000,adaptive_rollout_adp,3,cand_0068,31,396.0,-0.582703080724057,-0.8126851295026216,1.548604159721615e-08
required09_test_000_bg95,supplemental,202609360000,adaptive_rollout_adp,3,cand_0068,32,399.0,-0.582703080724057,-0.8126851295026216,1.548604159721615e-08
required09_test_000_bg95,supplemental,202609360000,adaptive_rollout_adp,3,cand_0068,33,402.0,-0.582703080724057,-0.8126851295026216,1.548604159721615e-08
required09_test_000_bg95,supplemental,202609360000,adaptive_rollout_adp,3,cand_0068,34,405.0,-0.582703080724057,-0.8126851295026216,1.548604159721615e-08
required09_test_000_bg95,supplemental,202609360000,adaptive_rollout_adp,3,cand_0068,35,408.0,-0.582703080724057,-0.8126851295026216,1.548604159721615e-08
required09_test_000_bg95,supplemental,202609360000,adaptive_rollout_adp,3,cand_0068,36,411.0,-0.582703080724057,-0.8126851295026216,1.548604159721615e-08
required09_test_000_bg95,supplemental,202609360000,adaptive_rollout_adp,3,cand_0068,37,414.0,-0.582703080724057,-0.8126851295026216,1.548604159721615e-08
required09_test_000_bg95,supplemental,202609360000,adaptive_rollout_adp,3,cand_0068,38,417.0,-0.582703080724057,-0.8126851295026216,1.548604159721615e-08
required09_test_000_bg95,supplemental,202609360000,adaptive_rollout_adp,3,cand_0068,39,420.0,-0.582703080724057,-0.8126851295026216,1.548604159721615e-08
required09_test_000_bg95,supplemental,202609360000,adaptive_rollout_adp,3,cand_0068,40,423.0,-0.582703080724057,-0.8126851295026216,1.548604159721615e-08
required09_test_000_bg95,supplemental,202609360000,adaptive_rollout_adp,3,cand_0068,41,426.0,-0.582703080724057,-0.8126851295026216,1.548604159721615e-08
required09_test_000_bg95,supplemental,202609360000,adaptive_rollout_adp,3,cand_0068,42,429.0,-0.582703080724057,-0.8126851295026216,1.548604159721615e-08
required09_test_000_bg95,supplemental,202609360000,adaptive_rollout_adp,3,cand_0068,43,432.0,-0.582703080724057,-0.8126851295026216,1.548604159721615e-08
required09_test_000_bg95,supplemental,202609360000,adaptive_rollout_adp,3,cand_0068,44,435.0,-0.582703080724057,-0.8126851295026216,1.548604159721615e-08
required09_test_000_bg95,supplemental,202609360000,adaptive_rollout_adp,3,cand_0068,45,438.0,-0.582703080724057,-0.8126851295026216,1.548604159721615e-08
required09_test_000_bg95,supplemental,202609360000,adaptive_rollout_adp,3,cand_0068,46,441.0,-0.582703080724057,-0.8126851295026216,1.548604159721615e-08
required09_test_000_bg95,supplemental,202609360000,adaptive_rollout_adp,3,cand_0068,47,444.0,-0.582703080724057,-0.8126851295026216,1.548604159721615e-08
required09_test_000_bg95,supplemental,202609360000,adaptive_rollout_adp,3,cand_0068,48,447.0,-0.582703080724057,-0.8126851295026216,1.548604159721615e-08
required09_test_000_bg95,supplemental,202609360000,adaptive_rollout_adp,3,cand_0068,49,450.0,-0.582703080724057,-0.8126851295026216,1.548604159721615e-08
required09_test_000_bg95,supplemental,202609360000,adaptive_rollout_adp,4,cand_0045,0,453.0,-0.6087081449275514,-0.05843096456813281,-0.7912396708194657
required09_test_000_bg95,supplemental,202609360000,adaptive_rollout_adp,4,cand_0045,1,456.0,-0.6118501428065002,-0.06127952133188365,-0.7885963625410662
required09_test_000_bg95,supplemental,202609360000,adaptive_rollout_adp,4,cand_0045,2,459.0,-0.6169749870302814,-0.06594616934698651,-0.7842148736968987
required09_test_000_bg95,supplemental,202609360000,adaptive_rollout_adp,4,cand_0045,3,462.0,-0.6240069729609857,-0.0723956373457847,-0.7780579473209983
required09_test_000_bg95,supplemental,202609360000,adaptive_rollout_adp,4,cand_0045,4,465.0,-0.6328813958830304,-0.08061737211680627,-0.7700402444405925
required09_test_000_bg95,supplemental,202609360000,adaptive_rollout_adp,4,cand_0045,5,468.0,-0.6435361516996063,-0.09061893357959366,-0.7600325192599054
required09_test_000_bg95,supplemental,202609360000,adaptive_rollout_adp,4,cand_0045,6,471.0,-0.6559024783090293,-0.10241917342112268,-0.7478651294610594
required09_test_000_bg95,supplemental,202609360000,adaptive_rollout_adp,4,cand_0045,7,474.0,-0.669894550886405,-0.11604059786878029,-0.7333320328057119
required09_test_000_bg95,supplemental,202609360000,adaptive_rollout_adp,4,cand_0045,8,477.0,-0.6853978092047956,-0.13150036812941596,-0.7161965486646068
required09_test_000_bg95,supplemental,202609360000,adaptive_rollout_adp,4,cand_0045,9,480.0,-0.7022562018013573,-0.14879950299631722,-0.6962003554578094
required09_test_000_bg95,supplemental,202609360000,adaptive_rollout_adp,4,cand_0045,10,483.0,-0.7202590285064286,-0.16791007801268767,-0.6730773637233307
required09_test_000_bg95,supplemental,202609360000,adaptive_rollout_adp,4,cand_0045,11,486.0,-0.7391287784300281,-0.18876063482667574,-0.6465741037470993
required09_test_000_bg95,supplemental,202609360000,adaptive_rollout_adp,4,cand_0045,12,489.0,-0.7585122586479572,-0.21122068089493587,-0.616477880741113
required09_test_000_bg95,supplemental,202609360000,adaptive_rollout_adp,4,cand_0045,13,492.0,-0.7779782231529785,-0.23508607216985553,-0.582652918100891
required09_test_000_bg95,supplemental,202609360000,adaptive_rollout_adp,4,cand_0045,14,495.0,-0.7970252845846943,-0.2600680984944587,-0.5450828192836054
required09_test_000_bg95,supplemental,202609360000,adaptive_rollout_adp,4,cand_0045,15,498.0,-0.8151035773368563,-0.2857899033804405,-0.5039149624078035
required09_test_000_bg95,supplemental,202609360000,adaptive_rollout_adp,4,cand_0045,16,501.0,-0.8316518638126517,-0.31179393961470414,-0.4594994196258413
required09_test_000_bg95,supplemental,202609360000,adaptive_rollout_adp,4,cand_0045,17,504.0,-0.84614829557895,-0.3375629275092033,-0.4124128172841556
required09_test_000_bg95,supplemental,202609360000,adaptive_rollout_adp,4,cand_0045,18,507.0,-0.858168422256101,-0.3625540050762857,-0.36345777257560313
required09_test_000_bg95,supplemental,202609360000,adaptive_rollout_adp,4,cand_0045,19,510.0,-0.8674398703953928,-0.38624193620242064,-0.3136323292759042
required09_test_000_bg95,supplemental,202609360000,adaptive_rollout_adp,4,cand_0045,20,513.0,-0.8738815330129026,-0.40816371973223614,-0.2640709074346583
required09_test_000_bg95,supplemental,202609360000,adaptive_rollout_adp,4,cand_0045,21,516.0,-0.8776176062086837,-0.4279554041786749,-0.21596645412379872
required09_test_000_bg95,supplemental,202609360000,adaptive_rollout_adp,4,cand_0045,22,519.0,-0.8789629917162326,-0.4453733812007138,-0.170489326677929
required09_test_000_bg95,supplemental,202609360000,adaptive_rollout_adp,4,cand_0045,23,522.0,-0.8783840300091474,-0.460296472166771,-0.1287192819111196
required09_test_000_bg95,supplemental,202609360000,adaptive_rollout_adp,4,cand_0045,24,525.0,-0.8764440892302698,-0.4727099893134913,-0.09160253520815755
required09_test_000_bg95,supplemental,202609360000,adaptive_rollout_adp,4,cand_0045,25,528.0,-0.8737451843199597,-0.482676636883728,-0.05993844412639786
required09_test_000_bg95,supplemental,202609360000,adaptive_rollout_adp,4,cand_0045,26,531.0,-0.8708745912114972,-0.4903004763139062,-0.03439315787426784
required09_test_000_bg95,supplemental,202609360000,adaptive_rollout_adp,4,cand_0045,27,534.0,-0.8683609932518456,-0.495689334629526,-0.015532834036513444
required09_test_000_bg95,supplemental,202609360000,adaptive_rollout_adp,4,cand_0045,28,537.0,-0.8666400183661535,-0.49891895430348143,-0.00386724747510831
required09_test_000_bg95,supplemental,202609360000,adaptive_rollout_adp,4,cand_0045,29,540.0,-0.8660254068600537,-0.4999999836137727,0.00010516228309972086
required09_test_000_bg95,supplemental,202609360000,adaptive_rollout_adp,4,cand_0045,30,543.0,-0.8660254068600537,-0.4999999836137727,0.00010516228309972086
required09_test_000_bg95,supplemental,202609360000,adaptive_rollout_adp,4,cand_0045,31,546.0,-0.8660254068600537,-0.4999999836137727,0.00010516228309972086
required09_test_000_bg95,supplemental,202609360000,adaptive_rollout_adp,4,cand_0045,32,549.0,-0.8660254068600537,-0.4999999836137727,0.00010516228309972086
required09_test_000_bg95,supplemental,202609360000,adaptive_rollout_adp,4,cand_0045,33,552.0,-0.8660254068600537,-0.4999999836137727,0.00010516228309972086
required09_test_000_bg95,supplemental,202609360000,adaptive_rollout_adp,4,cand_0045,34,555.0,-0.8660254068600537,-0.4999999836137727,0.00010516228309972086
required09_test_000_bg95,supplemental,202609360000,adaptive_rollout_adp,4,cand_0045,35,558.0,-0.8660254068600537,-0.4999999836137727,0.00010516228309972086
required09_test_000_bg95,supplemental,202609360000,adaptive_rollout_adp,4,cand_0045,36,561.0,-0.8660254068600537,-0.4999999836137727,0.00010516228309972086
required09_test_000_bg95,supplemental,202609360000,adaptive_rollout_adp,4,cand_0045,37,564.0,-0.8660254068600537,-0.4999999836137727,0.00010516228309972086
required09_test_000_bg95,supplemental,202609360000,adaptive_rollout_adp,4,cand_0045,38,567.0,-0.8660254068600537,-0.4999999836137727,0.00010516228309972086
required09_test_000_bg95,supplemental,202609360000,adaptive_rollout_adp,4,cand_0045,39,570.0,-0.8660254068600537,-0.4999999836137727,0.00010516228309972086
required09_test_000_bg95,supplemental,202609360000,adaptive_rollout_adp,4,cand_0045,40,573.0,-0.8660254068600537,-0.4999999836137727,0.00010516228309972086
required09_test_000_bg95,supplemental,202609360000,adaptive_rollout_adp,4,cand_0045,41,576.0,-0.8660254068600537,-0.4999999836137727,0.00010516228309972086
required09_test_000_bg95,supplemental,202609360000,adaptive_rollout_adp,4,cand_0045,42,579.0,-0.8660254068600537,-0.4999999836137727,0.00010516228309972086
required09_test_000_bg95,supplemental,202609360000,adaptive_rollout_adp,4,cand_0045,43,582.0,-0.8660254068600537,-0.4999999836137727,0.00010516228309972086
required09_test_000_bg95,supplemental,202609360000,adaptive_rollout_adp,4,cand_0045,44,585.0,-0.8660254068600537,-0.4999999836137727,0.00010516228309972086
required09_test_000_bg95,supplemental,202609360000,adaptive_rollout_adp,4,cand_0045,45,588.0,-0.8660254068600537,-0.4999999836137727,0.00010516228309972086
required09_test_000_bg95,supplemental,202609360000,adaptive_rollout_adp,4,cand_0045,46,591.0,-0.8660254068600537,-0.4999999836137727,0.00010516228309972086
required09_test_000_bg95,supplemental,202609360000,adaptive_rollout_adp,4,cand_0045,47,594.0,-0.8660254068600537,-0.4999999836137727,0.00010516228309972086
required09_test_000_bg95,supplemental,202609360000,adaptive_rollout_adp,4,cand_0045,48,597.0,-0.8660254068600537,-0.4999999836137727,0.00010516228309972086
required09_test_000_bg95,supplemental,202609360000,adaptive_rollout_adp,4,cand_0045,49,600.0,-0.8660254068600537,-0.4999999836137727,0.00010516228309972086
required09_test_000_bg95,supplemental,202609360000,adaptive_rollout_adp,5,cand_0063_safe,0,603.0,-0.5491218922660579,-0.6865884010114017,0.47650972186383606
required09_test_000_bg95,supplemental,202609360000,adaptive_rollout_adp,5,cand_0063_safe,1,606.0,-0.5501870782244004,-0.6833884406729507,0.4798691677004166
required09_test_000_bg95,supplemental,202609360000,adaptive_rollout_adp,5,cand_0063_safe,2,609.0,-0.5518631210696304,-0.6781648917000713,0.4853240930231229
required09_test_000_bg95,supplemental,202609360000,adaptive_rollout_adp,5,cand_0063_safe,3,612.0,-0.5540623897596888,-0.6709685430788249,0.4927637186851947
required09_test_000_bg95,supplemental,202609360000,adaptive_rollout_adp,5,cand_0063_safe,4,615.0,-0.5566929377063837,-0.6618191548855132,0.5020840361278789
required09_test_000_bg95,supplemental,202609360000,adaptive_rollout_adp,5,cand_0063_safe,5,618.0,-0.5596573399378494,-0.6507130900773507,0.5131823615983663
required09_test_000_bg95,supplemental,202609360000,adaptive_rollout_adp,5,cand_0063_safe,6,621.0,-0.5628515716756485,-0.6376306446158146,0.5259517746990432
required09_test_000_bg95,supplemental,202609360000,adaptive_rollout_adp,5,cand_0063_safe,7,624.0,-0.5661641629607278,-0.6225435508621466,0.5402755480853526
required09_test_000_bg95,supplemental,202609360000,adaptive_rollout_adp,5,cand_0063_safe,8,627.0,-0.5694758766476147,-0.605423029452733,0.556021745370364
required09_test_000_bg95,supplemental,202609360000,adaptive_rollout_adp,5,cand_0063_safe,9,630.0,-0.5726601758094921,-0.5862486418168148,0.5730382648739799
required09_test_000_bg95,supplemental,202609360000,adaptive_rollout_adp,5,cand_0063_safe,10,633.0,-0.5755847548608464,-0.5650180321844238,0.5911487234852334
required09_test_000_bg95,supplemental,202609360000,adaptive_rollout_adp,5,cand_0063_safe,11,636.0,-0.5781143875162486,-0.5417574328821032,0.6101496856212468
required09_test_000_bg95,supplemental,202609360000,adaptive_rollout_adp,5,cand_0063_safe,12,639.0,-0.5801152741067679,-0.5165325406482608,0.6298098151025294
required09_test_000_bg95,supplemental,202609360000,adaptive_rollout_adp,5,cand_0063_safe,13,642.0,-0.5814609343619246,-0.48945907525574195,0.6498715222724808
required09_test_000_bg95,supplemental,202609360000,adaptive_rollout_adp,5,cand_0063_safe,14,645.0,-0.5820394841838822,-0.4607120513965463,0.6700555533304283
required09_test_000_bg95,supplemental,202609360000,adaptive_rollout_adp,5,cand_0063_safe,15,648.0,-0.5817618707991141,-0.4305326023424049,0.6900686951344709
required09_test_000_bg95,supplemental,202609360000,adaptive_rollout_adp,5,cand_0063_safe,16,651.0,-0.5805703610057349,-0.3992311742427775,0.7096143497945935
required09_test_000_bg95,supplemental,202609360000,adaptive_rollout_adp,5,cand_0063_safe,17,654.0,-0.5784463480748131,-0.3671861351228056,0.7284052200338003
required09_test_000_bg95,supplemental,202609360000,adaptive_rollout_adp,5,cand_0063_safe,18,657.0,-0.5754164413570338,-0.3348373370833999,0.746176840106221
required09_test_000_bg95,supplemental,202609360000,adaptive_rollout_adp,5,cand_0063_safe,19,660.0,-0.5715558910668521,-0.302674880634048,0.7627003212402245
required09_test_000_bg95,supplemental,202609360000,adaptive_rollout_adp,5,cand_0063_safe,20,663.0,-0.5669886966327683,-0.27122411912297784,0.7777925784530472
required09_test_000_bg95,supplemental,202609360000,adaptive_rollout_adp,5,cand_0063_safe,21,666.0,-0.5618842041567013,-0.24102861702424944,0.7913225302584076
required09_test_000_bg95,supplemental,202609360000,adaptive_rollout_adp,5,cand_0063_safe,22,669.0,-0.5564505118416425,-0.2126331531981993,0.8032122820476323
required09_test_000_bg95,supplemental,202609360000,adaptive_rollout_adp,5,cand_0063_safe,23,672.0,-0.5509254395495565,-0.18656882823447818,0.8134329919473033
required09_test_000_bg95,supplemental,202609360000,adaptive_rollout_adp,5,cand_0063_safe,24,675.0,-0.5455660665294766,-0.1633418977936447,0.8219957977244928
required09_test_000_bg95,supplemental,202609360000,adaptive_rollout_adp,5,cand_0063_safe,25,678.0,-0.5406378434916826,-0.14342722341486336,0.8289386911998774
required09_test_000_bg95,supplemental,202609360000,adaptive_rollout_adp,5,cand_0063_safe,26,681.0,-0.5364040555714867,-0.12726637722953973,0.8343104688264015
required09_test_000_bg95,supplemental,202609360000,adaptive_rollout_adp,5,cand_0063_safe,27,684.0,-0.5331160207479486,-0.11526961522770059,0.8381528644746916
required09_test_000_bg95,supplemental,202609360000,adaptive_rollout_adp,5,cand_0063_safe,28,687.0,-0.5310039481064692,-0.10782024002010904,0.8404817683551191
required09_test_000_bg95,supplemental,202609360000,adaptive_rollout_adp,5,cand_0063_safe,29,690.0,-0.5302679425810011,-0.10527932345125969,0.8412681933394113
required09_test_000_bg95,supplemental,202609360000,adaptive_rollout_adp,5,cand_0063_safe,30,693.0,-0.5302679425810011,-0.10527932345125969,0.8412681933394113
required09_test_000_bg95,supplemental,202609360000,adaptive_rollout_adp,5,cand_0063_safe,31,696.0,-0.5302679425810011,-0.10527932345125969,0.8412681933394113
required09_test_000_bg95,supplemental,202609360000,adaptive_rollout_adp,5,cand_0063_safe,32,699.0,-0.5302679425810011,-0.10527932345125969,0.8412681933394113
required09_test_000_bg95,supplemental,202609360000,adaptive_rollout_adp,5,cand_0063_safe,33,702.0,-0.5302679425810011,-0.10527932345125969,0.8412681933394113
required09_test_000_bg95,supplemental,202609360000,adaptive_rollout_adp,5,cand_0063_safe,34,705.0,-0.5302679425810011,-0.10527932345125969,0.8412681933394113
required09_test_000_bg95,supplemental,202609360000,adaptive_rollout_adp,5,cand_0063_safe,35,708.0,-0.5302679425810011,-0.10527932345125969,0.8412681933394113
required09_test_000_bg95,supplemental,202609360000,adaptive_rollout_adp,5,cand_0063_safe,36,711.0,-0.5302679425810011,-0.10527932345125969,0.8412681933394113
required09_test_000_bg95,supplemental,202609360000,adaptive_rollout_adp,5,cand_0063_safe,37,714.0,-0.5302679425810011,-0.10527932345125969,0.8412681933394113
required09_test_000_bg95,supplemental,202609360000,adaptive_rollout_adp,5,cand_0063_safe,38,717.0,-0.5302679425810011,-0.10527932345125969,0.8412681933394113
required09_test_000_bg95,supplemental,202609360000,adaptive_rollout_adp,5,cand_0063_safe,39,720.0,-0.5302679425810011,-0.10527932345125969,0.8412681933394113
required09_test_000_bg95,supplemental,202609360000,adaptive_rollout_adp,5,cand_0063_safe,40,723.0,-0.5302679425810011,-0.10527932345125969,0.8412681933394113
required09_test_000_bg95,supplemental,202609360000,adaptive_rollout_adp,5,cand_0063_safe,41,726.0,-0.5302679425810011,-0.10527932345125969,0.8412681933394113
required09_test_000_bg95,supplemental,202609360000,adaptive_rollout_adp,5,cand_0063_safe,42,729.0,-0.5302679425810011,-0.10527932345125969,0.8412681933394113
required09_test_000_bg95,supplemental,202609360000,adaptive_rollout_adp,5,cand_0063_safe,43,732.0,-0.5302679425810011,-0.10527932345125969,0.8412681933394113
required09_test_000_bg95,supplemental,202609360000,adaptive_rollout_adp,5,cand_0063_safe,44,735.0,-0.5302679425810011,-0.10527932345125969,0.8412681933394113
required09_test_000_bg95,supplemental,202609360000,adaptive_rollout_adp,5,cand_0063_safe,45,738.0,-0.5302679425810011,-0.10527932345125969,0.8412681933394113
required09_test_000_bg95,supplemental,202609360000,adaptive_rollout_adp,5,cand_0063_safe,46,741.0,-0.5302679425810011,-0.10527932345125969,0.8412681933394113
required09_test_000_bg95,supplemental,202609360000,adaptive_rollout_adp,5,cand_0063_safe,47,744.0,-0.5302679425810011,-0.10527932345125969,0.8412681933394113
required09_test_000_bg95,supplemental,202609360000,adaptive_rollout_adp,5,cand_0063_safe,48,747.0,-0.5302679425810011,-0.10527932345125969,0.8412681933394113
required09_test_000_bg95,supplemental,202609360000,adaptive_rollout_adp,5,cand_0063_safe,49,750.0,-0.5302679425810011,-0.10527932345125969,0.8412681933394113
required09_test_000_bg95,supplemental,202609360000,adaptive_rollout_adp,6,cand_0062,0,753.0,-0.2056118090348643,-0.3123606860455753,0.9274451928812548
required09_test_000_bg95,supplemental,202609360000,adaptive_rollout_adp,6,cand_0062,1,756.0,-0.20377471423561497,-0.3091790209339477,0.9289156037297033
required09_test_000_bg95,supplemental,202609360000,adaptive_rollout_adp,6,cand_0062,2,759.0,-0.20078851806171522,-0.30405792282158106,0.9312533224552842
required09_test_000_bg95,supplemental,202609360000,adaptive_rollout_adp,6,cand_0062,3,762.0,-0.19671969587974364,-0.29715013075555013,0.934346381726253
required09_test_000_bg95,supplemental,202609360000,adaptive_rollout_adp,6,cand_0062,4,765.0,-0.19163682396460446,-0.288607759156482,0.9380729657417024
required09_test_000_bg95,supplemental,202609360000,adaptive_rollout_adp,6,cand_0062,5,768.0,-0.18561169917956719,-0.2785839281164097,0.9423053072772671
required09_test_000_bg95,supplemental,202609360000,adaptive_rollout_adp,6,cand_0062,6,771.0,-0.17872028960138966,-0.2672341108765071,0.9469134005118093
required09_test_000_bg95,supplemental,202609360000,adaptive_rollout_adp,6,cand_0062,7,774.0,-0.17104342878694764,-0.254717063140896,0.951768544980176
required09_test_000_bg95,supplemental,202609360000,adaptive_rollout_adp,6,cand_0062,8,777.0,-0.16266719182566738,-0.24119524761522607,0.956746694392712
required09_test_000_bg95,supplemental,202609360000,adaptive_rollout_adp,6,cand_0062,9,780.0,-0.15368291895535893,-0.22683471614681902,0.9617315488076454
required09_test_000_bg95,supplemental,202609360000,adaptive_rollout_adp,6,cand_0062,10,783.0,-0.1441868819404227,-0.21180446044993811,0.9666173046298154
required09_test_000_bg95,supplemental,202609360000,adaptive_rollout_adp,6,cand_0062,11,786.0,-0.13427961811719694,-0.19627528838669472,0.9713109673667951
required09_test_000_bg95,supplemental,202609360000,adaptive_rollout_adp,6,cand_0062,12,789.0,-0.1240649846749132,-0.18041832282580167,0.9757341381576943
required09_test_000_bg95,supplemental,202609360000,adaptive_rollout_adp,6,cand_0062,13,792.0,-0.11364900870335944,-0.1644032506292211,0.9798242056630817
required09_test_000_bg95,supplemental,202609360000,adaptive_rollout_adp,6,cand_0062,14,795.0,-0.10313862439755356,-0.14839646735264986,0.9835349066681032
required09_test_000_bg95,supplemental,202609360000,adaptive_rollout_adp,6,cand_0062,15,798.0,-0.09264039596628243,-0.1325592672062006,0.9868362567888178
required09_test_000_bg95,supplemental,202609360000,adaptive_rollout_adp,6,cand_0062,16,801.0,-0.08225932281696283,-0.11704621795012173,0.989713891320753
required09_test_000_bg95,supplemental,202609360000,adaptive_rollout_adp,6,cand_0062,17,804.0,-0.07209781332646273,-0.10200383878381954,0.9921678901208743
required09_test_000_bg95,supplemental,202609360000,adaptive_rollout_adp,6,cand_0062,18,807.0,-0.06225489688827709,-0.08756966946005766,0.9942111852137282
required09_test_000_bg95,supplemental,202609360000,adaptive_rollout_adp,6,cand_0062,19,810.0,-0.05282572357320977,-0.07387178512342138,0.9958676630414535
required09_test_000_bg95,supplemental,202609360000,adaptive_rollout_adp,6,cand_0062,20,813.0,-0.04390137946546567,-0.06102877802914399,0.9971700743269919
required09_test_000_bg95,supplemental,202609360000,adaptive_rollout_adp,6,cand_0062,21,816.0,-0.03556902606462112,-0.0491501979533951,0.9981578544628883
required09_test_000_bg95,supplemental,202609360000,adaptive_rollout_adp,6,cand_0062,22,819.0,-0.027912355964879836,-0.03833742022744436,0.9988749384156127
required09_test_000_bg95,supplemental,202609360000,adaptive_rollout_adp,6,cand_0062,23,822.0,-0.021012345409392938,-0.028684895071170415,0.999367629121112
required09_test_000_bg95,supplemental,202609360000,adaptive_rollout_adp,6,cand_0062,24,825.0,-0.014948277515375738,-0.02028172418421652,0.9996825499444504
required09_test_000_bg95,supplemental,202609360000,adaptive_rollout_adp,6,cand_0062,25,828.0,-0.009799007503457708,-0.013213509295673153,0.9998646821565608
required09_test_000_bg95,supplemental,202609360000,adaptive_rollout_adp,6,cand_0062,26,831.0,-0.005644442115615738,-0.0075644207963579575,0.9999554589136553
required09_test_000_bg95,supplemental,202609360000,adaptive_rollout_adp,6,cand_0062,27,834.0,-0.0025672081407962996,-0.0034194404668002323,0.9999908583928434
required09_test_000_bg95,supplemental,202609360000,adaptive_rollout_adp,6,cand_0062,28,837.0,-0.0006544878404778401,-0.0008667381765345146,0.9999994102051261
required09_test_000_bg95,supplemental,202609360000,adaptive_rollout_adp,6,cand_0062,29,840.0,3.5104194683385904e-14,-1.45506479966769e-07,0.9999999999999896
required09_test_000_bg95,supplemental,202609360000,adaptive_rollout_adp,6,cand_0062,30,843.0,3.5104194683385904e-14,-1.45506479966769e-07,0.9999999999999896
required09_test_000_bg95,supplemental,202609360000,adaptive_rollout_adp,6,cand_0062,31,846.0,3.5104194683385904e-14,-1.45506479966769e-07,0.9999999999999896
required09_test_000_bg95,supplemental,202609360000,adaptive_rollout_adp,6,cand_0062,32,849.0,3.5104194683385904e-14,-1.45506479966769e-07,0.9999999999999896
required09_test_000_bg95,supplemental,202609360000,adaptive_rollout_adp,6,cand_0062,33,852.0,3.5104194683385904e-14,-1.45506479966769e-07,0.9999999999999896
required09_test_000_bg95,supplemental,202609360000,adaptive_rollout_adp,6,cand_0062,34,855.0,3.5104194683385904e-14,-1.45506479966769e-07,0.9999999999999896
required09_test_000_bg95,supplemental,202609360000,adaptive_rollout_adp,6,cand_0062,35,858.0,3.5104194683385904e-14,-1.45506479966769e-07,0.9999999999999896
required09_test_000_bg95,supplemental,202609360000,adaptive_rollout_adp,6,cand_0062,36,861.0,3.5104194683385904e-14,-1.45506479966769e-07,0.9999999999999896
required09_test_000_bg95,supplemental,202609360000,adaptive_rollout_adp,6,cand_0062,37,864.0,3.5104194683385904e-14,-1.45506479966769e-07,0.9999999999999896
required09_test_000_bg95,supplemental,202609360000,adaptive_rollout_adp,6,cand_0062,38,867.0,3.5104194683385904e-14,-1.45506479966769e-07,0.9999999999999896
required09_test_000_bg95,supplemental,202609360000,adaptive_rollout_adp,6,cand_0062,39,870.0,3.5104194683385904e-14,-1.45506479966769e-07,0.9999999999999896
required09_test_000_bg95,supplemental,202609360000,adaptive_rollout_adp,6,cand_0062,40,873.0,3.5104194683385904e-14,-1.45506479966769e-07,0.9999999999999896
required09_test_000_bg95,supplemental,202609360000,adaptive_rollout_adp,6,cand_0062,41,876.0,3.5104194683385904e-14,-1.45506479966769e-07,0.9999999999999896
required09_test_000_bg95,supplemental,202609360000,adaptive_rollout_adp,6,cand_0062,42,879.0,3.5104194683385904e-14,-1.45506479966769e-07,0.9999999999999896
required09_test_000_bg95,supplemental,202609360000,adaptive_rollout_adp,6,cand_0062,43,882.0,3.5104194683385904e-14,-1.45506479966769e-07,0.9999999999999896
required09_test_000_bg95,supplemental,202609360000,adaptive_rollout_adp,6,cand_0062,44,885.0,3.5104194683385904e-14,-1.45506479966769e-07,0.9999999999999896
required09_test_000_bg95,supplemental,202609360000,adaptive_rollout_adp,6,cand_0062,45,888.0,3.5104194683385904e-14,-1.45506479966769e-07,0.9999999999999896
required09_test_000_bg95,supplemental,202609360000,adaptive_rollout_adp,6,cand_0062,46,891.0,3.5104194683385904e-14,-1.45506479966769e-07,0.9999999999999896
required09_test_000_bg95,supplemental,202609360000,adaptive_rollout_adp,6,cand_0062,47,894.0,3.5104194683385904e-14,-1.45506479966769e-07,0.9999999999999896
required09_test_000_bg95,supplemental,202609360000,adaptive_rollout_adp,6,cand_0062,48,897.0,3.5104194683385904e-14,-1.45506479966769e-07,0.9999999999999896
required09_test_000_bg95,supplemental,202609360000,adaptive_rollout_adp,6,cand_0062,49,900.0,3.5104194683385904e-14,-1.45506479966769e-07,0.9999999999999896
required09_test_000_bg95,supplemental,202609360000,adaptive_rollout_adp,7,cand_0055,0,903.0,0.07369650499769012,-0.13454038363977436,0.9881638074333565
required09_test_000_bg95,supplemental,202609360000,adaptive_rollout_adp,7,cand_0055,1,906.0,0.06137088024169788,-0.14262980453348023,0.987871628257994
required09_test_000_bg95,supplemental,202609360000,adaptive_rollout_adp,7,cand_0055,2,909.0,0.04095101013994738,-0.1558242850625567,0.9869355637290923
required09_test_000_bg95,supplemental,202609360000,adaptive_rollout_adp,7,cand_0055,3,912.0,0.01232708559094014,-0.17397115159137044,0.9846735912853588
required09_test_000_bg95,supplemental,202609360000,adaptive_rollout_adp,7,cand_0055,4,915.0,-0.024712028844467333,-0.19692984531714935,0.9801060920399147
required09_test_000_bg95,supplemental,202609360000,adaptive_rollout_adp,7,cand_0055,5,918.0,-0.0703473187521169,-0.22448193577802528,0.9719357567523372
required09_test_000_bg95,supplemental,202609360000,adaptive_rollout_adp,7,cand_0055,6,921.0,-0.12455083383426287,-0.2562201362049212,0.9585605518663499
required09_test_000_bg95,supplemental,202609360000,adaptive_rollout_adp,7,cand_0055,7,924.0,-0.18685953637385966,-0.29142580262324586,0.9381655052449664
required09_test_000_bg95,supplemental,202609360000,adaptive_rollout_adp,7,cand_0055,8,927.0,-0.2561343517890821,-0.32896555382257153,0.9089427144940408
required09_test_000_bg95,supplemental,202609360000,adaptive_rollout_adp,7,cand_0055,9,930.0,-0.33038629632641286,-0.36726245834562105,0.8694614320886503
required09_test_000_bg95,supplemental,202609360000,adaptive_rollout_adp,7,cand_0055,10,933.0,-0.4067909785026729,-0.40440510830182247,0.8191322287568894
required09_test_000_bg95,supplemental,202609360000,adaptive_rollout_adp,7,cand_0055,11,936.0,-0.4819886774628834,-0.43841969696663174,0.7586007409100437
required09_test_000_bg95,supplemental,202609360000,adaptive_rollout_adp,7,cand_0055,12,939.0,-0.5526433603794716,-0.46764159740541866,0.6898526310775321
required09_test_000_bg95,supplemental,202609360000,adaptive_rollout_adp,7,cand_0055,13,942.0,-0.616066796852007,-0.4910393389568949,0.6159075169319528
required09_test_000_bg95,supplemental,202609360000,adaptive_rollout_adp,7,cand_0055,14,945.0,-0.670645642318062,-0.5083484494564702,0.5402002187846617
required09_test_000_bg95,supplemental,202609360000,adaptive_rollout_adp,7,cand_0055,15,948.0,-0.7159202188657584,-0.5199783961672609,0.46591920730801345
required09_test_000_bg95,supplemental,202609360000,adaptive_rollout_adp,7,cand_0055,16,951.0,-0.7523605538546865,-0.5267746093052804,0.3955529142791624
required09_test_000_bg95,supplemental,202609360000,adaptive_rollout_adp,7,cand_0055,17,954.0,-0.7810067865494952,-0.5297589249831688,0.33073234006414987
required09_test_000_bg95,supplemental,202609360000,adaptive_rollout_adp,7,cand_0055,18,957.0,-0.803131302641104,-0.5299333510688382,0.272306360819858
required09_test_000_bg95,supplemental,202609360000,adaptive_rollout_adp,7,cand_0055,19,960.0,-0.8200010397577836,-0.5281709339967003,0.22053063115405747
required09_test_000_bg95,supplemental,202609360000,adaptive_rollout_adp,7,cand_0055,20,963.0,-0.8327470954201462,-0.525177639565429,0.17527327796841768
required09_test_000_bg95,supplemental,202609360000,adaptive_rollout_adp,7,cand_0055,21,966.0,-0.8423143927211192,-0.5214974642098867,0.13618685192598504
required09_test_000_bg95,supplemental,202609360000,adaptive_rollout_adp,7,cand_0055,22,969.0,-0.8494589342648718,-0.5175374461445016,0.10283244058085454
required09_test_000_bg95,supplemental,202609360000,adaptive_rollout_adp,7,cand_0055,23,972.0,-0.8547677430963209,-0.5135980158088117,0.07476084215198411
required09_test_000_bg95,supplemental,202609360000,adaptive_rollout_adp,7,cand_0055,24,975.0,-0.8586861321884185,-0.5099014495865934,0.05156198305713876
required09_test_000_bg95,supplemental,202609360000,adaptive_rollout_adp,7,cand_0055,25,978.0,-0.8615442358790047,-0.5066157673806365,0.03289367515177598
required09_test_000_bg95,supplemental,202609360000,adaptive_rollout_adp,7,cand_0055,26,981.0,-0.8635791950527916,-0.5038737709529538,0.01849856258260774
required09_test_000_bg95,supplemental,202609360000,adaptive_rollout_adp,7,cand_0055,27,984.0,-0.8649516744152695,-0.5017879058694044,0.008215743996692558
required09_test_000_bg95,supplemental,202609360000,adaptive_rollout_adp,7,cand_0055,28,987.0,-0.8657562746140274,-0.5004618923023836,0.0019918131333760635
required09_test_000_bg95,supplemental,202609360000,adaptive_rollout_adp,7,cand_0055,29,990.0,-0.8660254067909678,-0.49999998378758986,-0.00010490447285368032
required09_test_000_bg95,supplemental,202609360000,adaptive_rollout_adp,7,cand_0055,30,993.0,-0.8660254067909678,-0.49999998378758986,-0.00010490447285368032
required09_test_000_bg95,supplemental,202609360000,adaptive_rollout_adp,7,cand_0055,31,996.0,-0.8660254067909678,-0.49999998378758986,-0.00010490447285368032
required09_test_000_bg95,supplemental,202609360000,adaptive_rollout_adp,7,cand_0055,32,999.0,-0.8660254067909678,-0.49999998378758986,-0.00010490447285368032
required09_test_000_bg95,supplemental,202609360000,adaptive_rollout_adp,7,cand_0055,33,1002.0,-0.8660254067909678,-0.49999998378758986,-0.00010490447285368032
required09_test_000_bg95,supplemental,202609360000,adaptive_rollout_adp,7,cand_0055,34,1005.0,-0.8660254067909678,-0.49999998378758986,-0.00010490447285368032
required09_test_000_bg95,supplemental,202609360000,adaptive_rollout_adp,7,cand_0055,35,1008.0,-0.8660254067909678,-0.49999998378758986,-0.00010490447285368032
required09_test_000_bg95,supplemental,202609360000,adaptive_rollout_adp,7,cand_0055,36,1011.0,-0.8660254067909678,-0.49999998378758986,-0.00010490447285368032
required09_test_000_bg95,supplemental,202609360000,adaptive_rollout_adp,7,cand_0055,37,1014.0,-0.8660254067909678,-0.49999998378758986,-0.00010490447285368032
required09_test_000_bg95,supplemental,202609360000,adaptive_rollout_adp,7,cand_0055,38,1017.0,-0.8660254067909678,-0.49999998378758986,-0.00010490447285368032
required09_test_000_bg95,supplemental,202609360000,adaptive_rollout_adp,7,cand_0055,39,1020.0,-0.8660254067909678,-0.49999998378758986,-0.00010490447285368032
required09_test_000_bg95,supplemental,202609360000,adaptive_rollout_adp,7,cand_0055,40,1023.0,-0.8660254067909678,-0.49999998378758986,-0.00010490447285368032
required09_test_000_bg95,supplemental,202609360000,adaptive_rollout_adp,7,cand_0055,41,1026.0,-0.8660254067909678,-0.49999998378758986,-0.00010490447285368032
required09_test_000_bg95,supplemental,202609360000,adaptive_rollout_adp,7,cand_0055,42,1029.0,-0.8660254067909678,-0.49999998378758986,-0.00010490447285368032
required09_test_000_bg95,supplemental,202609360000,adaptive_rollout_adp,7,cand_0055,43,1032.0,-0.8660254067909678,-0.49999998378758986,-0.00010490447285368032
required09_test_000_bg95,supplemental,202609360000,adaptive_rollout_adp,7,cand_0055,44,1035.0,-0.8660254067909678,-0.49999998378758986,-0.00010490447285368032
required09_test_000_bg95,supplemental,202609360000,adaptive_rollout_adp,7,cand_0055,45,1038.0,-0.8660254067909678,-0.49999998378758986,-0.00010490447285368032
required09_test_000_bg95,supplemental,202609360000,adaptive_rollout_adp,7,cand_0055,46,1041.0,-0.8660254067909678,-0.49999998378758986,-0.00010490447285368032
required09_test_000_bg95,supplemental,202609360000,adaptive_rollout_adp,7,cand_0055,47,1044.0,-0.8660254067909678,-0.49999998378758986,-0.00010490447285368032
required09_test_000_bg95,supplemental,202609360000,adaptive_rollout_adp,7,cand_0055,48,1047.0,-0.8660254067909678,-0.49999998378758986,-0.00010490447285368032
required09_test_000_bg95,supplemental,202609360000,adaptive_rollout_adp,7,cand_0055,49,1050.0,-0.8660254067909678,-0.49999998378758986,-0.00010490447285368032
required09_test_000_bg95,supplemental,202609360000,adaptive_rollout_adp,8,cand_0052,0,1053.0,-0.6799927217248019,-0.7321806609212373,0.039004848086308753
required09_test_000_bg95,supplemental,202609360000,adaptive_rollout_adp,8,cand_0052,1,1056.0,-0.6816920653931019,-0.7306136566735246,0.0387248326300829
required09_test_000_bg95,supplemental,202609360000,adaptive_rollout_adp,8,cand_0052,2,1059.0,-0.6844280446965884,-0.7280752637698092,0.038270901731312625
required09_test_000_bg95,supplemental,202609360000,adaptive_rollout_adp,8,cand_0052,3,1062.0,-0.6881237188907985,-0.7246157910883998,0.037652394415628475
required09_test_000_bg95,supplemental,202609360000,adaptive_rollout_adp,8,cand_0052,4,1065.0,-0.6927056848327454,-0.7202769469911047,0.036877551892314245
required09_test_000_bg95,supplemental,202609360000,adaptive_rollout_adp,8,cand_0052,5,1068.0,-0.6981028644389545,-0.7150941975085829,0.035953850303998114
required09_test_000_bg95,supplemental,202609360000,adaptive_rollout_adp,8,cand_0052,6,1071.0,-0.7042453583062778,-0.7090989219384737,0.03488831050304436
required09_test_000_bg95,supplemental,202609360000,adaptive_rollout_adp,8,cand_0052,7,1074.0,-0.7110633823155361,-0.7023204389849738,0.03368779176413064
required09_test_000_bg95,supplemental,202609360000,adaptive_rollout_adp,8,cand_0052,8,1077.0,-0.7184863040749332,-0.6947879591745729,0.032359274447593074
required09_test_000_bg95,supplemental,202609360000,adaptive_rollout_adp,8,cand_0052,9,1080.0,-0.7264417979101704,-0.6865325031054496,0.030910134726416166
required09_test_000_bg95,supplemental,202609360000,adaptive_rollout_adp,8,cand_0052,10,1083.0,-0.7348551396318668,-0.6775888092620715,0.029348412553957256
required09_test_000_bg95,supplemental,202609360000,adaptive_rollout_adp,8,cand_0052,11,1086.0,-0.7436486644855153,-0.6679972390134572,0.027683072071349096
required09_test_000_bg95,supplemental,202609360000,adaptive_rollout_adp,8,cand_0052,12,1089.0,-0.7527414125296662,-0.6578056696615835,0.025924251655905714
required09_test_000_bg95,supplemental,202609360000,adaptive_rollout_adp,8,cand_0052,13,1092.0,-0.7620489842326701,-0.6470713490124131,0.024083498857342983
required09_test_000_bg95,supplemental,202609360000,adaptive_rollout_adp,8,cand_0052,14,1095.0,-0.771483624437824,-0.6358626673054324,0.022173983663281015
required09_test_000_bg95,supplemental,202609360000,adaptive_rollout_adp,8,cand_0052,15,1098.0,-0.7809545443137894,-0.6242607852874494,0.02021068202556053
required09_test_000_bg95,supplemental,202609360000,adaptive_rollout_adp,8,cand_0052,16,1101.0,-0.7903684781166899,-0.6123610419852384,0.01821052053787725
required09_test_000_bg95,supplemental,202609360000,adaptive_rollout_adp,8,cand_0052,17,1104.0,-0.7996304547095191,-0.6002740538512205,0.016192472759584284
required09_test_000_bg95,supplemental,202609360000,adaptive_rollout_adp,8,cand_0052,18,1107.0,-0.808644743694247,-0.5881264100586825,0.01417759807415642
required09_test_000_bg95,supplemental,202609360000,adaptive_rollout_adp,8,cand_0052,19,1110.0,-0.8173159144289512,-0.5760608682501194,0.012189015222150726
required09_test_000_bg95,supplemental,202609360000,adaptive_rollout_adp,8,cand_0052,20,1113.0,-0.8255499256850867,-0.564235961900327,0.010251804707498311
required09_test_000_bg95,supplemental,202609360000,adaptive_rollout_adp,8,cand_0052,21,1116.0,-0.8332551474928842,-0.5528249446838132,0.00839283694294151
required09_test_000_bg95,supplemental,202609360000,adaptive_rollout_adp,8,cand_0052,22,1119.0,-0.8403432084188458,-0.542014017789051,0.006640525919725809
required09_test_000_bg95,supplemental,202609360000,adaptive_rollout_adp,8,cand_0052,23,1122.0,-0.8467295645695825,-0.5319998108780218,0.005024510877075376
required09_test_000_bg95,supplemental,202609360000,adaptive_rollout_adp,8,cand_0052,24,1125.0,-0.8523337037604107,-0.5229861134636441,0.003575270374802691
required09_test_000_bg95,supplemental,202609360000,adaptive_rollout_adp,8,cand_0052,25,1128.0,-0.8570789310100866,-0.5151798778663451,0.0023236738637205517
required09_test_000_bg95,supplemental,202609360000,adaptive_rollout_adp,8,cand_0052,26,1131.0,-0.8608917296413767,-0.5087865353955267,0.0013004750266504587
required09_test_000_bg95,supplemental,202609360000,adaptive_rollout_adp,8,cand_0052,27,1134.0,-0.8637007536991195,-0.5040046835424273,0.0005357488877983302
required09_test_000_bg95,supplemental,202609360000,adaptive_rollout_adp,8,cand_0052,28,1137.0,-0.8654355780908362,-0.5010202159384552,5.82714699521357e-05
required09_test_000_bg95,supplemental,202609360000,adaptive_rollout_adp,8,cand_0052,29,1140.0,-0.8660254067675102,-0.49999998377404514,-0.00010516236568199302
required09_test_000_bg95,supplemental,202609360000,adaptive_rollout_adp,8,cand_0052,30,1143.0,-0.8660254067675102,-0.49999998377404514,-0.00010516236568199302
required09_test_000_bg95,supplemental,202609360000,adaptive_rollout_adp,8,cand_0052,31,1146.0,-0.8660254067675102,-0.49999998377404514,-0.00010516236568199302
required09_test_000_bg95,supplemental,202609360000,adaptive_rollout_adp,8,cand_0052,32,1149.0,-0.8660254067675102,-0.49999998377404514,-0.00010516236568199302
required09_test_000_bg95,supplemental,202609360000,adaptive_rollout_adp,8,cand_0052,33,1152.0,-0.8660254067675102,-0.49999998377404514,-0.00010516236568199302
required09_test_000_bg95,supplemental,202609360000,adaptive_rollout_adp,8,cand_0052,34,1155.0,-0.8660254067675102,-0.49999998377404514,-0.00010516236568199302
required09_test_000_bg95,supplemental,202609360000,adaptive_rollout_adp,8,cand_0052,35,1158.0,-0.8660254067675102,-0.49999998377404514,-0.00010516236568199302
required09_test_000_bg95,supplemental,202609360000,adaptive_rollout_adp,8,cand_0052,36,1161.0,-0.8660254067675102,-0.49999998377404514,-0.00010516236568199302
required09_test_000_bg95,supplemental,202609360000,adaptive_rollout_adp,8,cand_0052,37,1164.0,-0.8660254067675102,-0.49999998377404514,-0.00010516236568199302
required09_test_000_bg95,supplemental,202609360000,adaptive_rollout_adp,8,cand_0052,38,1167.0,-0.8660254067675102,-0.49999998377404514,-0.00010516236568199302
required09_test_000_bg95,supplemental,202609360000,adaptive_rollout_adp,8,cand_0052,39,1170.0,-0.8660254067675102,-0.49999998377404514,-0.00010516236568199302
required09_test_000_bg95,supplemental,202609360000,adaptive_rollout_adp,8,cand_0052,40,1173.0,-0.8660254067675102,-0.49999998377404514,-0.00010516236568199302
required09_test_000_bg95,supplemental,202609360000,adaptive_rollout_adp,8,cand_0052,41,1176.0,-0.8660254067675102,-0.49999998377404514,-0.00010516236568199302
required09_test_000_bg95,supplemental,202609360000,adaptive_rollout_adp,8,cand_0052,42,1179.0,-0.8660254067675102,-0.49999998377404514,-0.00010516236568199302
required09_test_000_bg95,supplemental,202609360000,adaptive_rollout_adp,8,cand_0052,43,1182.0,-0.8660254067675102,-0.49999998377404514,-0.00010516236568199302
required09_test_000_bg95,supplemental,202609360000,adaptive_rollout_adp,8,cand_0052,44,1185.0,-0.8660254067675102,-0.49999998377404514,-0.00010516236568199302
required09_test_000_bg95,supplemental,202609360000,adaptive_rollout_adp,8,cand_0052,45,1188.0,-0.8660254067675102,-0.49999998377404514,-0.00010516236568199302
required09_test_000_bg95,supplemental,202609360000,adaptive_rollout_adp,8,cand_0052,46,1191.0,-0.8660254067675102,-0.49999998377404514,-0.00010516236568199302
required09_test_000_bg95,supplemental,202609360000,adaptive_rollout_adp,8,cand_0052,47,1194.0,-0.8660254067675102,-0.49999998377404514,-0.00010516236568199302
required09_test_000_bg95,supplemental,202609360000,adaptive_rollout_adp,8,cand_0052,48,1197.0,-0.8660254067675102,-0.49999998377404514,-0.00010516236568199302
required09_test_000_bg95,supplemental,202609360000,adaptive_rollout_adp,8,cand_0052,49,1200.0,-0.8660254067675102,-0.49999998377404514,-0.00010516236568199302
required09_test_000_bg95,supplemental,202609360000,adaptive_rollout_adp,9,cand_0066,0,1203.0,-0.871048636554209,0.08918481936771148,0.4830324427524534
required09_test_000_bg95,supplemental,202609360000,adaptive_rollout_adp,9,cand_0066,1,1206.0,-0.8731064879909943,0.0885220464227397,0.4794256020751938
required09_test_000_bg95,supplemental,202609360000,adaptive_rollout_adp,9,cand_0066,2,1209.0,-0.8764094387545828,0.08744633994193318,0.473560590941262
required09_test_000_bg95,supplemental,202609360000,adaptive_rollout_adp,9,cand_0066,3,1212.0,-0.8808399546682467,0.08597831447157615,0.4655413018204376
required09_test_000_bg95,supplemental,202609360000,adaptive_rollout_adp,9,cand_0066,4,1215.0,-0.8862725082388602,0.0841359950505146,0.45545820387480074
required09_test_000_bg95,supplemental,202609360000,adaptive_rollout_adp,9,cand_0066,5,1218.0,-0.8925736400695682,0.08193597263213084,0.4433946249581605
required09_test_000_bg95,supplemental,202609360000,adaptive_rollout_adp,9,cand_0066,6,1221.0,-0.8996021425775507,0.07939450313427233,0.42943276300480626
required09_test_000_bg95,supplemental,202609360000,adaptive_rollout_adp,9,cand_0066,7,1224.0,-0.9072096017658087,0.07652855028942102,0.41365942447201975
required09_test_000_bg95,supplemental,202609360000,adaptive_rollout_adp,9,cand_0066,8,1227.0,-0.9152414905105729,0.07335676159844921,0.39617142700575114
required09_test_000_bg95,supplemental,202609360000,adaptive_rollout_adp,9,cand_0066,9,1230.0,-0.9235389576956352,0.06990035539739535,0.3770805403806692
required09_test_000_bg95,supplemental,202609360000,adaptive_rollout_adp,9,cand_0066,10,1233.0,-0.9319413949814055,0.06618388691019073,0.3565177827732739
required09_test_000_bg95,supplemental,202609360000,adaptive_rollout_adp,9,cand_0066,11,1236.0,-0.9402897840044392,0.06223585401315964,0.33463684879603134
required09_test_000_bg95,supplemental,202609360000,adaptive_rollout_adp,9,cand_0066,12,1239.0,-0.9484307330787746,0.05808910120301513,0.3116164322898972
required09_test_000_bg95,supplemental,202609360000,adaptive_rollout_adp,9,cand_0066,13,1242.0,-0.9562210112683038,0.05378098460077537,0.2876612301030387
required09_test_000_bg95,supplemental,202609360000,adaptive_rollout_adp,9,cand_0066,14,1245.0,-0.9635322915617005,0.049353272651946486,0.2630014783159988
required09_test_000_bg95,supplemental,202609360000,adaptive_rollout_adp,9,cand_0066,15,1248.0,-0.9702557398615956,0.04485177617186302,0.2378909780547734
required09_test_000_bg95,supplemental,202609360000,adaptive_rollout_adp,9,cand_0066,16,1251.0,-0.9763060487957169,0.040325725663415544,0.21260370395318667
required09_test_000_bg95,supplemental,202609360000,adaptive_rollout_adp,9,cand_0066,17,1254.0,-0.9816245269432664,0.035826940049683315,0.1874292359000717
required09_test_000_bg95,supplemental,202609360000,adaptive_rollout_adp,9,cand_0066,18,1257.0,-0.9861809185539423,0.031408854804982025,0.16266738984794193
required09_test_000_bg95,supplemental,202609360000,adaptive_rollout_adp,9,cand_0066,19,1260.0,-0.9899737390603628,0.027125494580441237,0.13862252167166494
required09_test_000_bg95,supplemental,202609360000,adaptive_rollout_adp,9,cand_0066,20,1263.0,-0.9930290502082558,0.02303048246922536,0.11559802039708028
required09_test_000_bg95,supplemental,202609360000,adaptive_rollout_adp,9,cand_0066,21,1266.0,-0.995397741309544,0.01917617358603536,0.09389148503701782
required09_test_000_bg95,supplemental,202609360000,adaptive_rollout_adp,9,cand_0066,22,1269.0,-0.99715150478304,0.015612985420070367,0.07379099670821385
required09_test_000_bg95,supplemental,202609360000,adaptive_rollout_adp,9,cand_0066,23,1272.0,-0.9983777744956757,0.012388974175504604,0.05557276951835512
required09_test_000_bg95,supplemental,202609360000,adaptive_rollout_adp,9,cand_0066,24,1275.0,-0.9991739233254492,0.00954967887027595,0.039500311136801254
required09_test_000_bg95,supplemental,202609360000,adaptive_rollout_adp,9,cand_0066,25,1278.0,-0.9996409913282512,0.007138227200300856,0.025825068609939605
required09_test_000_bg95,supplemental,202609360000,adaptive_rollout_adp,9,cand_0066,26,1281.0,-0.9998771466605034,0.0051956720417694535,0.014788393357105821
required09_test_000_bg95,supplemental,202609360000,adaptive_rollout_adp,9,cand_0066,27,1284.0,-0.9999709828540965,0.003761506356980287,0.006624539209526906
required09_test_000_bg95,supplemental,202609360000,adaptive_rollout_adp,9,cand_0066,28,1287.0,-0.9999946456951948,0.002874286857128811,0.0015643068767955278
required09_test_000_bg95,supplemental,202609360000,adaptive_rollout_adp,9,cand_0066,29,1290.0,-0.9999966786955914,0.0025722812100431544,-0.00016114329809056136
required09_test_000_bg95,supplemental,202609360000,adaptive_rollout_adp,9,cand_0066,30,1293.0,-0.9999966786955914,0.0025722812100431544,-0.00016114329809056136
required09_test_000_bg95,supplemental,202609360000,adaptive_rollout_adp,9,cand_0066,31,1296.0,-0.9999966786955914,0.0025722812100431544,-0.00016114329809056136
required09_test_000_bg95,supplemental,202609360000,adaptive_rollout_adp,9,cand_0066,32,1299.0,-0.9999966786955914,0.0025722812100431544,-0.00016114329809056136
required09_test_000_bg95,supplemental,202609360000,adaptive_rollout_adp,9,cand_0066,33,1302.0,-0.9999966786955914,0.0025722812100431544,-0.00016114329809056136
required09_test_000_bg95,supplemental,202609360000,adaptive_rollout_adp,9,cand_0066,34,1305.0,-0.9999966786955914,0.0025722812100431544,-0.00016114329809056136
required09_test_000_bg95,supplemental,202609360000,adaptive_rollout_adp,9,cand_0066,35,1308.0,-0.9999966786955914,0.0025722812100431544,-0.00016114329809056136
required09_test_000_bg95,supplemental,202609360000,adaptive_rollout_adp,9,cand_0066,36,1311.0,-0.9999966786955914,0.0025722812100431544,-0.00016114329809056136
required09_test_000_bg95,supplemental,202609360000,adaptive_rollout_adp,9,cand_0066,37,1314.0,-0.9999966786955914,0.0025722812100431544,-0.00016114329809056136
required09_test_000_bg95,supplemental,202609360000,adaptive_rollout_adp,9,cand_0066,38,1317.0,-0.9999966786955914,0.0025722812100431544,-0.00016114329809056136
required09_test_000_bg95,supplemental,202609360000,adaptive_rollout_adp,9,cand_0066,39,1320.0,-0.9999966786955914,0.0025722812100431544,-0.00016114329809056136
required09_test_000_bg95,supplemental,202609360000,adaptive_rollout_adp,9,cand_0066,40,1323.0,-0.9999966786955914,0.0025722812100431544,-0.00016114329809056136
required09_test_000_bg95,supplemental,202609360000,adaptive_rollout_adp,9,cand_0066,41,1326.0,-0.9999966786955914,0.0025722812100431544,-0.00016114329809056136
required09_test_000_bg95,supplemental,202609360000,adaptive_rollout_adp,9,cand_0066,42,1329.0,-0.9999966786955914,0.0025722812100431544,-0.00016114329809056136
required09_test_000_bg95,supplemental,202609360000,adaptive_rollout_adp,9,cand_0066,43,1332.0,-0.9999966786955914,0.0025722812100431544,-0.00016114329809056136
required09_test_000_bg95,supplemental,202609360000,adaptive_rollout_adp,9,cand_0066,44,1335.0,-0.9999966786955914,0.0025722812100431544,-0.00016114329809056136
required09_test_000_bg95,supplemental,202609360000,adaptive_rollout_adp,9,cand_0066,45,1338.0,-0.9999966786955914,0.0025722812100431544,-0.00016114329809056136
required09_test_000_bg95,supplemental,202609360000,adaptive_rollout_adp,9,cand_0066,46,1341.0,-0.9999966786955914,0.0025722812100431544,-0.00016114329809056136
required09_test_000_bg95,supplemental,202609360000,adaptive_rollout_adp,9,cand_0066,47,1344.0,-0.9999966786955914,0.0025722812100431544,-0.00016114329809056136
required09_test_000_bg95,supplemental,202609360000,adaptive_rollout_adp,9,cand_0066,48,1347.0,-0.9999966786955914,0.0025722812100431544,-0.00016114329809056136
required09_test_000_bg95,supplemental,202609360000,adaptive_rollout_adp,9,cand_0066,49,1350.0,-0.9999966786955914,0.0025722812100431544,-0.00016114329809056136
required09_test_000_bg95,supplemental,202609360000,adaptive_rollout_adp,10,cand_0005,0,1353.0,-0.963401148127261,-0.05568266431280706,0.2622168352377522
required09_test_000_bg95,supplemental,202609360000,adaptive_rollout_adp,10,cand_0005,1,1356.0,-0.9643639218497757,-0.049302963776283244,0.25994507880972534
required09_test_000_bg95,supplemental,202609360000,adaptive_rollout_adp,10,cand_0005,2,1359.0,-0.9658527842950969,-0.03880359781258449,0.25616924067149094
required09_test_000_bg95,supplemental,202609360000,adaptive_rollout_adp,10,cand_0005,3,1362.0,-0.967730333434893,-0.02414527683958108,0.25082864141945715
required09_test_000_bg95,supplemental,202609360000,adaptive_rollout_adp,10,cand_0005,4,1365.0,-0.9698116884526307,-0.005162164971940293,0.2438004122093725
required09_test_000_bg95,supplemental,202609360000,adaptive_rollout_adp,10,cand_0005,5,1368.0,-0.971845341240415,0.018428891238969906,0.2348978686088988
required09_test_000_bg95,supplemental,202609360000,adaptive_rollout_adp,10,cand_0005,6,1371.0,-0.9734849783873856,0.047020271622834744,0.22386623441382675
required09_test_000_bg95,supplemental,202609360000,adaptive_rollout_adp,10,cand_0005,7,1374.0,-0.9742504473007042,0.08110123651128127,0.21037741174070723
required09_test_000_bg95,supplemental,202609360000,adaptive_rollout_adp,10,cand_0005,8,1377.0,-0.9734763152494864,0.12123339203313098,0.19402661751528744
required09_test_000_bg95,supplemental,202609360000,adaptive_rollout_adp,10,cand_0005,9,1380.0,-0.970248583550586,0.16800203104061243,0.1743358932759135
required09_test_000_bg95,supplemental,202609360000,adaptive_rollout_adp,10,cand_0005,10,1383.0,-0.9633359504241199,0.22192642631412113,0.1507730344720187
required09_test_000_bg95,supplemental,202609360000,adaptive_rollout_adp,10,cand_0005,11,1386.0,-0.9511343961597017,0.28330854744050443,0.12279913431726935
required09_test_000_bg95,supplemental,202609360000,adaptive_rollout_adp,10,cand_0005,12,1389.0,-0.9316652538092188,0.3520039058185226,0.08996168702902636
required09_test_000_bg95,supplemental,202609360000,adaptive_rollout_adp,10,cand_0005,13,1392.0,-0.9026944591001379,0.4271226962051979,0.052047246769754085
required09_test_000_bg95,supplemental,202609360000,adaptive_rollout_adp,10,cand_0005,14,1395.0,-0.8620557511476478,0.5067283552020401,0.009287408007609363
required09_test_000_bg95,supplemental,202609360000,adaptive_rollout_adp,10,cand_0005,15,1398.0,-0.8082200745938072,0.5876894987948474,-0.037434797045549625
required09_test_000_bg95,supplemental,202609360000,adaptive_rollout_adp,10,cand_0005,16,1401.0,-0.7410112522899038,0.6658991113929165,-0.0864910251174793
required09_test_000_bg95,supplemental,202609360000,adaptive_rollout_adp,10,cand_0005,17,1404.0,-0.6621586785814184,0.7369827473372885,-0.13565513077835464
required09_test_000_bg95,supplemental,202609360000,adaptive_rollout_adp,10,cand_0005,18,1407.0,-0.5752922324877,0.7973232384468043,-0.18252260318113622
required09_test_000_bg95,supplemental,202609360000,adaptive_rollout_adp,10,cand_0005,19,1410.0,-0.4852293798234721,0.8449296342594586,-0.2250474663405619
required09_test_000_bg95,supplemental,202609360000,adaptive_rollout_adp,10,cand_0005,20,1413.0,-0.39686442731745025,0.8797087997024111,-0.2619371185153709
required09_test_000_bg95,supplemental,202609360000,adaptive_rollout_adp,10,cand_0005,21,1416.0,-0.3142123639387705,0.9030901043513012,-0.2927436656373035
required09_test_000_bg95,supplemental,202609360000,adaptive_rollout_adp,10,cand_0005,22,1419.0,-0.23996583986572362,0.9173266149672353,-0.31769211065163633
required09_test_000_bg95,supplemental,202609360000,adaptive_rollout_adp,10,cand_0005,23,1422.0,-0.17555148925070518,0.9248469295154039,-0.33740158800424946
required09_test_000_bg95,supplemental,202609360000,adaptive_rollout_adp,10,cand_0005,24,1425.0,-0.12145924368176231,0.9278453056613467,-0.35263400415509655
required09_test_000_bg95,supplemental,202609360000,adaptive_rollout_adp,10,cand_0005,25,1428.0,-0.07762640526502725,0.9281092616094563,-0.36412544503286165
required09_test_000_bg95,supplemental,202609360000,adaptive_rollout_adp,10,cand_0005,26,1431.0,-0.04376031861222769,0.9270014763972126,-0.3724960365860881
required09_test_000_bg95,supplemental,202609360000,adaptive_rollout_adp,10,cand_0005,27,1434.0,-0.019571560982808007,0.9255123921645171,-0.37821127158059364
required09_test_000_bg95,supplemental,202609360000,adaptive_rollout_adp,10,cand_0005,28,1437.0,-0.004933937736353546,0.9243276876332573,-0.38156779493684895
required09_test_000_bg95,supplemental,202609360000,adaptive_rollout_adp,10,cand_0005,29,1440.0,9.727668406239458e-16,0.9238795005218703,-0.38268350959436404
required09_test_000_bg95,supplemental,202609360000,adaptive_rollout_adp,10,cand_0005,30,1443.0,9.727668406239458e-16,0.9238795005218703,-0.38268350959436404
required09_test_000_bg95,supplemental,202609360000,adaptive_rollout_adp,10,cand_0005,31,1446.0,9.727668406239458e-16,0.9238795005218703,-0.38268350959436404
required09_test_000_bg95,supplemental,202609360000,adaptive_rollout_adp,10,cand_0005,32,1449.0,9.727668406239458e-16,0.9238795005218703,-0.38268350959436404
required09_test_000_bg95,supplemental,202609360000,adaptive_rollout_adp,10,cand_0005,33,1452.0,9.727668406239458e-16,0.9238795005218703,-0.38268350959436404
required09_test_000_bg95,supplemental,202609360000,adaptive_rollout_adp,10,cand_0005,34,1455.0,9.727668406239458e-16,0.9238795005218703,-0.38268350959436404
required09_test_000_bg95,supplemental,202609360000,adaptive_rollout_adp,10,cand_0005,35,1458.0,9.727668406239458e-16,0.9238795005218703,-0.38268350959436404
required09_test_000_bg95,supplemental,202609360000,adaptive_rollout_adp,10,cand_0005,36,1461.0,9.727668406239458e-16,0.9238795005218703,-0.38268350959436404
required09_test_000_bg95,supplemental,202609360000,adaptive_rollout_adp,10,cand_0005,37,1464.0,9.727668406239458e-16,0.9238795005218703,-0.38268350959436404
required09_test_000_bg95,supplemental,202609360000,adaptive_rollout_adp,10,cand_0005,38,1467.0,9.727668406239458e-16,0.9238795005218703,-0.38268350959436404
required09_test_000_bg95,supplemental,202609360000,adaptive_rollout_adp,10,cand_0005,39,1470.0,9.727668406239458e-16,0.9238795005218703,-0.38268350959436404
required09_test_000_bg95,supplemental,202609360000,adaptive_rollout_adp,10,cand_0005,40,1473.0,9.727668406239458e-16,0.9238795005218703,-0.38268350959436404
required09_test_000_bg95,supplemental,202609360000,adaptive_rollout_adp,10,cand_0005,41,1476.0,9.727668406239458e-16,0.9238795005218703,-0.38268350959436404
required09_test_000_bg95,supplemental,202609360000,adaptive_rollout_adp,10,cand_0005,42,1479.0,9.727668406239458e-16,0.9238795005218703,-0.38268350959436404
required09_test_000_bg95,supplemental,202609360000,adaptive_rollout_adp,10,cand_0005,43,1482.0,9.727668406239458e-16,0.9238795005218703,-0.38268350959436404
required09_test_000_bg95,supplemental,202609360000,adaptive_rollout_adp,10,cand_0005,44,1485.0,9.727668406239458e-16,0.9238795005218703,-0.38268350959436404
required09_test_000_bg95,supplemental,202609360000,adaptive_rollout_adp,10,cand_0005,45,1488.0,9.727668406239458e-16,0.9238795005218703,-0.38268350959436404
required09_test_000_bg95,supplemental,202609360000,adaptive_rollout_adp,10,cand_0005,46,1491.0,9.727668406239458e-16,0.9238795005218703,-0.38268350959436404
required09_test_000_bg95,supplemental,202609360000,adaptive_rollout_adp,10,cand_0005,47,1494.0,9.727668406239458e-16,0.9238795005218703,-0.38268350959436404
required09_test_000_bg95,supplemental,202609360000,adaptive_rollout_adp,10,cand_0005,48,1497.0,9.727668406239458e-16,0.9238795005218703,-0.38268350959436404
required09_test_000_bg95,supplemental,202609360000,adaptive_rollout_adp,10,cand_0005,49,1500.0,9.727668406239458e-16,0.9238795005218703,-0.38268350959436404
required09_test_000_bg95,supplemental,202609360000,adaptive_rollout_adp,11,cand_0000,0,1503.0,-0.13404321374420824,0.9219587359434862,-0.3633517662907579
required09_test_000_bg95,supplemental,202609360000,adaptive_rollout_adp,11,cand_0000,1,1506.0,-0.12749005019104384,0.9213620410616777,-0.3672033175135328
required09_test_000_bg95,supplemental,202609360000,adaptive_rollout_adp,11,cand_0000,2,1509.0,-0.11674363583454735,0.9202470948826238,-0.3735186847431086
required09_test_000_bg95,supplemental,202609360000,adaptive_rollout_adp,11,cand_0000,3,1512.0,-0.10182212075685236,0.9184318585064525,-0.3822501497775517
required09_test_000_bg95,supplemental,202609360000,adaptive_rollout_adp,11,cand_0000,4,1515.0,-0.08264319080424586,0.9156559033669215,-0.3933756088562176
required09_test_000_bg95,supplemental,202609360000,adaptive_rollout_adp,11,cand_0000,5,1518.0,-0.059042751631352496,0.9115700839942116,-0.4068831963187772
required09_test_000_bg95,supplemental,202609360000,adaptive_rollout_adp,11,cand_0000,6,1521.0,-0.030795799662028268,0.9057220546698657,-0.4227519111816918
required09_test_000_bg95,supplemental,202609360000,adaptive_rollout_adp,11,cand_0000,7,1524.0,0.00235592838767263,0.8975401776885694,-0.440926387321289
required09_test_000_bg95,supplemental,202609360000,adaptive_rollout_adp,11,cand_0000,8,1527.0,0.04066419536390345,0.8863201097825179,-0.4612841707781787
required09_test_000_bg95,supplemental,202609360000,adaptive_rollout_adp,11,cand_0000,9,1530.0,0.08431675305912804,0.8712213224877321,-0.4835949672983508
required09_test_000_bg95,supplemental,202609360000,adaptive_rollout_adp,11,cand_0000,10,1533.0,0.1333576985054045,0.8512848324173872,-0.5074739977037667
required09_test_000_bg95,supplemental,202609360000,adaptive_rollout_adp,11,cand_0000,11,1536.0,0.18758593873065624,0.8254873134523303,-0.5323365579403622
required09_test_000_bg95,supplemental,202609360000,adaptive_rollout_adp,11,cand_0000,12,1539.0,0.24644198733047748,0.7928474855143954,-0.5573681113896858
required09_test_000_bg95,supplemental,202609360000,adaptive_rollout_adp,11,cand_0000,13,1542.0,0.3089090286276641,0.7525929836958165,-0.5815316095657582
required09_test_000_bg95,supplemental,202609360000,adaptive_rollout_adp,11,cand_0000,14,1545.0,0.37347102146049804,0.7043744929769942,-0.6036356266595394
required09_test_000_bg95,supplemental,202609360000,adaptive_rollout_adp,11,cand_0000,15,1548.0,0.4381763245344298,0.64847978929009,-0.6224752778221626
required09_test_000_bg95,supplemental,202609360000,adaptive_rollout_adp,11,cand_0000,16,1551.0,0.5008340476538762,0.5859688759160966,-0.6370288322896075
required09_test_000_bg95,supplemental,202609360000,adaptive_rollout_adp,11,cand_0000,17,1554.0,0.5593177883935561,0.518651137173105,-0.6466564849250227
required09_test_000_bg95,supplemental,202609360000,adaptive_rollout_adp,11,cand_0000,18,1557.0,0.6118911996959275,0.44887600102064973,-0.6512292188180657
required09_test_000_bg95,supplemental,202609360000,adaptive_rollout_adp,11,cand_0000,19,1560.0,0.6574455921416403,0.3791914788158894,-0.6511367872935354
required09_test_000_bg95,supplemental,202609360000,adaptive_rollout_adp,11,cand_0000,20,1563.0,0.6955764577727281,0.31198598426344,-0.6471770522936645
required09_test_000_bg95,supplemental,202609360000,adaptive_rollout_adp,11,cand_0000,21,1566.0,0.7264999468070867,0.24922529063291735,-0.6403784676253864
required09_test_000_bg95,supplemental,202609360000,adaptive_rollout_adp,11,cand_0000,22,1569.0,0.7508706252801505,0.19233792059772511,-0.6318223076083488
required09_test_000_bg95,supplemental,202609360000,adaptive_rollout_adp,11,cand_0000,23,1572.0,0.7695770197015851,0.14223566582652078,-0.6225112256932499
required09_test_000_bg95,supplemental,202609360000,adaptive_rollout_adp,11,cand_0000,24,1575.0,0.7835692740521645,0.09941899291459304,-0.6132985053048899
required09_test_000_bg95,supplemental,202609360000,adaptive_rollout_adp,11,cand_0000,25,1578.0,0.7937401085755051,0.064114927971192,-0.6048685113723431
required09_test_000_bg95,supplemental,202609360000,adaptive_rollout_adp,11,cand_0000,26,1581.0,0.8008555770381037,0.036411899689808805,-0.5977495447827167
required09_test_000_bg95,supplemental,202609360000,adaptive_rollout_adp,11,cand_0000,27,1584.0,0.8055207052191631,0.016375477507201065,-0.5923413181600904
required09_test_000_bg95,supplemental,202609360000,adaptive_rollout_adp,11,cand_0000,28,1587.0,0.808163099502826,0.004142752123218934,-0.5889441757983781
required09_test_000_bg95,supplemental,202609360000,adaptive_rollout_adp,11,cand_0000,29,1590.0,0.8090196060781083,3.077435511651273e-08,-0.5877816575746655
required09_test_000_bg95,supplemental,202609360000,adaptive_rollout_adp,11,cand_0000,30,1593.0,0.8090196060781083,3.077435511651273e-08,-0.5877816575746655
required09_test_000_bg95,supplemental,202609360000,adaptive_rollout_adp,11,cand_0000,31,1596.0,0.8090196060781083,3.077435511651273e-08,-0.5877816575746655
required09_test_000_bg95,supplemental,202609360000,adaptive_rollout_adp,11,cand_0000,32,1599.0,0.8090196060781083,3.077435511651273e-08,-0.5877816575746655
required09_test_000_bg95,supplemental,202609360000,adaptive_rollout_adp,11,cand_0000,33,1602.0,0.8090196060781083,3.077435511651273e-08,-0.5877816575746655
required09_test_000_bg95,supplemental,202609360000,adaptive_rollout_adp,11,cand_0000,34,1605.0,0.8090196060781083,3.077435511651273e-08,-0.5877816575746655
required09_test_000_bg95,supplemental,202609360000,adaptive_rollout_adp,11,cand_0000,35,1608.0,0.8090196060781083,3.077435511651273e-08,-0.5877816575746655
required09_test_000_bg95,supplemental,202609360000,adaptive_rollout_adp,11,cand_0000,36,1611.0,0.8090196060781083,3.077435511651273e-08,-0.5877816575746655
required09_test_000_bg95,supplemental,202609360000,adaptive_rollout_adp,11,cand_0000,37,1614.0,0.8090196060781083,3.077435511651273e-08,-0.5877816575746655
required09_test_000_bg95,supplemental,202609360000,adaptive_rollout_adp,11,cand_0000,38,1617.0,0.8090196060781083,3.077435511651273e-08,-0.5877816575746655
required09_test_000_bg95,supplemental,202609360000,adaptive_rollout_adp,11,cand_0000,39,1620.0,0.8090196060781083,3.077435511651273e-08,-0.5877816575746655
required09_test_000_bg95,supplemental,202609360000,adaptive_rollout_adp,11,cand_0000,40,1623.0,0.8090196060781083,3.077435511651273e-08,-0.5877816575746655
required09_test_000_bg95,supplemental,202609360000,adaptive_rollout_adp,11,cand_0000,41,1626.0,0.8090196060781083,3.077435511651273e-08,-0.5877816575746655
required09_test_000_bg95,supplemental,202609360000,adaptive_rollout_adp,11,cand_0000,42,1629.0,0.8090196060781083,3.077435511651273e-08,-0.5877816575746655
required09_test_000_bg95,supplemental,202609360000,adaptive_rollout_adp,11,cand_0000,43,1632.0,0.8090196060781083,3.077435511651273e-08,-0.5877816575746655
required09_test_000_bg95,supplemental,202609360000,adaptive_rollout_adp,11,cand_0000,44,1635.0,0.8090196060781083,3.077435511651273e-08,-0.5877816575746655
required09_test_000_bg95,supplemental,202609360000,adaptive_rollout_adp,11,cand_0000,45,1638.0,0.8090196060781083,3.077435511651273e-08,-0.5877816575746655
required09_test_000_bg95,supplemental,202609360000,adaptive_rollout_adp,11,cand_0000,46,1641.0,0.8090196060781083,3.077435511651273e-08,-0.5877816575746655
required09_test_000_bg95,supplemental,202609360000,adaptive_rollout_adp,11,cand_0000,47,1644.0,0.8090196060781083,3.077435511651273e-08,-0.5877816575746655
required09_test_000_bg95,supplemental,202609360000,adaptive_rollout_adp,11,cand_0000,48,1647.0,0.8090196060781083,3.077435511651273e-08,-0.5877816575746655
required09_test_000_bg95,supplemental,202609360000,adaptive_rollout_adp,11,cand_0000,49,1650.0,0.8090196060781083,3.077435511651273e-08,-0.5877816575746655
required09_test_000_bg95,supplemental,202609360000,adaptive_rollout_adp,12,cand_0013_safe,0,1653.0,0.9659326623782754,0.027434923978987204,0.25733522241831563
required09_test_000_bg95,supplemental,202609360000,adaptive_rollout_adp,12,cand_0013_safe,1,1656.0,0.9672724870322238,0.02784571650063569,0.2522073589391524
required09_test_000_bg95,supplemental,202609360000,adaptive_rollout_adp,12,cand_0013_safe,2,1659.0,0.9694268752810593,0.028581707845965344,0.24371011357637412
required09_test_000_bg95,supplemental,202609360000,adaptive_rollout_adp,12,cand_0013_safe,3,1662.0,0.9723194293443035,0.029692135595357588,0.2317613091164165
required09_test_000_bg95,supplemental,202609360000,adaptive_rollout_adp,12,cand_0013_safe,4,1665.0,0.9758559412415788,0.031234242243440076,0.21617031261251032
required09_test_000_bg95,supplemental,202609360000,adaptive_rollout_adp,12,cand_0013_safe,5,1668.0,0.9799110653141837,0.033274593674056496,0.19663953186134236
required09_test_000_bg95,supplemental,202609360000,adaptive_rollout_adp,12,cand_0013_safe,6,1671.0,0.9843094303096167,0.03589020872024664,0.17276237530659014
required09_test_000_bg95,supplemental,202609360000,adaptive_rollout_adp,12,cand_0013_safe,7,1674.0,0.9887992153710906,0.03916919068040775,0.14402043668506762
required09_test_000_bg95,supplemental,202609360000,adaptive_rollout_adp,12,cand_0013_safe,8,1677.0,0.9930157796466658,0.043210281259035234,0.10978402873933679
required09_test_000_bg95,supplemental,202609360000,adaptive_rollout_adp,12,cand_0013_safe,9,1680.0,0.9964330288007254,0.04812033929854913,0.06932281053740781
required09_test_000_bg95,supplemental,202609360000,adaptive_rollout_adp,12,cand_0013_safe,10,1683.0,0.998301679855541,0.05400815197796825,0.021837479651507456
required09_test_000_bg95,supplemental,202609360000,adaptive_rollout_adp,12,cand_0013_safe,11,1686.0,0.997578113461,0.06097227621193916,-0.03347071969837246
required09_test_000_bg95,supplemental,202609360000,adaptive_rollout_adp,12,cand_0013_safe,12,1689.0,0.9928577237639064,0.06908009971934771,-0.09727014025444644
required09_test_000_bg95,supplemental,202609360000,adaptive_rollout_adp,12,cand_0013_safe,13,1692.0,0.9823453802808785,0.07833585879078299,-0.16988539392286456
required09_test_000_bg95,supplemental,202609360000,adaptive_rollout_adp,12,cand_0013_safe,14,1695.0,0.9639219624896184,0.08863858115507742,-0.2509933309093643
required09_test_000_bg95,supplemental,202609360000,adaptive_rollout_adp,12,cand_0013_safe,15,1698.0,0.9353866424443787,0.09973873600284185,-0.33926982429504005
required09_test_000_bg95,supplemental,202609360000,adaptive_rollout_adp,12,cand_0013_safe,16,1701.0,0.89493411428602,0.11121435064997892,-0.43211607155554915
required09_test_000_bg95,supplemental,202609360000,adaptive_rollout_adp,12,cand_0013_safe,17,1704.0,0.8418176282623631,0.12249594993381388,-0.525678440680748
required09_test_000_bg95,supplemental,202609360000,adaptive_rollout_adp,12,cand_0013_safe,18,1707.0,0.7769591943572531,0.1329593149900872,-0.6153504943209966
required09_test_000_bg95,supplemental,202609360000,adaptive_rollout_adp,12,cand_0013_safe,19,1710.0,0.7031399516851385,0.14206701839987487,-0.6967145546256305
required09_test_000_bg95,supplemental,202609360000,adaptive_rollout_adp,12,cand_0013_safe,20,1713.0,0.6245432150817086,0.14949667966762878,-0.766548442868262
required09_test_000_bg95,supplemental,202609360000,adaptive_rollout_adp,12,cand_0013_safe,21,1716.0,0.5458153170724204,0.15519134104114707,-0.8234083357089503
required09_test_000_bg95,supplemental,202609360000,adaptive_rollout_adp,12,cand_0013_safe,22,1719.0,0.47111214042673893,0.15931681454130137,-0.8675664261294056
required09_test_000_bg95,supplemental,202609360000,adaptive_rollout_adp,12,cand_0013_safe,23,1722.0,0.4035306220247528,0.16216572220521086,-0.9004806025839638
required09_test_000_bg95,supplemental,202609360000,adaptive_rollout_adp,12,cand_0013_safe,24,1725.0,0.3450127909220239,0.1640617598489889,-0.9241482094639628
required09_test_000_bg95,supplemental,202609360000,adaptive_rollout_adp,12,cand_0013_safe,25,1728.0,0.296567338962993,0.1652948512149647,-0.9405984401551132
required09_test_000_bg95,supplemental,202609360000,adaptive_rollout_adp,12,cand_0013_safe,26,1731.0,0.25860630017805936,0.16609015007208527,-0.9515969963998666
required09_test_000_bg95,supplemental,202609360000,adaptive_rollout_adp,12,cand_0013_safe,27,1734.0,0.23126479288671278,0.16659971768127396,-0.9585202812875613
required09_test_000_bg95,supplemental,202609360000,adaptive_rollout_adp,12,cand_0013_safe,28,1737.0,0.21465457759732526,0.16690396093429227,-0.9623234799904647
required09_test_000_bg95,supplemental,202609360000,adaptive_rollout_adp,12,cand_0013_safe,29,1740.0,0.20905218099406814,0.16701309416349033,-0.9635371357656956
required09_test_000_bg95,supplemental,202609360000,adaptive_rollout_adp,12,cand_0013_safe,30,1743.0,0.20905218099406814,0.16701309416349033,-0.9635371357656956
required09_test_000_bg95,supplemental,202609360000,adaptive_rollout_adp,12,cand_0013_safe,31,1746.0,0.20905218099406814,0.16701309416349033,-0.9635371357656956
required09_test_000_bg95,supplemental,202609360000,adaptive_rollout_adp,12,cand_0013_safe,32,1749.0,0.20905218099406814,0.16701309416349033,-0.9635371357656956
required09_test_000_bg95,supplemental,202609360000,adaptive_rollout_adp,12,cand_0013_safe,33,1752.0,0.20905218099406814,0.16701309416349033,-0.9635371357656956
required09_test_000_bg95,supplemental,202609360000,adaptive_rollout_adp,12,cand_0013_safe,34,1755.0,0.20905218099406814,0.16701309416349033,-0.9635371357656956
required09_test_000_bg95,supplemental,202609360000,adaptive_rollout_adp,12,cand_0013_safe,35,1758.0,0.20905218099406814,0.16701309416349033,-0.9635371357656956
required09_test_000_bg95,supplemental,202609360000,adaptive_rollout_adp,12,cand_0013_safe,36,1761.0,0.20905218099406814,0.16701309416349033,-0.9635371357656956
required09_test_000_bg95,supplemental,202609360000,adaptive_rollout_adp,12,cand_0013_safe,37,1764.0,0.20905218099406814,0.16701309416349033,-0.9635371357656956
required09_test_000_bg95,supplemental,202609360000,adaptive_rollout_adp,12,cand_0013_safe,38,1767.0,0.20905218099406814,0.16701309416349033,-0.9635371357656956
required09_test_000_bg95,supplemental,202609360000,adaptive_rollout_adp,12,cand_0013_safe,39,1770.0,0.20905218099406814,0.16701309416349033,-0.9635371357656956
required09_test_000_bg95,supplemental,202609360000,adaptive_rollout_adp,12,cand_0013_safe,40,1773.0,0.20905218099406814,0.16701309416349033,-0.9635371357656956
required09_test_000_bg95,supplemental,202609360000,adaptive_rollout_adp,12,cand_0013_safe,41,1776.0,0.20905218099406814,0.16701309416349033,-0.9635371357656956
required09_test_000_bg95,supplemental,202609360000,adaptive_rollout_adp,12,cand_0013_safe,42,1779.0,0.20905218099406814,0.16701309416349033,-0.9635371357656956
required09_test_000_bg95,supplemental,202609360000,adaptive_rollout_adp,12,cand_0013_safe,43,1782.0,0.20905218099406814,0.16701309416349033,-0.9635371357656956
required09_test_000_bg95,supplemental,202609360000,adaptive_rollout_adp,12,cand_0013_safe,44,1785.0,0.20905218099406814,0.16701309416349033,-0.9635371357656956
required09_test_000_bg95,supplemental,202609360000,adaptive_rollout_adp,12,cand_0013_safe,45,1788.0,0.20905218099406814,0.16701309416349033,-0.9635371357656956
required09_test_000_bg95,supplemental,202609360000,adaptive_rollout_adp,12,cand_0013_safe,46,1791.0,0.20905218099406814,0.16701309416349033,-0.9635371357656956
required09_test_000_bg95,supplemental,202609360000,adaptive_rollout_adp,12,cand_0013_safe,47,1794.0,0.20905218099406814,0.16701309416349033,-0.9635371357656956
required09_test_000_bg95,supplemental,202609360000,adaptive_rollout_adp,12,cand_0013_safe,48,1797.0,0.20905218099406814,0.16701309416349033,-0.9635371357656956
required09_test_000_bg95,supplemental,202609360000,adaptive_rollout_adp,12,cand_0013_safe,49,1800.0,0.20905218099406814,0.16701309416349033,-0.9635371357656956
