method,time,boresight_x,boresight_y,boresight_z,yaw_rad,pitch_rad,qx,qy,qz,qw
safe_graph_adp,2.0,0.0009467942635835679,0.9615901440022573,-0.2744877019801441,1.5698117140016723,0.2780569008031663,-0.09794331461907291,0.0980397983670187,0.6999391407860848,0.7006286493237492
safe_graph_adp,4.0,0.0037434662755395803,0.9617796394603484,-0.2737990350234385,1.566904117791594,0.2773407991384331,-0.09755042600301811,0.09793085348127838,0.6989548016851007,0.7016805879632124
safe_graph_adp,6.0,0.008299113421540822,0.962069900892412,-0.2726767876319526,1.5621702305326326,0.2761741568296108,-0.09691159443815611,0.09775118960122181,0.6973486561403668,0.7033901474816269
safe_graph_adp,8.0,0.014518016548128846,0.9624300855254299,-0.271141213523547,1.5557127215264588,0.27457846145409626,-0.09604088141834516,0.09750056044948362,0.6951507983437638,0.7057160600202123
safe_graph_adp,10.0,0.022300098735262293,0.9628228558130575,-0.2692115412094844,1.5476393022893375,0.2725742539595451,-0.09495271784716143,0.09717739816542048,0.6923918716436295,0.7086141621087377
safe_graph_adp,12.0,0.031541266371045644,0.9632061728206812,-0.26690638275591405,1.5380619024113709,0.27018152702408704,-0.09366192690457843,0.09677919552759608,0.6891031520226187,0.7120379741516911
safe_graph_adp,14.0,0.0421337062105268,0.9635350453353075,-0.264244143192715,1.5270959116237965,0.26742012483000666,-0.09218375251856101,0.09630288012361492,0.6853166437309349,0.7159392494317239
safe_graph_adp,16.0,0.0539662007024715,0.9637632131454673,-0.2612434078962859,1.514859450743998,0.26431012003550436,-0.09053387955832205,0.0957451725701169,0.6810651669101003,0.7202685034092182
safe_graph_adp,18.0,0.06692451062268472,0.9638447421368735,-0.2579232888535233,1.5014726428730112,0.2608721477461211,-0.08872843485768316,0.09510292133948609,0.6763824207069202,0.7249755307312437
safe_graph_adp,20.0,0.08089185963006938,0.9637355072570665,-0.2543037142818675,1.4870568657973053,0.25712768033089245,-0.08678396137569765,0.09437340704174432,0.6713030092501437,0.7300099135374643
safe_graph_adp,22.0,0.09574954040789538,0.9633945381163107,-0.25040564977519353,1.4717339762856636,0.2530992311028879,-0.08471736108669328,0.0935546093991295,0.665862421868233,0.7353215207883246
safe_graph_adp,24.0,0.11137764725484398,0.9627852018974535,-0.24625124304103566,1.4556255062304728,0.2488104792278738,-0.0825458054270837,0.09264543083396992,0.6600969629669311,0.7408609948119931
safe_graph_adp,26.0,0.12765592609047124,0.9618761999515713,-0.24186388837672543,1.438851838790003,0.24428631269014933,-0.08028661515696407,0.0916458716852997,0.6540436309282478,0.7465802183770162
safe_graph_adp,28.0,0.1444647206008865,0.9606423582467867,-0.2372682111951792,1.4215313793668845,0.23955279059620382,-0.07795711415628899,0.09055715360613474,0.6477399490770287,0.7524327535752724
safe_graph_adp,30.0,0.16168598338735746,0.9590651976706361,-0.2324899769733025,1.4037797410543988,0.2346370303308828,-0.07557446381200658,0.08938178961559745,0.6412237550118011,0.7583742427807042
safe_graph_adp,32.0,0.1792043140731761,0.9571332777092314,-0.22755593272676058,1.3857089668959324,0.2295670288561137,-0.07315548613720707,0.08812360145932609,0.634532957244342,0.7643627619688291
safe_graph_adp,34.0,0.19690798273510546,0.9548423156380855,-0.2224935922719803,1.3674268119055857,0.22437143051947592,-0.07071648451912402,0.0867876871884145,0.6277052699993311,0.7703591176748733
safe_graph_adp,36.0,0.21468989684120637,0.9521950923012183,-0.21733097890495576,1.3490361064344658,0.21907925592051647,-0.0682730710061641,0.08538034400034784,0.6207779381049064,0.7763270806792653
safe_graph_adp,38.0,0.23244847288459564,0.9492011640201942,-0.2120963405538342,1.3306342194372078,0.21371960754141295,-0.06584000836919839,0.08390895320291572,0.6137874641356674,0.7822335519141593
safe_graph_adp,40.0,0.25008837961367464,0.9458764074189867,-0.2068178528811215,1.3123126359136397,0.20832136795307477,-0.06343107392468048,0.08238183550843695,0.6067693494001023,0.7880486588197452
safe_graph_adp,42.0,0.26752112746911655,0.942242429387489,-0.20152332524949995,1.2941566577551964,0.20291290552305308,-0.06105895044816541,0.08080808564205418,0.5997578591067467,0.7937457831728788
safe_graph_adp,44.0,0.2846654877162081,0.9383258776718214,-0.19623992303988325,1.2762452319108808,0.19752180082915677,-0.05873514762211447,0.07919739542192726,0.5927858202591209,0.7993015240145064
safe_graph_adp,46.0,0.30144773395362334,0.9341576885581251,-0.1909939177093515,1.258650904660197,0.1921746046374335,-0.056469955537872915,0.07755987407350041,0.5858844587091306,0.8046956015154814
safe_graph_adp,48.0,0.3178017074035643,0.9297723069303626,-0.1858104734313187,1.2414398962177398,0.1868966355838033,-0.05427242997431243,0.07590587366149024,0.5790832795392246,0.8099107093047144
safe_graph_adp,50.0,0.3336687150078955,0.9252069109485452,-0.18071347641509916,1.2246722861678112,0.18171182285623314,-0.05215040763452671,0.07424582628578502,0.5724099927282832,0.8149323238695962
safe_graph_adp,52.0,0.3489972754284354,0.9205006691596108,-0.17572541028615526,1.2084022974948705,0.17664259643521685,-0.05011054832199646,0.0725900982322626,0.5658904840376916,0.8197484801212421
safe_graph_adp,54.0,0.3637427323432469,0.9156940525278936,-0.17086727841372235,1.1926786652851964,0.17170982499605822,-0.04815840021747081,0.07094886473628542,0.5595488293446863,0.8243495221446527
safe_graph_adp,56.0,0.37786675690558647,0.9108282181599441,-0.16615857194028777,1.177545075483176,0.1669327995330788,-0.046298483974714366,0.06933200752825806,0.5534073493181206,0.8287278376128295
safe_graph_adp,58.0,0.3913367620093669,0.9059444758466327,-0.16161728058284583,1.1630406592798104,0.16232925920180066,-0.04453439125202455,0.06774903598338149,0.5474867004034336,0.8328775834421858
safe_graph_adp,60.0,0.4041252503200621,0.901083843309558,-0.1572599420711555,1.1492005296360805,0.15791545480633035,-0.04286889348017278,0.06620903155661767,0.5418059975492185,0.8367944091184026
safe_graph_adp,62.0,0.4162091161837946,0.8962866914665948,-0.1531017253507283,1.1360563479256527,0.1537062447589937,-0.04130405706848811,0.06472061428289401,0.536382963930574,0.840475182835032
safe_graph_adp,64.0,0.4275689188416373,0.8915924772626191,-0.14915654236170617,1.1236369105472885,0.14971521815088049,-0.0398413618000492,0.06329192946848401,0.5312341030499997,0.8439177242544064
safe_graph_adp,66.0,0.4381881411578358,0.8870395586891536,-0.14543718324139926,1.111968747450706,0.14595483972057963,-0.0384818198008577,0.061930652277607204,0.5263748889618047,0.8471205463945094
safe_graph_adp,68.0,0.4480524445868883,0.8826650845057717,-0.14195547010993356,1.1010767267095076,0.14243661191228968,-0.037226093133068745,0.06064400769898409,0.5218199709064051,0.8500826079173084
safe_graph_adp,70.0,0.45714892756857906,0.878504949784378,-0.13872242510584115,1.0909846614601177,0.13917124979348555,-0.036074608717838415,0.0594388033220137,0.5175833892962153,0.8528030759736649
safe_graph_adp,72.0,0.4654653911067699,0.874593807595716,-0.13574844896738075,1.0817159176357916,0.13616886528358213,-0.035027669910760825,0.05832147241949773,0.5136788007125045,0.8552810987587693
safe_graph_adp,74.0,0.4729896120551573,0.870965126796457,-0.13304350714087324,1.0732940229169436,0.133439157866233,-0.034085564615459696,0.05729812498173629,0.5101197103092554,0.8575155860463552
safe_graph_adp,76.0,0.47970862164977307,0.8676512857983097,-0.13061732108497282,1.0657432791742827,0.1309916096681421,-0.03324867032167395,0.05637460453628576,0.5069197107417416,0.8595049951842788
safe_graph_adp,78.0,0.48560798410221806,0.8646836922514339,-0.12847956308536898,1.0590893823990044,0.12883568344615193,-0.032517556893627814,0.05555654878325528,0.5040927274184629,0.8612471193245169
safe_graph_adp,80.0,0.4906710675786772,0.8620929186000396,-0.12664005346203316,1.053360055706837,0.12698102259981542,-0.031893088318266795,0.05484945224582037,0.5016532704956631,0.8627388739977248
safe_graph_adp,82.0,0.49487829759865504,0.8599088433177876,-0.12510895951018705,1.0485857024894312,0.12543765279163696,-0.0313765249596471,0.054258729250265425,0.49961669457777214,0.8639760774933437
safe_graph_adp,84.0,0.4982063807479854,0.8581607871514784,-0.12389699583746411,1.0448000881878146,0.12421618508575834,-0.03096962816474232,0.053789775580712705,0.4979994675388558,0.8649532198363853
safe_graph_adp,86.0,0.5006274845712898,0.8568776327303751,-0.12301562591074104,1.042041060493354,0.12332802067852634,-0.030674769335192406,0.05344802707052268,0.4968194502197189,0.8656632144268795
safe_graph_adp,88.0,0.5021083575653775,0.8560879142515563,-0.12247726456538358,1.0403513190437756,0.12278555725236422,-0.03049504582344591,0.053239013160384346,0.49609618895433943,0.866097125594419
safe_graph_adp,90.0,0.5026093713464032,0.8558198614113893,-0.12229548090000693,1.0397792468540958,0.12260239668295114,-0.030434406228259447,0.053168403029511174,0.4958512228946198,0.8662438643885074
safe_graph_adp,92.0,0.5027623013451541,0.8557485163442277,-0.12216605551779769,1.0396099786955344,0.12247199349942732,-0.030397580687047517,0.05311449529920141,0.4957798903914256,0.8662892921887881
safe_graph_adp,94.0,0.5032127735932563,0.8555382666513454,-0.12178332721597741,1.0391113637732288,0.12208638594482854,-0.030288790746076474,0.05295502333238067,0.49556975160641,0.866423092923872
safe_graph_adp,96.0,0.5039453042977483,0.8551958191518404,-0.12115791836055366,1.038300365224149,0.12145631139361042,-0.030111301285218897,0.05269427958106654,0.4952278876947038,0.8666406185286869
safe_graph_adp,98.0,0.5049451957745952,0.8547270527928833,-0.12029968615149197,1.0371928871913725,0.12059175538539908,-0.02986824634473125,0.052336192228889376,0.4947608766825477,0.8669374174342621
safe_graph_adp,100.0,0.5061984273280172,0.8541371423953144,-0.11921784325933982,1.0358039222396618,0.11950206999438338,-0.029562649412238653,0.051884383217193145,0.49417486491540913,0.8673092086584447
safe_graph_adp,102.0,0.5076915529126773,0.8534306699092656,-0.11792107003982026,1.0341476869538504,0.1181960839407892,-0.029197443008221358,0.05134222184998601,0.49347563242693976,0.867751857259966
safe_graph_adp,104.0,0.5094116050716633,0.8526117254937834,-0.11641761966654958,1.032237747368537,0.11668220574881225,-0.028775487545390055,0.05071287473933378,0.4926686531532538,0.8682613511220897
safe_graph_adp,106.0,0.5113460046902769,0.8516840003849439,-0.11471541734043518,1.0300871356461085,0.11496852107855303,-0.028299589449113587,0.04999935274584244,0.49175915078405846,0.8688337790291939
safe_graph_adp,108.0,0.5134824761647965,0.8506508732202142,-0.11282215456795926,1.0277084592145507,0.11306288519820634,-0.02777251853088472,0.04920455547355297,0.4907521509257518,0.8694653100019861
safe_graph_adp,110.0,0.5158089676523643,0.8495154912317745,-0.11074537934667682,1.0251140033922108,0.11097301141414703,-0.02719702460647731,0.048331313792567325,0.4896525301485761,0.8701521738631335
safe_graph_adp,112.0,0.5183135761399058,0.8482808474988782,-0.10849258295223178,1.0223158283595626,0.10870655613795395,-0.026575853346357297,0.04738243078398616,0.48846506239755566,0.8708906430137288
safe_graph_adp,114.0,0.5209844771441013,0.8469498552511592,-0.10607128388460081,1.0193258611845404,0.10627120113838634,-0.02591176133916687,0.04636072142844297,0.48719446316289716,0.8716770154113006
safe_graph_adp,116.0,0.5238098589290462,0.8455254200343911,-0.10348910939996982,1.0161559834651044,0.10367473340070785,-0.025207530340614574,0.045269051290083566,0.4858454317278003,0.8725075987512374
safe_graph_adp,118.0,0.5267778612016869,0.8440105103818393,-0.1007538749267906,1.0128181150177324,0.1009251228936689,-0.024465980670646474,0.0441103743808964,0.48442269173845853,0.8733786958648964
safe_graph_adp,120.0,0.5298765183159029,0.8424082274731372,-0.09787366153865805,1.009324293911284,0.09803059842436457,-0.023689983712037458,0.04288777032471485,0.482931030271014,0.8742865913587345
safe_graph_adp,122.0,0.5330937070826954,0.8407218741045088,-0.09485689153156951,1.0056867530203168,0.09499972164186922,-0.022882473454166278,0.04160448087506882,0.4813753355021094,0.8752275395289885
safe_graph_adp,124.0,0.5364170993447903,0.8389550231357737,-0.0917124020281581,1.0019179931489883,0.09184145913117556,-0.02204645701733949,0.040263945775684755,0.4797606330225288,0.8761977535952589
safe_graph_adp,126.0,0.5398341195273987,0.8371115854183123,-0.08844951640635398,0.998030852655083,0.08856525241908551,-0.021185024086207732,0.03886983788637958,0.47809212076647656,0.8771933963033273
safe_graph_adp,128.0,0.5433319074211693,0.8351958770421357,-0.08507811322479948,0.9940385733827636,0.08518108559328635,-0.020301355176163476,0.037426097430189396,0.47637520246184234,0.8782105719521919
safe_graph_adp,130.0,0.5468972864867192,0.8332126855683536,-0.08160869219289811,0.9899548625920825,0.08169955011530813,-0.019398728654689473,0.0359369651499078,0.4746155194391084,0.879245319902211
safe_graph_adp,132.0,0.5505167379907367,0.831167334735407,-0.0780524366107706,0.9857939504532528,0.078131906288266,-0.018480526440975382,0.03440701409416102,0.47281898056841576,0.8802936096200136
safe_graph_adp,134.0,0.5541763812898299,0.8290657469441969,-0.07442127158527931,0.9815706425547872,0.07449014072257422,-0.01755023831220245,0.03284117968538787,0.4709917900260652,0.8813513373111201
safe_graph_adp,136.0,0.557861960568578,0.8269145026404128,-0.07072791721478411,0.9773003667579341,0.07078701902896348,-0.016611464754080214,0.031244787655594127,0.46914047252402763,0.8824143241828143
safe_graph_adp,138.0,0.5615588383115064,0.8247208955247939,-0.06698593582994472,0.9729992136170098,0.06703613286035483,-0.015667918306727178,0.02962357937177182,0.46727189556986104,0.8834783163675761
safe_graph_adp,140.0,0.5652519957444301,0.8224929823377207,-0.0632097722835703,0.968683969478349,0.0632519403250436,-0.014723423374847373,0.027983734012955484,0.4653932882610976,0.8845389865214196
safe_graph_adp,142.0,0.568926040418919,0.8202396257885736,-0.05941478620235371,0.9643721412723535,0.05944979870613921,-0.013781914493146662,0.026331887006802352,0.4635122560593209,0.8855919370920012
safe_graph_adp,144.0,0.5725652210356484,0.8179705290390059,-0.055617275050542446,0.9600819719267295,0.055645988349429666,-0.012847433063535734,0.024675144087310714,0.46163679093682103,0.8866327052288914
safe_graph_adp,146.0,0.5761534495102066,0.8156962600099902,-0.05183448681336193,0.9558324452581755,0.05185772652703879,-0.011924122609012855,0.023021090298935464,0.45977527624519465,0.8876567692836621
safe_graph_adp,148.0,0.5796743301819234,0.8134282636734723,-0.048084621089268656,0.9516432791487133,0.04810317005064141,-0.01101622261895543,0.021377793248088296,0.4579364856231487,0.8886595568214924
safe_graph_adp,150.0,0.5831111959570191,0.8111788604196927,-0.044386817387417225,0.947534905786167,0.04440140539865804,-0.010128061090224563,0.019753799892959282,0.4561295752429121,0.8896364540401108
safe_graph_adp,152.0,0.5864471510677068,0.8089612285700393,-0.0407611294620597,0.9435284377508677,0.04077242513952764,-0.00926404589595949,0.018158126168786877,0.4543640686940209,0.8905828164676719
safe_graph_adp,154.0,0.5896651200257695,0.80678936914219,-0.03722848458024685,0.9396456187676139,0.03723708948019547,-0.008428655136823846,0.016600238769945708,0.45264983382289675,0.8914939807903749
safe_graph_adp,156.0,0.5927479022603461,0.8046780510783097,-0.033810626713689555,0.9359087580183513,0.03381707184718779,-0.007626426645121532,0.01509002845404669,0.45099705088956293,0.8923652776452027
safe_graph_adp,158.0,0.5956782318634856,0.8026427353265403,-0.030530042769719275,0.9323406470318936,0.030534787518359977,-0.0068619468178604745,0.01363777429784022,0.4494161714718979,0.8931920452050677
safe_graph_adp,160.0,0.5984388418315874,0.8006994764279282,-0.027409871129037814,0.9289644583368092,0.027413304467352462,-0.0061398389478025586,0.012254098420898361,0.44791786764550634,0.8939696433847677
safe_graph_adp,162.0,0.6010125321935254,0.798864800610531,-0.024473791937973725,0.9258036252862429,0.02447623576027628,-0.005464751199384967,0.01094991080127902,0.44651297109566856,0.8946934685081207
safe_graph_adp,164.0,0.6033822414628476,0.7971555598327544,-0.02174589880868916,0.9228817027417993,0.02174761305518769,-0.004841344337284692,0.009736343937765263,0.4452124019783161,0.8953589683006653
safe_graph_adp,166.0,0.6055311209452671,0.7955887617492764,-0.019250551810829145,0.9202222086393326,0.019251740999416067,-0.004274279258349856,0.00862467726568813,0.4440270875401963,0.895961657108972
safe_graph_adp,168.0,0.6074426115737441,0.7941813761925047,-0.017012211891724128,0.9178484468525371,0.017013032597834446,-0.003768204302850928,0.007626251407462546,0.44296787073398236,0.8964971312966953
safe_graph_adp,170.0,0.6091005231276021,0.7929501194641047,-0.01505525713973479,0.9157833122186071,0.015055825937109,-0.003327742230218384,0.0067523725343782365,0.4420454093205311,0.8969610848277925
safe_graph_adp,172.0,0.6104891159103532,0.7919112185046955,-0.01340378160832937,0.9140490790895299,0.013404182997723543,-0.0029574766410898957,0.006014207332425222,0.44127006623493736,0.8973493251165312
safe_graph_adp,174.0,0.6115931851989381,0.7910801578410839,-0.012081377750206653,0.9126671753156663,0.012081671668534027,-0.002661937516984897,0.005422669301466002,0.4406517923011069,0.897657789298419
safe_graph_adp,176.0,0.6123981490153644,0.790471413080585,-0.011110903875851797,0.9116579441448688,0.011111132499446216,-0.0024455854386495357,0.004988297373181877,0.4402000027051731,0.8978825611512591
safe_graph_adp,178.0,0.6128901399856848,0.790098175607336,-0.010514238454930495,0.9110403971168828,0.010514432188027978,-0.0023127939433629217,0.004721128107777295,0.4399234489732817,0.8980198889651709
safe_graph_adp,180.0,0.6130561022124063,0.7899720740069858,-0.010312023527559718,0.9108319616318522,0.010312206296005181,-0.002267829401162868,0.004630563020455145,0.4398300885340956,0.8980662047176758
safe_graph_adp,182.0,0.6130984131040872,0.7899658733863995,-0.008015905071370243,0.9107947327052041,0.008015990917160638,-0.0017627887079863366,0.003599516293826115,0.43981568518006137,0.8980791162965626
safe_graph_adp,184.0,0.613195646485053,0.7899301805099278,-0.0011870346796746243,0.9106960351659272,0.0011870349584402668,-0.00026101407345321856,0.0005330427846206231,0.43977482036021937,0.8981078749872868
safe_graph_adp,186.0,0.6132755118206172,0.7898045817485854,0.010093029778120327,0.9105559232774353,-0.010093201147538675,0.0022190413059923397,-0.004532528745066102,0.4397063796135627,0.8981274028588544
safe_graph_adp,188.0,0.6132311018048632,0.7894817181230539,0.0258114805593229,0.910392931551827,-0.02581434749358656,0.005674336600500098,-0.01159257465650851,0.43960216254063367,0.8980998568124682
safe_graph_adp,190.0,0.6129186007036568,0.7888053375540167,0.04601008973872022,0.9102246336112817,-0.046026338566358016,0.010114849482393239,-0.020668872558723617,0.4394468083344364,0.8979738248812027
safe_graph_adp,192.0,0.6121532642650167,0.7875659482221334,0.07076904867706418,0.9100681325898287,-0.07082825381793614,0.01556100468920943,-0.03180395100241527,0.439217345477302,0.8976828433614907
safe_graph_adp,194.0,0.6107044834964813,0.7854951113835971,0.10018714403438506,0.9099405129876762,-0.10035550977190343,0.022040639902449997,-0.04505446559266712,0.43888250521286276,0.897143495735733
safe_graph_adp,196.0,0.6082910463656117,0.7822597739217445,0.13435642528487596,0.9098592794109203,-0.1347639704698442,0.029585184772211358,-0.0604829016887869,0.43840197926161184,0.896253446311254
safe_graph_adp,198.0,0.6045782327115082,0.7774586806648609,0.17332962929136872,0.9098428056859249,-0.17420947191991737,0.038224719553402564,-0.07814689073354182,0.4377258812463866,0.8948899301985792
safe_graph_adp,200.0,0.5991790815047715,0.7706237814253282,0.21707928456862569,0.9099108180783954,-0.2188214056613954,0.04798163536388418,-0.0980855485488672,0.43679478524071463,0.8929094598111239
safe_graph_adp,202.0,0.5916629079953575,0.761230477669086,0.26544898411968404,0.9100849387377651,-0.26866958330677226,0.05886279150618713,-0.1203026106871015,0.4355408452306041,0.8901497771576298
safe_graph_adp,204.0,0.581574579395264,0.7487211171583359,0.31810013725617176,0.9103893202939268,-0.3237248579053152,0.0708504168917063,-0.14474687718214607,0.43389059893985343,0.8864352814074491
safe_graph_adp,206.0,0.5684675962095488,0.7325456138419937,0.37446163448422104,0.9108514103650371,-0.3838160971315625,0.08389256844691308,-0.1712916596371427,0.4317700420756157,0.8815871114439879
safe_graph_adp,208.0,0.5519519392283583,0.7122205245087363,0.4336945713870017,0.9115028966586566,-0.44858900078412056,0.09789469232313575,-0.19971644475568634,0.4291123070712021,0.8754385180177634
safe_graph_adp,210.0,0.5317534370133096,0.6874027190498895,0.49468756207059744,0.9123809011003065,-0.5174752868430847,0.11271453243256603,-0.22969542442711682,0.4258676948191679,0.8678549145365041
safe_graph_adp,212.0,0.5077755369201358,0.6579664668075058,0.556097233100755,0.9135295177811505,-0.5896825744678156,0.12816291543206743,-0.2607980960314755,0.42201491045493816,0.8587560978345484
safe_graph_adp,214.0,0.4801488681195625,0.6240658423443739,0.6164404990447253,0.9150018289386692,-0.6642140932870761,0.14401236862038833,-0.29250588232958163,0.4175714007721454,0.8481361162833043
safe_graph_adp,216.0,0.4492522516835541,0.5861620442771,0.6742302812883352,0.9168625929252844,-0.7399219624369553,0.16001388873839956,-0.3242452270699348,0.41260017799388954,0.8360751648342344
safe_graph_adp,218.0,0.4156937275030358,0.5450011673727506,0.7281294201424434,0.9191918902092328,-0.8155889581497041,0.17591984018180162,-0.3554326554043057,0.4072109572699711,0.8227387638746136
safe_graph_adp,220.0,0.38025142725913813,0.501541881734759,0.7770872492412584,0.922090158295263,-0.8900246292563019,0.19150890213551175,-0.38552288720784056,0.4015549648670299,0.8083625758484988
safe_graph_adp,222.0,0.34378712223520247,0.4568486878771927,0.8204265299038819,0.9256852795729501,-0.9621566251116149,0.2066083160317058,-0.41404953984270576,0.395814877737614,0.7932254186951803
safe_graph_adp,224.0,0.3071535177895378,0.41197683419366576,0.8578646773222901,0.9301427711588165,-1.031099817434914,0.22110988692273795,-0.4406501868757264,0.39019309823678133,0.7776163429351154
safe_graph_adp,226.0,0.2711159662091054,0.3678746794555327,0.8894742003464701,0.9356807806431504,-1.096193294944443,0.23497874510753528,-0.46507235374068473,0.38490222483319936,0.7618024497546858
safe_graph_adp,228.0,0.23630151831536544,0.3253197685043582,0.915602883712215,0.9425927425027886,-1.157004768489208,0.2482566675716936,-0.48716192506693906,0.38016114952397667,0.7460022695433844
safe_graph_adp,230.0,0.2031780261938795,0.28489221331059317,0.9367791182914738,0.951282649118625,-1.2133092855537113,0.2610639233415553,-0.5068382397410361,0.3761993961176283,0.7303661006827017
safe_graph_adp,232.0,0.17205807774717954,0.24697904694583075,0.9536232842436655,0.9623218848851213,-1.2650523725485794,0.5947925436243816,0.5174448096923692,0.3823896311994327,-0.48192413191541666
safe_graph_adp,234.0,0.1431189470814561,0.21179865880878201,0.9667772727537075,0.9765445511666669,-1.312307128240567,0.581514033350175,0.5163323517294462,0.40229520133455665,-0.4831158272687198
safe_graph_adp,236.0,0.11642991077051563,0.17943455575728526,0.9768558317777273,0.9952150666721269,-1.3552319569943503,0.5689031934192845,0.5152047050419882,0.4199394676823555,-0.48431819282636696
safe_graph_adp,238.0,0.09198046945525311,0.1498703780511692,0.9844178294919241,1.020339827793582,-1.3940320382843479,0.5570459785339257,0.5141108707985004,0.4355453797242961,-0.48547915766468064
safe_graph_adp,240.0,0.06970563962212853,0.12302135299338711,0.9899529637879501,1.0552870704997048,-1.4289238118002108,0.5459906482519118,0.5130818337921141,0.44932639809102815,-0.48656657492322813
safe_graph_adp,242.0,0.049506642016344554,0.09876006264489558,0.9938790381241783,1.1061236414355182,-1.4600965846931149,0.535757503678326,0.5121355111095687,0.4614801157713825,-0.48756252753933094
safe_graph_adp,244.0,0.03126673570165622,0.0769361824853814,0.9965456412343284,1.1847863505682739,-1.487653685924748,0.526347099880886,0.5112806486678244,0.47218505953384504,-0.4884589013395179
safe_graph_adp,246.0,0.01486270900668924,0.057390807130659666,0.9982411507936718,1.317389834186301,-1.5114774421114094,0.5177468387203535,0.5105197689625498,0.481599637660869,-0.48925409093683087
safe_graph_adp,248.0,0.00017284013430681944,0.03996636285178682,0.9992010107914661,1.5664717136834911,-1.5308189424757137,0.5099360750104288,0.5098513317918159,0.48986242905836164,-0.4899506296251815
safe_graph_adp,250.0,-0.012917826729891434,0.024513153249985015,0.9996160438239872,2.055790579232976,-1.543084208546022,0.5028899680712877,0.5092712767785814,0.497093230705528,-0.49055353086927583
safe_graph_adp,252.0,-0.02451413984929452,0.010893468050307173,0.9996401298973977,2.723426412120737,-1.5439675478778825,0.4965823330887744,0.5087740986533589,0.5033944640777345,-0.4910691565751837
safe_graph_adp,254.0,-0.034708822430903556,-0.0010159875867718367,0.9993969508732171,-3.1123292707689556,-1.5360656559719261,0.49098772951793324,0.5083535794627858,0.5088526795279994,-0.4915044641174413
safe_graph_adp,256.0,-0.043581306855190426,-0.011322758073889489,0.9989857180372469,-2.887404749104728,-1.5257529372585652,0.48608299044258024,0.5080032746205451,0.5135399949394384,-0.4918665194692592
safe_graph_adp,258.0,-0.05119706550158618,-0.020117958661292547,0.9984859178893455,-2.7671773837614073,-1.5157606231271805,0.4818483604347837,0.5077168258039932,0.5175153693817323,-0.49216219358613644
safe_graph_adp,260.0,-0.05760717349297509,-0.027475929486319682,0.9979611650064409,-2.6965518350754047,-1.5069288361834732,0.47826837655025894,0.5074881542996919,0.5208256522023273,-0.49239798257658635
safe_graph_adp,262.0,-0.06284790318798654,-0.03345398195921659,0.9974622660311244,-2.652439636487292,-1.4995389335674656,0.47533260030478,0.5073115734009004,0.5235063696723244,-0.492579909754248
safe_graph_adp,264.0,-0.06694019190849271,-0.03809205248915964,0.9970295914587576,-2.6242444293667093,-1.4937005388207323,0.47303628844924783,0.5071818472146715,0.5255822198383048,-0.49271348048933433
safe_graph_adp,266.0,-0.06988884648162023,-0.0414121107970936,0.9966948310374634,-2.606674665016183,-1.4894699318265678,0.4713810768386243,0.5070942149565022,0.5270672446647193,-0.4928036699920657
safe_graph_adp,268.0,-0.07168135311537713,-0.04341718254613703,0.9964821784032588,-2.5969946886414816,-1.4868929770976553,0.470375744122934,0.5070443937338155,0.5279646383431339,-0.4928549307687887
safe_graph_adp,270.0,-0.07228614999664518,-0.04408984075426692,0.9964089514154949,-2.593900136329081,-1.4860236906826425,0.4700371198408832,0.5070285682549213,0.5282661317666383,-0.49287121134568684
safe_graph_adp,272.0,-0.0719958455696472,-0.045144977942379164,0.9963827222444663,-2.5815207086746463,-1.4857144762668066,0.46983416498462305,0.506697212713492,0.5284466457583037,-0.49321185572568965
safe_graph_adp,274.0,-0.07114524670794309,-0.048264927141919316,0.996297571350473,-2.545510980723824,-1.484718274181244,0.4692313973515678,0.5057180317276383,0.5289819427348111,-0.49421581559630745
safe_graph_adp,276.0,-0.06977082708332841,-0.05335774810605774,0.9961350221757884,-2.4887135896844046,-1.4828478183480618,0.46824187843401377,0.5041189048836376,0.5298580406869243,-0.4958468813443542
safe_graph_adp,278.0,-0.06790738405993933,-0.06033088384540165,0.9958658401835905,-2.415207320028288,-1.4798346699588567,0.4668783319784661,0.5019253618825856,0.5310599054052237,-0.49806719536527944
safe_graph_adp,280.0,-0.06558843944850815,-0.06909028202338355,0.995452002630282,-2.330198893512589,-1.4753872188771242,-0.46515340501810065,-0.499161206349399,-0.532571412864103,0.5008373888557173
safe_graph_adp,282.0,-0.06284665320990074,-0.07953940527883385,0.9948486222477286,-2.2394913497983695,-1.4692502129347076,-0.46307995461430884,-0.4958491413429499,-0.5343752947455652,0.5041166819591069
safe_graph_adp,284.0,-0.05971422570120622,-0.09157822870216842,0.9940058547496985,-2.1486162389846664,-1.4612505086463132,-0.4606713440967869,-0.4920113821066981,-0.536453085300159,0.5078629735248049
safe_graph_adp,286.0,-0.05622326733939712,-0.10510231364740202,0.9928708112718623,-2.0620024679164572,-1.4513168243023051,-0.45794173376680775,-0.4876702422693519,-0.5387850856089561,0.5120329430856492
safe_graph_adp,288.0,-0.05240611719003662,-0.12000203853936901,0.9913894843236233,-1.9825436826429488,-1.4394730542331664,-0.4549063517516618,-0.48284867966996126,-0.5413503589506462,0.5165821837239212
safe_graph_adp,290.0,-0.04829559445583507,-0.13616205792153174,0.9895086808809365,-1.9116449829160178,-1.425815533275515,-0.45158173129711265,-0.4775707877050429,-0.5441267682798765,0.5214653801843271
safe_graph_adp,292.0,-0.043925169563744315,-0.15346104941807825,0.987177940287514,-1.8495727939129165,-1.410486909360457,-0.4479859015751501,-0.4718622180170523,-0.5470910637086845,0.5266365418464881
safe_graph_adp,294.0,-0.0393290448475396,-0.1717717936384269,0.9843513992175853,-1.7958777104498551,-1.3936546599114767,-0.4441385203447954,-0.4657505208562134,-0.5502190243402494,0.5320492950114359
safe_graph_adp,296.0,-0.03454213887137164,-0.19096161394840486,0.9809895527682297,-1.7497465984575364,-1.3754966221943015,-0.44006093874532315,-0.45926539086360607,-0.5534856549094881,0.537657233518623
safe_graph_adp,298.0,-0.029599973243164233,-0.21089318175114152,0.9770608514697965,-1.7102407093961602,-1.3561925535332726,-0.43577619123725164,-0.45243880853749463,-0.5568654336109885,0.543414321240407
safe_graph_adp,300.0,-0.024538466145632876,-0.2314256694596023,0.972543070097358,-1.6764333627013441,-1.335919741167719,-0.43130890722703025,-0.4453050713007785,-0.5603326035013714,0.5492753348492981
safe_graph_adp,302.0,-0.019393642415985332,-0.2524162093544362,0.9674243866519896,-1.647477677119847,-1.314850911692963,-0.4266851450706909,-0.43790071275574455,-0.5638614962701423,0.555196330830825
safe_graph_adp,304.0,-0.014201275351754113,-0.273721594125448,0.9617041190968286,-1.6226320388738495,-1.293153256276021,-0.42193215367383763,-0.43026431409044363,-0.5674268743161158,0.5611351174363266
safe_graph_adp,306.0,-0.008996479967680873,-0.29520013637849013,0.9553930828880393,-1.6012627635098629,-1.2709878916711508,-0.41707807141240655,-0.4224362172410563,-0.5710042752439841,0.5670517104842089
safe_graph_adp,308.0,-0.0038132806623909178,-0.31671359183391445,0.948513552690867,-1.5828358998105174,-1.2485094219215516,-0.41577922454410615,-0.41080331402528986,-0.5771891176356624,0.5702815060181301
safe_graph_adp,310.0,0.0013158222228546732,-0.3381290458574594,0.9410988348517927,-1.5669048670195975,-1.225865471456879,-0.4059842257323324,-0.40756717901330136,-0.5772617114270719,0.5795124843935168
safe_graph_adp,312.0,0.006360262861493652,-0.35932066599894347,0.9331924807039588,-1.5530973761752658,-1.2031961709580397,-0.3966375183372998,-0.4037204513255577,-0.5777799457845012,0.5880976198540299
safe_graph_adp,314.0,0.011291775596755264,-0.3801712340175515,0.9248471920427961,-1.5411032416358068,-1.18063362964004,-0.38770612691141393,-0.3993926815475758,-0.5786532624360282,0.5960955015379065
safe_graph_adp,316.0,0.01608469786816712,-0.40057338813614024,0.9161234868791558,-1.5306637020849443,-1.1583014461589154,-0.37916574653244256,-0.3946963904558319,-0.5798037688969035,0.603552554124808
safe_graph_adp,318.0,0.020716197539041553,-0.42043052793987634,0.907088204275483,-1.521562375179498,-1.136314310321067,-0.3709991687221379,-0.3897297990295745,-0.5811648518095763,0.6105061142830622
safe_graph_adp,320.0,0.025166417405664294,-0.4396573579619467,0.8978129309744233,-1.5136177428611366,-1.1147777382051363,-0.3631948309079842,-0.38457898115856587,-0.5826798422360321,0.6169868098302855
safe_graph_adp,322.0,0.02941853532312217,-0.4581800691074117,0.888372429813178,-1.5066769767927242,-1.093787969629022,-0.3557455448737698,-0.3793195707798722,-0.5843007749111861,0.6230203648068221
safe_graph_adp,324.0,0.03345874351020609,-0.4759361775129806,0.8788431415315541,-1.5006108947174683,-1.073432042422021,-0.34864742272636007,-0.3740181354731054,-0.5859872546242954,0.6286289417306284
safe_graph_adp,326.0,0.037276154794352236,-0.4928740566655827,0.8693018190190098,-1.4953098511885843,-1.0537880447098478,-0.34189899841646443,-0.368733305970685,-0.5877054293357795,0.6338321167935518
safe_graph_adp,328.0,0.040862646587329875,-0.5089522097482835,0.8598243380518013,-1.4906803907991995,-1.0349255355411215,-0.3355005318644526,-0.3635167298801425,-0.5894270640236862,0.6386475682348868
safe_graph_adp,330.0,0.044212655169506884,-0.5241383350814763,0.8504847128672451,-1.486642519332461,-1.0169061162157005,-0.32945347728827556,-0.3584138998601955,-0.5911287074760051,0.6430915439402209
safe_graph_adp,332.0,0.04732293347475239,-0.5384082385900623,0.8413543299857027,-1.4831274738946654,-0.9997841297074506,-0.3237600951494267,-0.35346489197112374,-0.5927909440995751,0.647179161844856
safe_graph_adp,334.0,0.05019228518387921,-0.5517446442647245,0.8325014006193701,-1.4800758954616848,-0.9836074633812255,-0.3184231869261505,-0.3487050387700874,-0.5943977231992165,0.6509245859696293
safe_graph_adp,336.0,0.05282128678654591,-0.5641359476185807,0.8239906214676834,-1.4774363260095018,-0.9684184303624453,-0.3134459329216233,-0.3441655535233234,-0.5959357585971088,0.6543411117514827
safe_graph_adp,338.0,0.05521200761245588,-0.5755749492277218,0.8158830259521935,-1.4751639677347776,-0.9542547069068015,-0.30883181503897666,-0.339874116152097,-0.5973939917371139,0.6574411865908306
safe_graph_adp,340.0,0.057367735900213226,-0.5860575965489562,0.8082360029130999,-1.473219654239891,-0.9411503064001554,-0.3045846085868774,-0.3358554277099923,-0.5987631115287846,0.6602363850637779
safe_graph_adp,342.0,0.05929271696703677,-0.5955817531164039,0.8011034571573498,-1.4715689934424026,-0.9291365747000994,-0.30070842949679716,-0.3321317378417412,-0.6000351241674995,0.6627373528880715
safe_graph_adp,344.0,0.06099190761749576,-0.6041460055020942,0.794536085549953,-1.4701816498227585,-0.9182431959948878,-0.2972078256766991,-0.32872334839909106,-0.6012029660676517,0.6649537293415811
safe_graph_adp,346.0,0.06247074918761485,-0.6117485104420973,0.7885817430474873,-1.469030739835772,-0.9084992028812753,-0.29408790348139263,-0.32564909585929874,-0.6022601529008986,0.6668940542692868
safe_graph_adp,348.0,0.06373496012008831,-0.6183858774476287,0.7832858746535756,-1.468092319202425,-0.8999339887238573,-0.29135448236764144,-0.322926815148052,-0.603200457558092,0.6685656629414406
safe_graph_adp,350.0,0.0647903477280915,-0.6240520760581492,0.778691991231955,-1.4673449446256315,-0.8925783244126262,-0.28901427266889945,-0.32057378771405937,-0.6040176096494336,0.6699745697097113
safe_graph_adp,352.0,0.06564263782325454,-0.6287373515615645,0.7748421689937601,-1.4667692954361191,-0.8864653853067778,-0.28707507303526064,-0.31860717709149405,-0.6047050089044758,0.671125339525656
safe_graph_adp,354.0,0.06629732013407051,-0.6324271283507726,0.7717775538774341,-1.466347842921341,-0.8816317974102693,-0.28554598541382264,-0.31704445561224887,-0.6052554445013258,0.6720209448232133
safe_graph_adp,356.0,0.06675950689141799,-0.6351008759251642,0.7695388525855623,-1.4660645567250967,-0.878118714658285,-0.28443764646896635,-0.31590382631212754,-0.6056608119035342,0.6726626039233223
safe_graph_adp,358.0,0.06703380157291335,-0.6367309087091108,0.7681667913553367,-1.465904638789583,-0.8759729415892713,-0.2837624750271897,-0.31520464434661216,-0.6059118181681795,0.6730495959087266
safe_graph_adp,360.0,0.06712417454617141,-0.6372810872220847,0.7677025212024073,-1.4658542758623705,-0.8752481175872745,-0.2835349354211531,-0.31496784232576913,-0.6059976658598313,0.6731790457737141
