method,sooa_id,seed_view_id,sample_count,visible_target_count,visible_target_ids,delta_v,min_clearance,peak_input,max_speed,terminal_error,passive_margin,passive_safe,feasible,rejection_reason
set_cover_cw_tour,0,cand_0350,45,12,mesh_00000;mesh_00001;mesh_00002;mesh_00008;mesh_00012;mesh_00014;mesh_00081;mesh_00151;mesh_00156;mesh_00164;mesh_00176;mesh_00177,0.17805285804839333,23.7969858834031,0.003883064997959767,0.08906550824167926,1.432144669219779e-14,23.7969858834031,True,True,
set_cover_cw_tour,1,cand_0016,45,12,mesh_00000;mesh_00001;mesh_00002;mesh_00003;mesh_00007;mesh_00008;mesh_00012;mesh_00014;mesh_00168;mesh_00174;mesh_00176;mesh_00178,0.7108154812278846,24.126067924583225,0.015441511526978662,0.3544557090109913,1.854570987253821e-14,14.520216868080318,True,True,
set_cover_cw_tour,2,cand_0162,45,21,mesh_00000;mesh_00007;mesh_00008;mesh_00012;mesh_00014;mesh_00019;mesh_00020;mesh_00069;mesh_00072;mesh_00075;mesh_00079;mesh_00081;mesh_00083;mesh_00148;mesh_00156;mesh_00163;mesh_00164;mesh_00168;mesh_00176;mesh_00177;mesh_00178,0.7700883377638131,24.133394773752663,0.01675649399651744,0.38370473517095344,1.475552811121985e-14,24.133394773752663,True,True,
set_cover_cw_tour,3,cand_0143,45,19,mesh_00019;mesh_00020;mesh_00021;mesh_00022;mesh_00023;mesh_00024;mesh_00025;mesh_00063;mesh_00067;mesh_00070;mesh_00071;mesh_00072;mesh_00073;mesh_00074;mesh_00078;mesh_00081;mesh_00148;mesh_00168;mesh_00170,0.9972336698257731,31.3806766769413,0.021691950446940687,0.4983224092406406,3.592459381734991e-14,30.262009108870934,True,True,
set_cover_cw_tour,4,cand_0354,45,18,mesh_00007;mesh_00008;mesh_00010;mesh_00012;mesh_00013;mesh_00020;mesh_00021;mesh_00022;mesh_00023;mesh_00024;mesh_00025;mesh_00148;mesh_00168;mesh_00169;mesh_00170;mesh_00174;mesh_00175;mesh_00178,1.2269587797023112,17.77859783533935,0.026701342250444307,0.6116750591267619,1.464821375527116e-14,10.743521515059507,True,True,
set_cover_cw_tour,5,cand_0084,45,18,mesh_00034;mesh_00035;mesh_00036;mesh_00037;mesh_00038;mesh_00039;mesh_00040;mesh_00041;mesh_00042;mesh_00051;mesh_00052;mesh_00053;mesh_00054;mesh_00055;mesh_00056;mesh_00057;mesh_00058;mesh_00059,1.4894398608877155,17.78952316969807,0.03233274674551607,0.7439729980614816,2.929642751054232e-14,17.78952316969807,True,True,
set_cover_cw_tour,6,cand_0108,45,24,mesh_00027;mesh_00032;mesh_00033;mesh_00035;mesh_00036;mesh_00037;mesh_00038;mesh_00039;mesh_00040;mesh_00041;mesh_00042;mesh_00044;mesh_00049;mesh_00050;mesh_00052;mesh_00053;mesh_00054;mesh_00055;mesh_00056;mesh_00057;mesh_00058;mesh_00059;mesh_00061;mesh_00064,0.727901259587274,49.721363448242315,0.015881607640682076,0.3625093258211436,2.416106516409301e-14,49.004430460068356,True,True,
set_cover_cw_tour,7,cand_0098,45,24,mesh_00026;mesh_00027;mesh_00028;mesh_00029;mesh_00030;mesh_00031;mesh_00032;mesh_00033;mesh_00036;mesh_00037;mesh_00040;mesh_00043;mesh_00044;mesh_00045;mesh_00046;mesh_00047;mesh_00048;mesh_00049;mesh_00050;mesh_00053;mesh_00054;mesh_00057;mesh_00061;mesh_00064,0.6281269990814095,54.44210607235666,0.0136585456012726,0.3125420752025942,3.8263897345803626e-14,41.518003866736564,True,True,
set_cover_cw_tour,8,cand_0164,45,10,mesh_00010;mesh_00017;mesh_00027;mesh_00032;mesh_00037;mesh_00076;mesh_00077;mesh_00082;mesh_00149;mesh_00153,1.3533847642089174,34.90969283932156,0.029428757546410132,0.6759288945486426,7.317641576792503e-14,33.03659776135383,True,True,
set_cover_cw_tour,9,cand_0308,45,14,mesh_00015;mesh_00016;mesh_00017;mesh_00018;mesh_00080;mesh_00086;mesh_00144;mesh_00147;mesh_00150;mesh_00152;mesh_00153;mesh_00154;mesh_00161;mesh_00172,1.616487535165014,29.00326736543962,0.035147602172645336,0.8047695926569792,2.935023183045314e-14,13.14996927366198,True,True,
set_cover_cw_tour,10,cand_0242,45,20,mesh_00085;mesh_00094;mesh_00095;mesh_00096;mesh_00098;mesh_00099;mesh_00111;mesh_00112;mesh_00113;mesh_00115;mesh_00116;mesh_00117;mesh_00118;mesh_00119;mesh_00120;mesh_00121;mesh_00122;mesh_00134;mesh_00141;mesh_00143,1.3489217573737264,30.59918092066321,0.029331504278171685,0.6745405518803841,3.692088357856443e-14,30.59918092066321,True,True,
set_cover_cw_tour,11,cand_0232,45,22,mesh_00092;mesh_00093;mesh_00094;mesh_00095;mesh_00096;mesh_00097;mesh_00098;mesh_00099;mesh_00106;mesh_00109;mesh_00113;mesh_00115;mesh_00116;mesh_00117;mesh_00118;mesh_00119;mesh_00120;mesh_00121;mesh_00122;mesh_00124;mesh_00129;mesh_00131,0.4343392447903383,51.208385901531,0.00953725231153681,0.21634080798465036,1.5888218580782548e-14,50.507472213372296,True,True,
set_cover_cw_tour,12,cand_0212,45,24,mesh_00093;mesh_00094;mesh_00099;mesh_00101;mesh_00102;mesh_00103;mesh_00104;mesh_00105;mesh_00106;mesh_00107;mesh_00113;mesh_00116;mesh_00117;mesh_00120;mesh_00122;mesh_00123;mesh_00124;mesh_00125;mesh_00126;mesh_00127;mesh_00128;mesh_00129;mesh_00130;mesh_00131,0.9341819961958672,51.7393975305485,0.02032858843887277,0.4651956636622964,3.1887955513483207e-14,51.7393975305485,True,True,
set_cover_cw_tour,13,cand_0334,45,17,mesh_00009;mesh_00011;mesh_00084;mesh_00088;mesh_00089;mesh_00090;mesh_00091;mesh_00135;mesh_00138;mesh_00139;mesh_00140;mesh_00146;mesh_00158;mesh_00167;mesh_00171;mesh_00173;mesh_00179,1.1562225505888286,33.82077865530582,0.025106234000660973,0.5770340764703558,2.9524418711792076e-14,21.768620185850256,True,True,
set_cover_cw_tour,14,cand_0180,45,18,mesh_00084;mesh_00087;mesh_00088;mesh_00089;mesh_00090;mesh_00091;mesh_00114;mesh_00135;mesh_00136;mesh_00137;mesh_00138;mesh_00139;mesh_00140;mesh_00146;mesh_00158;mesh_00159;mesh_00171;mesh_00173,0.7858927824154001,33.83283643624055,0.017112873478983385,0.39254330111289976,2.3381202007556437e-14,33.83283643624055,True,True,
set_cover_cw_tour,15,cand_0023,45,15,mesh_00004;mesh_00005;mesh_00009;mesh_00011;mesh_00013;mesh_00087;mesh_00088;mesh_00089;mesh_00090;mesh_00166;mesh_00167;mesh_00171;mesh_00173;mesh_00175;mesh_00179,0.9592431926118739,36.17597881871217,0.020919086205803815,0.47836144196844066,1.9131948672901813e-14,20.652707244298245,True,True,
set_cover_cw_tour,16,cand_0265,45,1,mesh_00133,0.6699653388006526,31.08490345769546,0.014543167008287776,0.3339874030455797,1.5987211554602254e-14,28.350409688775084,True,True,
set_cover_cw_tour,17,cand_0332,45,10,mesh_00001;mesh_00002;mesh_00006;mesh_00011;mesh_00013;mesh_00166;mesh_00169;mesh_00174;mesh_00175;mesh_00179,0.7943981052524036,9.910694612040198,0.017334318703357984,0.39717886261434343,1.888293221827313e-14,1.5091074156907407,True,True,
set_cover_cw_tour,18,cand_0263,45,3,mesh_00110;mesh_00132;mesh_00142,1.7854273136334695,9.955587989956355,0.038829011624937425,0.8898301013900891,3.5270861168017086e-14,9.955587989956355,True,True,
set_cover_cw_tour,19,cand_0323,45,19,mesh_00016;mesh_00018;mesh_00079;mesh_00080;mesh_00085;mesh_00142;mesh_00144;mesh_00145;mesh_00150;mesh_00151;mesh_00152;mesh_00155;mesh_00156;mesh_00157;mesh_00162;mesh_00164;mesh_00165;mesh_00172;mesh_00177,1.7683280254134301,19.24657652958173,0.03849392682911026,0.8817193116345916,1.831026719408895e-14,19.24657652958173,True,True,
set_cover_cw_tour,20,cand_0136,45,13,mesh_00015;mesh_00018;mesh_00019;mesh_00060;mesh_00062;mesh_00063;mesh_00065;mesh_00066;mesh_00068;mesh_00079;mesh_00080;mesh_00081;mesh_00083,1.256722875424012,13.589507422620024,0.027309248629892056,0.6283409168239275,1.7852165294699933e-14,13.589507422620024,True,True,
safe_graph_adp_critic_only,0,cand_0309,45,23,mesh_00015;mesh_00016;mesh_00018;mesh_00079;mesh_00080;mesh_00083;mesh_00085;mesh_00143;mesh_00144;mesh_00145;mesh_00147;mesh_00150;mesh_00151;mesh_00152;mesh_00154;mesh_00155;mesh_00157;mesh_00161;mesh_00162;mesh_00163;mesh_00165;mesh_00172;mesh_00177,2.1149805964129484,2.9292347243051626,0.045990878450650134,1.0532663191279616,3.740711302432097e-14,2.9292347243051626,True,True,
safe_graph_adp_critic_only,1,cand_0262,45,24,mesh_00093;mesh_00094;mesh_00095;mesh_00097;mesh_00098;mesh_00099;mesh_00102;mesh_00103;mesh_00106;mesh_00107;mesh_00113;mesh_00116;mesh_00117;mesh_00118;mesh_00120;mesh_00121;mesh_00122;mesh_00124;mesh_00125;mesh_00126;mesh_00128;mesh_00129;mesh_00130;mesh_00131,2.6750076479173743,5.089693938434494,0.05814648454033671,1.33436529580361,2.3313626137889344e-14,5.060124562132294,True,True,
safe_graph_adp_critic_only,2,cand_0074,45,23,mesh_00027;mesh_00032;mesh_00033;mesh_00035;mesh_00036;mesh_00037;mesh_00038;mesh_00039;mesh_00040;mesh_00041;mesh_00042;mesh_00044;mesh_00049;mesh_00052;mesh_00054;mesh_00055;mesh_00056;mesh_00058;mesh_00061;mesh_00064;mesh_00076;mesh_00077;mesh_00082,2.3791296693648065,34.880736706754625,0.05170823525237987,1.1906039393015648,2.1334777765716796e-14,34.880736706754625,True,True,
safe_graph_adp_critic_only,3,cand_0043,45,20,mesh_00007;mesh_00010;mesh_00012;mesh_00019;mesh_00020;mesh_00021;mesh_00022;mesh_00023;mesh_00024;mesh_00025;mesh_00067;mesh_00070;mesh_00071;mesh_00072;mesh_00073;mesh_00074;mesh_00078;mesh_00148;mesh_00168;mesh_00170,1.3617729509054664,31.95321082645313,0.029579061818882597,0.6800364227714406,7.653294859905773e-15,29.705415031920953,True,True,
safe_graph_adp_critic_only,4,cand_0098,45,24,mesh_00026;mesh_00027;mesh_00028;mesh_00029;mesh_00030;mesh_00031;mesh_00032;mesh_00033;mesh_00036;mesh_00037;mesh_00040;mesh_00043;mesh_00044;mesh_00045;mesh_00046;mesh_00047;mesh_00048;mesh_00049;mesh_00050;mesh_00053;mesh_00054;mesh_00057;mesh_00061;mesh_00064,1.3682257328795202,32.457863006848505,0.029700810697537945,0.6826110587947578,3.972054645195637e-14,32.457863006848505,True,True,
safe_graph_adp_critic_only,5,cand_0016,45,12,mesh_00000;mesh_00001;mesh_00002;mesh_00003;mesh_00007;mesh_00008;mesh_00012;mesh_00014;mesh_00168;mesh_00174;mesh_00176;mesh_00178,2.7568024738570194,12.723452639344124,0.05984767875410508,1.375961263558047,3.846950816158972e-14,7.115578782666091,True,True,
safe_graph_adp_critic_only,6,cand_0023,45,15,mesh_00004;mesh_00005;mesh_00009;mesh_00011;mesh_00013;mesh_00087;mesh_00088;mesh_00089;mesh_00090;mesh_00166;mesh_00167;mesh_00171;mesh_00173;mesh_00175;mesh_00179,2.42595484693258,8.01747233523331,0.05271083057616613,1.2134575458588162,6.483702463810914e-14,7.232265624759018,True,True,
safe_graph_adp_critic_only,7,cand_0181,45,20,mesh_00009;mesh_00084;mesh_00087;mesh_00088;mesh_00089;mesh_00090;mesh_00091;mesh_00114;mesh_00135;mesh_00136;mesh_00137;mesh_00138;mesh_00139;mesh_00140;mesh_00146;mesh_00158;mesh_00159;mesh_00167;mesh_00171;mesh_00173,1.1240495314200765,35.50197774173763,0.024463701777729285,0.5595984614563413,3.4226575117198074e-14,34.60029549973281,True,True,
safe_graph_adp_critic_only,8,cand_0212,45,24,mesh_00093;mesh_00094;mesh_00099;mesh_00101;mesh_00102;mesh_00103;mesh_00104;mesh_00105;mesh_00106;mesh_00107;mesh_00113;mesh_00116;mesh_00117;mesh_00120;mesh_00122;mesh_00123;mesh_00124;mesh_00125;mesh_00126;mesh_00127;mesh_00128;mesh_00129;mesh_00130;mesh_00131,1.4609492561825803,39.504266628319954,0.03170336473714551,0.7291566229265367,1.4888583356622763e-14,39.504266628319954,True,True,
safe_graph_adp_critic_only,9,cand_0232,45,22,mesh_00092;mesh_00093;mesh_00094;mesh_00095;mesh_00096;mesh_00097;mesh_00098;mesh_00099;mesh_00106;mesh_00109;mesh_00113;mesh_00115;mesh_00116;mesh_00117;mesh_00118;mesh_00119;mesh_00120;mesh_00121;mesh_00122;mesh_00124;mesh_00129;mesh_00131,0.9341566816794495,51.737266329918604,0.020328087051777955,0.4651957023869214,1.0658141036401503e-14,33.59490352456639,True,True,
safe_graph_adp_critic_only,10,cand_0308,45,14,mesh_00015;mesh_00016;mesh_00017;mesh_00018;mesh_00080;mesh_00086;mesh_00144;mesh_00147;mesh_00150;mesh_00152;mesh_00153;mesh_00154;mesh_00161;mesh_00172,1.6244443590664448,30.586363540114974,0.035352365614551066,0.8123974408290222,2.8100707573408768e-14,22.07715238376998,True,True,
safe_graph_adp_critic_only,11,cand_0136,45,13,mesh_00015;mesh_00018;mesh_00019;mesh_00060;mesh_00062;mesh_00063;mesh_00065;mesh_00066;mesh_00068;mesh_00079;mesh_00080;mesh_00081;mesh_00083,1.8158211810735085,4.545068453479483,0.039449621876053116,0.9075227428005247,1.507288760336424e-14,2.9012268499762666,True,True,
safe_graph_adp_critic_only,12,cand_0329,45,20,mesh_00014;mesh_00018;mesh_00079;mesh_00080;mesh_00083;mesh_00085;mesh_00144;mesh_00145;mesh_00150;mesh_00151;mesh_00152;mesh_00155;mesh_00156;mesh_00157;mesh_00162;mesh_00164;mesh_00165;mesh_00172;mesh_00176;mesh_00177,1.1499119628814511,14.949356229391352,0.025002705070685402,0.5753181347758062,2.98069554719224e-14,14.907063647035155,True,True,
safe_graph_adp_critic_only,13,cand_0286,45,18,mesh_00085;mesh_00086;mesh_00117;mesh_00122;mesh_00124;mesh_00129;mesh_00134;mesh_00141;mesh_00143;mesh_00144;mesh_00145;mesh_00147;mesh_00150;mesh_00153;mesh_00161;mesh_00167;mesh_00172;mesh_00173,2.2855577554095365,1.3446789305806757,0.04958991602161662,1.1404824668121818,1.7763568394002505e-14,1.327381347316161,True,True,
safe_graph_adp_critic_only,14,cand_0164,45,10,mesh_00010;mesh_00017;mesh_00027;mesh_00032;mesh_00037;mesh_00076;mesh_00077;mesh_00082;mesh_00149;mesh_00153,1.877982543386972,27.908698353112207,0.04082135985301223,0.9362879960682756,3.552713678800501e-14,27.908698353112207,True,True,
safe_graph_adp_critic_only,15,cand_0080,45,23,mesh_00027;mesh_00032;mesh_00035;mesh_00036;mesh_00037;mesh_00038;mesh_00039;mesh_00040;mesh_00041;mesh_00042;mesh_00044;mesh_00049;mesh_00052;mesh_00053;mesh_00054;mesh_00055;mesh_00056;mesh_00057;mesh_00058;mesh_00059;mesh_00061;mesh_00064;mesh_00077,0.8613640057270634,34.927069114899645,0.018754473769901768,0.4311012967211426,1.6280579355608324e-14,34.927069114899645,True,True,
safe_graph_adp_critic_only,16,cand_0354,45,18,mesh_00007;mesh_00008;mesh_00010;mesh_00012;mesh_00013;mesh_00020;mesh_00021;mesh_00022;mesh_00023;mesh_00024;mesh_00025;mesh_00148;mesh_00168;mesh_00169;mesh_00170;mesh_00174;mesh_00175;mesh_00178,1.5425446893931498,17.778597835339358,0.03348636525316365,0.7695743531618241,1.551136925266137e-14,14.823420128127257,True,True,
safe_graph_adp_critic_only,17,cand_0158,45,17,mesh_00012;mesh_00014;mesh_00018;mesh_00066;mesh_00068;mesh_00069;mesh_00075;mesh_00079;mesh_00080;mesh_00081;mesh_00083;mesh_00150;mesh_00152;mesh_00156;mesh_00157;mesh_00176;mesh_00177,2.274195516507578,13.074706381202374,0.04940297389952065,1.1329223846261272,4.999111268755843e-14,13.074706381202374,True,True,
safe_graph_adp_critic_only,18,cand_0323,45,19,mesh_00016;mesh_00018;mesh_00079;mesh_00080;mesh_00085;mesh_00142;mesh_00144;mesh_00145;mesh_00150;mesh_00151;mesh_00152;mesh_00155;mesh_00156;mesh_00157;mesh_00162;mesh_00164;mesh_00165;mesh_00172;mesh_00177,0.8288685952399356,19.23105797494751,0.018074831023450942,0.4139578530032832,1.551136925266137e-14,19.23105797494751,True,True,
safe_graph_adp_critic_only,19,cand_0324,45,7,mesh_00155;mesh_00156;mesh_00157;mesh_00160;mesh_00162;mesh_00164;mesh_00165,0.26729369353142224,19.29618278021459,0.005955091811114206,0.1333810509917,8.140289677804162e-15,19.29618278021459,True,True,
safe_graph_adp_critic_only,20,cand_0263,45,3,mesh_00110;mesh_00132;mesh_00142,1.9231927419244004,25.354833402848307,0.04187139210487316,0.9586800934752335,2.2469334198890888e-14,24.949992200575533,True,True,
safe_graph_adp_critic_only,21,cand_0265,45,1,mesh_00133,1.2356045080457718,31.084903457695432,0.026868112816512604,0.6153657183449668,2.2748467065386707e-14,25.835256321123325,True,True,
safe_graph_adp_critic_only,22,cand_0332,45,10,mesh_00001;mesh_00002;mesh_00006;mesh_00011;mesh_00013;mesh_00166;mesh_00169;mesh_00174;mesh_00175;mesh_00179,0.7943981052524036,9.910694612040198,0.017334318703357984,0.39717886261434343,1.888293221827313e-14,1.5091074156907407,True,True,
safe_graph_adp_critic_only,23,cand_0239,45,18,mesh_00094;mesh_00095;mesh_00096;mesh_00098;mesh_00099;mesh_00109;mesh_00111;mesh_00113;mesh_00115;mesh_00116;mesh_00117;mesh_00118;mesh_00119;mesh_00120;mesh_00121;mesh_00122;mesh_00131;mesh_00134,2.7495963138842603,9.818059710541723,0.05972048119350254,1.3706422107874052,8.760159180054893e-14,9.818059710541723,True,True,
safe_graph_adp_critic_only,24,cand_0190,45,22,mesh_00092;mesh_00093;mesh_00094;mesh_00095;mesh_00096;mesh_00097;mesh_00098;mesh_00099;mesh_00109;mesh_00111;mesh_00112;mesh_00113;mesh_00115;mesh_00116;mesh_00117;mesh_00118;mesh_00119;mesh_00120;mesh_00121;mesh_00122;mesh_00131;mesh_00134,0.49738312747589913,47.884789698487374,0.01079604744741225,0.24799585999419294,2.774758085844075e-14,47.884789698487374,True,True,
safe_graph_adp_critic_only,25,cand_0200,45,1,mesh_00100,2.532161408664463,62.31600552553276,0.05505330786701369,1.2636460370259905,5.964037073695587e-14,62.31589114414976,True,True,
safe_graph_adp_critic_safeguard,0,cand_0350,45,12,mesh_00000;mesh_00001;mesh_00002;mesh_00008;mesh_00012;mesh_00014;mesh_00081;mesh_00151;mesh_00156;mesh_00164;mesh_00176;mesh_00177,0.17805285804839333,23.7969858834031,0.003883064997959767,0.08906550824167926,1.432144669219779e-14,23.7969858834031,True,True,
safe_graph_adp_critic_safeguard,1,cand_0016,45,12,mesh_00000;mesh_00001;mesh_00002;mesh_00003;mesh_00007;mesh_00008;mesh_00012;mesh_00014;mesh_00168;mesh_00174;mesh_00176;mesh_00178,0.7108154812278846,24.126067924583225,0.015441511526978662,0.3544557090109913,1.854570987253821e-14,14.520216868080318,True,True,
safe_graph_adp_critic_safeguard,2,cand_0162,45,21,mesh_00000;mesh_00007;mesh_00008;mesh_00012;mesh_00014;mesh_00019;mesh_00020;mesh_00069;mesh_00072;mesh_00075;mesh_00079;mesh_00081;mesh_00083;mesh_00148;mesh_00156;mesh_00163;mesh_00164;mesh_00168;mesh_00176;mesh_00177;mesh_00178,0.7700883377638131,24.133394773752663,0.01675649399651744,0.38370473517095344,1.475552811121985e-14,24.133394773752663,True,True,
safe_graph_adp_critic_safeguard,3,cand_0143,45,19,mesh_00019;mesh_00020;mesh_00021;mesh_00022;mesh_00023;mesh_00024;mesh_00025;mesh_00063;mesh_00067;mesh_00070;mesh_00071;mesh_00072;mesh_00073;mesh_00074;mesh_00078;mesh_00081;mesh_00148;mesh_00168;mesh_00170,0.9972336698257731,31.3806766769413,0.021691950446940687,0.4983224092406406,3.592459381734991e-14,30.262009108870934,True,True,
safe_graph_adp_critic_safeguard,4,cand_0354,45,18,mesh_00007;mesh_00008;mesh_00010;mesh_00012;mesh_00013;mesh_00020;mesh_00021;mesh_00022;mesh_00023;mesh_00024;mesh_00025;mesh_00148;mesh_00168;mesh_00169;mesh_00170;mesh_00174;mesh_00175;mesh_00178,1.2269587797023112,17.77859783533935,0.026701342250444307,0.6116750591267619,1.464821375527116e-14,10.743521515059507,True,True,
safe_graph_adp_critic_safeguard,5,cand_0084,45,18,mesh_00034;mesh_00035;mesh_00036;mesh_00037;mesh_00038;mesh_00039;mesh_00040;mesh_00041;mesh_00042;mesh_00051;mesh_00052;mesh_00053;mesh_00054;mesh_00055;mesh_00056;mesh_00057;mesh_00058;mesh_00059,1.4894398608877155,17.78952316969807,0.03233274674551607,0.7439729980614816,2.929642751054232e-14,17.78952316969807,True,True,
safe_graph_adp_critic_safeguard,6,cand_0108,45,24,mesh_00027;mesh_00032;mesh_00033;mesh_00035;mesh_00036;mesh_00037;mesh_00038;mesh_00039;mesh_00040;mesh_00041;mesh_00042;mesh_00044;mesh_00049;mesh_00050;mesh_00052;mesh_00053;mesh_00054;mesh_00055;mesh_00056;mesh_00057;mesh_00058;mesh_00059;mesh_00061;mesh_00064,0.727901259587274,49.721363448242315,0.015881607640682076,0.3625093258211436,2.416106516409301e-14,49.004430460068356,True,True,
safe_graph_adp_critic_safeguard,7,cand_0098,45,24,mesh_00026;mesh_00027;mesh_00028;mesh_00029;mesh_00030;mesh_00031;mesh_00032;mesh_00033;mesh_00036;mesh_00037;mesh_00040;mesh_00043;mesh_00044;mesh_00045;mesh_00046;mesh_00047;mesh_00048;mesh_00049;mesh_00050;mesh_00053;mesh_00054;mesh_00057;mesh_00061;mesh_00064,0.6281269990814095,54.44210607235666,0.0136585456012726,0.3125420752025942,3.8263897345803626e-14,41.518003866736564,True,True,
safe_graph_adp_critic_safeguard,8,cand_0164,45,10,mesh_00010;mesh_00017;mesh_00027;mesh_00032;mesh_00037;mesh_00076;mesh_00077;mesh_00082;mesh_00149;mesh_00153,1.3533847642089174,34.90969283932156,0.029428757546410132,0.6759288945486426,7.317641576792503e-14,33.03659776135383,True,True,
safe_graph_adp_critic_safeguard,9,cand_0308,45,14,mesh_00015;mesh_00016;mesh_00017;mesh_00018;mesh_00080;mesh_00086;mesh_00144;mesh_00147;mesh_00150;mesh_00152;mesh_00153;mesh_00154;mesh_00161;mesh_00172,1.616487535165014,29.00326736543962,0.035147602172645336,0.8047695926569792,2.935023183045314e-14,13.14996927366198,True,True,
safe_graph_adp_critic_safeguard,10,cand_0242,45,20,mesh_00085;mesh_00094;mesh_00095;mesh_00096;mesh_00098;mesh_00099;mesh_00111;mesh_00112;mesh_00113;mesh_00115;mesh_00116;mesh_00117;mesh_00118;mesh_00119;mesh_00120;mesh_00121;mesh_00122;mesh_00134;mesh_00141;mesh_00143,1.3489217573737264,30.59918092066321,0.029331504278171685,0.6745405518803841,3.692088357856443e-14,30.59918092066321,True,True,
safe_graph_adp_critic_safeguard,11,cand_0232,45,22,mesh_00092;mesh_00093;mesh_00094;mesh_00095;mesh_00096;mesh_00097;mesh_00098;mesh_00099;mesh_00106;mesh_00109;mesh_00113;mesh_00115;mesh_00116;mesh_00117;mesh_00118;mesh_00119;mesh_00120;mesh_00121;mesh_00122;mesh_00124;mesh_00129;mesh_00131,0.4343392447903383,51.208385901531,0.00953725231153681,0.21634080798465036,1.5888218580782548e-14,50.507472213372296,True,True,
safe_graph_adp_critic_safeguard,12,cand_0212,45,24,mesh_00093;mesh_00094;mesh_00099;mesh_00101;mesh_00102;mesh_00103;mesh_00104;mesh_00105;mesh_00106;mesh_00107;mesh_00113;mesh_00116;mesh_00117;mesh_00120;mesh_00122;mesh_00123;mesh_00124;mesh_00125;mesh_00126;mesh_00127;mesh_00128;mesh_00129;mesh_00130;mesh_00131,0.9341819961958672,51.7393975305485,0.02032858843887277,0.4651956636622964,3.1887955513483207e-14,51.7393975305485,True,True,
safe_graph_adp_critic_safeguard,13,cand_0334,45,17,mesh_00009;mesh_00011;mesh_00084;mesh_00088;mesh_00089;mesh_00090;mesh_00091;mesh_00135;mesh_00138;mesh_00139;mesh_00140;mesh_00146;mesh_00158;mesh_00167;mesh_00171;mesh_00173;mesh_00179,1.1562225505888286,33.82077865530582,0.025106234000660973,0.5770340764703558,2.9524418711792076e-14,21.768620185850256,True,True,
safe_graph_adp_critic_safeguard,14,cand_0180,45,18,mesh_00084;mesh_00087;mesh_00088;mesh_00089;mesh_00090;mesh_00091;mesh_00114;mesh_00135;mesh_00136;mesh_00137;mesh_00138;mesh_00139;mesh_00140;mesh_00146;mesh_00158;mesh_00159;mesh_00171;mesh_00173,0.7858927824154001,33.83283643624055,0.017112873478983385,0.39254330111289976,2.3381202007556437e-14,33.83283643624055,True,True,
safe_graph_adp_critic_safeguard,15,cand_0023,45,15,mesh_00004;mesh_00005;mesh_00009;mesh_00011;mesh_00013;mesh_00087;mesh_00088;mesh_00089;mesh_00090;mesh_00166;mesh_00167;mesh_00171;mesh_00173;mesh_00175;mesh_00179,0.9592431926118739,36.17597881871217,0.020919086205803815,0.47836144196844066,1.9131948672901813e-14,20.652707244298245,True,True,
safe_graph_adp_critic_safeguard,16,cand_0265,45,1,mesh_00133,0.6699653388006526,31.08490345769546,0.014543167008287776,0.3339874030455797,1.5987211554602254e-14,28.350409688775084,True,True,
safe_graph_adp_critic_safeguard,17,cand_0332,45,10,mesh_00001;mesh_00002;mesh_00006;mesh_00011;mesh_00013;mesh_00166;mesh_00169;mesh_00174;mesh_00175;mesh_00179,0.7943981052524036,9.910694612040198,0.017334318703357984,0.39717886261434343,1.888293221827313e-14,1.5091074156907407,True,True,
safe_graph_adp_critic_safeguard,18,cand_0263,45,3,mesh_00110;mesh_00132;mesh_00142,1.7854273136334695,9.955587989956355,0.038829011624937425,0.8898301013900891,3.5270861168017086e-14,9.955587989956355,True,True,
safe_graph_adp_critic_safeguard,19,cand_0323,45,19,mesh_00016;mesh_00018;mesh_00079;mesh_00080;mesh_00085;mesh_00142;mesh_00144;mesh_00145;mesh_00150;mesh_00151;mesh_00152;mesh_00155;mesh_00156;mesh_00157;mesh_00162;mesh_00164;mesh_00165;mesh_00172;mesh_00177,1.7683280254134301,19.24657652958173,0.03849392682911026,0.8817193116345916,1.831026719408895e-14,19.24657652958173,True,True,
safe_graph_adp_critic_safeguard,20,cand_0136,45,13,mesh_00015;mesh_00018;mesh_00019;mesh_00060;mesh_00062;mesh_00063;mesh_00065;mesh_00066;mesh_00068;mesh_00079;mesh_00080;mesh_00081;mesh_00083,1.256722875424012,13.589507422620024,0.027309248629892056,0.6283409168239275,1.7852165294699933e-14,13.589507422620024,True,True,
safe_graph_adp_rollout,0,cand_0350,45,12,mesh_00000;mesh_00001;mesh_00002;mesh_00008;mesh_00012;mesh_00014;mesh_00081;mesh_00151;mesh_00156;mesh_00164;mesh_00176;mesh_00177,0.17805285804839333,23.7969858834031,0.003883064997959767,0.08906550824167926,1.432144669219779e-14,23.7969858834031,True,True,
safe_graph_adp_rollout,1,cand_0016,45,12,mesh_00000;mesh_00001;mesh_00002;mesh_00003;mesh_00007;mesh_00008;mesh_00012;mesh_00014;mesh_00168;mesh_00174;mesh_00176;mesh_00178,0.7108154812278846,24.126067924583225,0.015441511526978662,0.3544557090109913,1.854570987253821e-14,14.520216868080318,True,True,
safe_graph_adp_rollout,2,cand_0162,45,21,mesh_00000;mesh_00007;mesh_00008;mesh_00012;mesh_00014;mesh_00019;mesh_00020;mesh_00069;mesh_00072;mesh_00075;mesh_00079;mesh_00081;mesh_00083;mesh_00148;mesh_00156;mesh_00163;mesh_00164;mesh_00168;mesh_00176;mesh_00177;mesh_00178,0.7700883377638131,24.133394773752663,0.01675649399651744,0.38370473517095344,1.475552811121985e-14,24.133394773752663,True,True,
safe_graph_adp_rollout,3,cand_0143,45,19,mesh_00019;mesh_00020;mesh_00021;mesh_00022;mesh_00023;mesh_00024;mesh_00025;mesh_00063;mesh_00067;mesh_00070;mesh_00071;mesh_00072;mesh_00073;mesh_00074;mesh_00078;mesh_00081;mesh_00148;mesh_00168;mesh_00170,0.9972336698257731,31.3806766769413,0.021691950446940687,0.4983224092406406,3.592459381734991e-14,30.262009108870934,True,True,
safe_graph_adp_rollout,4,cand_0354,45,18,mesh_00007;mesh_00008;mesh_00010;mesh_00012;mesh_00013;mesh_00020;mesh_00021;mesh_00022;mesh_00023;mesh_00024;mesh_00025;mesh_00148;mesh_00168;mesh_00169;mesh_00170;mesh_00174;mesh_00175;mesh_00178,1.2269587797023112,17.77859783533935,0.026701342250444307,0.6116750591267619,1.464821375527116e-14,10.743521515059507,True,True,
safe_graph_adp_rollout,5,cand_0164,45,10,mesh_00010;mesh_00017;mesh_00027;mesh_00032;mesh_00037;mesh_00076;mesh_00077;mesh_00082;mesh_00149;mesh_00153,1.653387334609769,16.304873641494915,0.03589566153344186,0.8258388822136196,4.120228959700683e-14,15.888340907007535,True,True,
safe_graph_adp_rollout,6,cand_0084,45,18,mesh_00034;mesh_00035;mesh_00036;mesh_00037;mesh_00038;mesh_00039;mesh_00040;mesh_00041;mesh_00042;mesh_00051;mesh_00052;mesh_00053;mesh_00054;mesh_00055;mesh_00056;mesh_00057;mesh_00058;mesh_00059,0.9952279536913134,34.927279029487934,0.02162267030246664,0.4973061492372633,2.929642751054232e-14,34.927279029487934,True,True,
safe_graph_adp_rollout,7,cand_0098,45,24,mesh_00026;mesh_00027;mesh_00028;mesh_00029;mesh_00030;mesh_00031;mesh_00032;mesh_00033;mesh_00036;mesh_00037;mesh_00040;mesh_00043;mesh_00044;mesh_00045;mesh_00046;mesh_00047;mesh_00048;mesh_00049;mesh_00050;mesh_00053;mesh_00054;mesh_00057;mesh_00061;mesh_00064,1.3124832762270537,49.72368238242139,0.02852870264879123,0.6532067598885339,9.015776598495165e-14,43.246193121370524,True,True,
safe_graph_adp_rollout,8,cand_0308,45,14,mesh_00015;mesh_00016;mesh_00017;mesh_00018;mesh_00080;mesh_00086;mesh_00144;mesh_00147;mesh_00150;mesh_00152;mesh_00153;mesh_00154;mesh_00161;mesh_00172,1.7049913201601117,30.586363540114952,0.0371124629788799,0.8522649554691841,4.687192785709286e-14,20.62096815195328,True,True,
safe_graph_adp_rollout,9,cand_0242,45,20,mesh_00085;mesh_00094;mesh_00095;mesh_00096;mesh_00098;mesh_00099;mesh_00111;mesh_00112;mesh_00113;mesh_00115;mesh_00116;mesh_00117;mesh_00118;mesh_00119;mesh_00120;mesh_00121;mesh_00122;mesh_00134;mesh_00141;mesh_00143,1.3489217573737264,30.59918092066321,0.029331504278171685,0.6745405518803841,3.692088357856443e-14,30.59918092066321,True,True,
safe_graph_adp_rollout,10,cand_0232,45,22,mesh_00092;mesh_00093;mesh_00094;mesh_00095;mesh_00096;mesh_00097;mesh_00098;mesh_00099;mesh_00106;mesh_00109;mesh_00113;mesh_00115;mesh_00116;mesh_00117;mesh_00118;mesh_00119;mesh_00120;mesh_00121;mesh_00122;mesh_00124;mesh_00129;mesh_00131,0.4343392447903383,51.208385901531,0.00953725231153681,0.21634080798465036,1.5888218580782548e-14,50.507472213372296,True,True,
safe_graph_adp_rollout,11,cand_0212,45,24,mesh_00093;mesh_00094;mesh_00099;mesh_00101;mesh_00102;mesh_00103;mesh_00104;mesh_00105;mesh_00106;mesh_00107;mesh_00113;mesh_00116;mesh_00117;mesh_00120;mesh_00122;mesh_00123;mesh_00124;mesh_00125;mesh_00126;mesh_00127;mesh_00128;mesh_00129;mesh_00130;mesh_00131,0.9341819961958672,51.7393975305485,0.02032858843887277,0.4651956636622964,3.1887955513483207e-14,51.7393975305485,True,True,
safe_graph_adp_rollout,12,cand_0179,45,21,mesh_00009;mesh_00011;mesh_00084;mesh_00087;mesh_00088;mesh_00089;mesh_00090;mesh_00091;mesh_00135;mesh_00136;mesh_00137;mesh_00138;mesh_00139;mesh_00140;mesh_00146;mesh_00158;mesh_00159;mesh_00167;mesh_00171;mesh_00173;mesh_00179,1.4488190710095037,39.32201540933893,0.03143606493935456,0.7231460515544064,2.3914935841127267e-14,36.544951015750165,True,True,
safe_graph_adp_rollout,13,cand_0180,45,18,mesh_00084;mesh_00087;mesh_00088;mesh_00089;mesh_00090;mesh_00091;mesh_00114;mesh_00135;mesh_00136;mesh_00137;mesh_00138;mesh_00139;mesh_00140;mesh_00146;mesh_00158;mesh_00159;mesh_00171;mesh_00173,0.2665704835653882,39.33356224330957,0.005857930912822287,0.13334495080756056,1.443119118362539e-14,39.33356224330957,True,True,
safe_graph_adp_rollout,14,cand_0023,45,15,mesh_00004;mesh_00005;mesh_00009;mesh_00011;mesh_00013;mesh_00087;mesh_00088;mesh_00089;mesh_00090;mesh_00166;mesh_00167;mesh_00171;mesh_00173;mesh_00175;mesh_00179,0.9592431926118739,36.17597881871217,0.020919086205803815,0.47836144196844066,1.9131948672901813e-14,20.652707244298245,True,True,
safe_graph_adp_rollout,15,cand_0332,45,10,mesh_00001;mesh_00002;mesh_00006;mesh_00011;mesh_00013;mesh_00166;mesh_00169;mesh_00174;mesh_00175;mesh_00179,1.1153565366406777,9.910694612040224,0.02428246414959415,0.5572337385485034,2.6407442894293542e-14,6.7301882293129065,True,True,
safe_graph_adp_rollout,16,cand_0265,45,1,mesh_00133,0.7949130847477202,9.939021833134541,0.017337818678700163,0.39717878407077295,1.8115356374411762e-14,9.939021833134541,True,True,
safe_graph_adp_rollout,17,cand_0263,45,3,mesh_00110;mesh_00132;mesh_00142,1.2359900096999856,31.0970281304512,0.02687439526853795,0.6153656453742578,1.9214237003936263e-14,31.0970281304512,True,True,
safe_graph_adp_rollout,18,cand_0302,45,17,mesh_00014;mesh_00018;mesh_00080;mesh_00085;mesh_00144;mesh_00145;mesh_00151;mesh_00152;mesh_00155;mesh_00156;mesh_00157;mesh_00162;mesh_00164;mesh_00165;mesh_00172;mesh_00176;mesh_00177,1.574890680132726,20.229286606841935,0.03427881891446794,0.7858875655411348,4.093577625886352e-14,19.826854004828434,True,True,
safe_graph_adp_rollout,19,cand_0136,45,13,mesh_00015;mesh_00018;mesh_00019;mesh_00060;mesh_00062;mesh_00063;mesh_00065;mesh_00066;mesh_00068;mesh_00079;mesh_00080;mesh_00081;mesh_00083,1.2619229741295706,13.40700344282551,0.0274205420796521,0.6307248383963889,1.9860273225978185e-14,13.40700344282551,True,True,
safe_graph_adp_local_search,0,cand_0350,45,12,mesh_00000;mesh_00001;mesh_00002;mesh_00008;mesh_00012;mesh_00014;mesh_00081;mesh_00151;mesh_00156;mesh_00164;mesh_00176;mesh_00177,0.17805285804839333,23.7969858834031,0.003883064997959767,0.08906550824167926,1.432144669219779e-14,23.7969858834031,True,True,
safe_graph_adp_local_search,1,cand_0016,45,12,mesh_00000;mesh_00001;mesh_00002;mesh_00003;mesh_00007;mesh_00008;mesh_00012;mesh_00014;mesh_00168;mesh_00174;mesh_00176;mesh_00178,0.7108154812278846,24.126067924583225,0.015441511526978662,0.3544557090109913,1.854570987253821e-14,14.520216868080318,True,True,
safe_graph_adp_local_search,2,cand_0162,45,21,mesh_00000;mesh_00007;mesh_00008;mesh_00012;mesh_00014;mesh_00019;mesh_00020;mesh_00069;mesh_00072;mesh_00075;mesh_00079;mesh_00081;mesh_00083;mesh_00148;mesh_00156;mesh_00163;mesh_00164;mesh_00168;mesh_00176;mesh_00177;mesh_00178,0.7700883377638131,24.133394773752663,0.01675649399651744,0.38370473517095344,1.475552811121985e-14,24.133394773752663,True,True,
safe_graph_adp_local_search,3,cand_0143,45,19,mesh_00019;mesh_00020;mesh_00021;mesh_00022;mesh_00023;mesh_00024;mesh_00025;mesh_00063;mesh_00067;mesh_00070;mesh_00071;mesh_00072;mesh_00073;mesh_00074;mesh_00078;mesh_00081;mesh_00148;mesh_00168;mesh_00170,0.9972336698257731,31.3806766769413,0.021691950446940687,0.4983224092406406,3.592459381734991e-14,30.262009108870934,True,True,
safe_graph_adp_local_search,4,cand_0136,45,13,mesh_00015;mesh_00018;mesh_00019;mesh_00060;mesh_00062;mesh_00063;mesh_00065;mesh_00066;mesh_00068;mesh_00079;mesh_00080;mesh_00081;mesh_00083,1.5706266231875425,16.572309151362724,0.03422268314474373,0.7828233268036863,3.66205343881779e-14,16.529762939552548,True,True,
safe_graph_adp_local_search,5,cand_0323,45,19,mesh_00016;mesh_00018;mesh_00079;mesh_00080;mesh_00085;mesh_00142;mesh_00144;mesh_00145;mesh_00150;mesh_00151;mesh_00152;mesh_00155;mesh_00156;mesh_00157;mesh_00162;mesh_00164;mesh_00165;mesh_00172;mesh_00177,1.2553997532201238,13.662656688878874,0.027302472952165348,0.6283408499354801,2.2748467065386707e-14,13.662598358281175,True,True,
safe_graph_adp_local_search,6,cand_0263,45,3,mesh_00110;mesh_00132;mesh_00142,1.7680289837106689,19.29018310915077,0.038490484884177716,0.8817194778161189,3.5001442624672365e-14,19.29018310915077,True,True,
safe_graph_adp_local_search,7,cand_0265,45,1,mesh_00133,1.2356045080457718,31.084903457695432,0.026868112816512604,0.6153657183449668,2.2748467065386707e-14,25.835256321123325,True,True,
safe_graph_adp_local_search,8,cand_0332,45,10,mesh_00001;mesh_00002;mesh_00006;mesh_00011;mesh_00013;mesh_00166;mesh_00169;mesh_00174;mesh_00175;mesh_00179,0.7943981052524036,9.910694612040198,0.017334318703357984,0.39717886261434343,1.888293221827313e-14,1.5091074156907407,True,True,
safe_graph_adp_local_search,9,cand_0023,45,15,mesh_00004;mesh_00005;mesh_00009;mesh_00011;mesh_00013;mesh_00087;mesh_00088;mesh_00089;mesh_00090;mesh_00166;mesh_00167;mesh_00171;mesh_00173;mesh_00175;mesh_00179,1.1141503149020473,9.931256344711196,0.02427428052290903,0.5572337491003345,2.2469334198890888e-14,9.931256344711196,True,True,
safe_graph_adp_local_search,10,cand_0180,45,18,mesh_00084;mesh_00087;mesh_00088;mesh_00089;mesh_00090;mesh_00091;mesh_00114;mesh_00135;mesh_00136;mesh_00137;mesh_00138;mesh_00139;mesh_00140;mesh_00146;mesh_00158;mesh_00159;mesh_00171;mesh_00173,0.9592692594571388,36.20214003927015,0.020919370153971825,0.47836141304561586,1.2809491335957507e-14,36.20214003927015,True,True,
safe_graph_adp_local_search,11,cand_0212,45,24,mesh_00093;mesh_00094;mesh_00099;mesh_00101;mesh_00102;mesh_00103;mesh_00104;mesh_00105;mesh_00106;mesh_00107;mesh_00113;mesh_00116;mesh_00117;mesh_00120;mesh_00122;mesh_00123;mesh_00124;mesh_00125;mesh_00126;mesh_00127;mesh_00128;mesh_00129;mesh_00130;mesh_00131,1.4706837407512507,47.00575188296727,0.0319293273552727,0.734316733385517,8.379058453350832e-15,45.33519075779776,True,True,
safe_graph_adp_local_search,12,cand_0232,45,22,mesh_00092;mesh_00093;mesh_00094;mesh_00095;mesh_00096;mesh_00097;mesh_00098;mesh_00099;mesh_00106;mesh_00109;mesh_00113;mesh_00115;mesh_00116;mesh_00117;mesh_00118;mesh_00119;mesh_00120;mesh_00121;mesh_00122;mesh_00124;mesh_00129;mesh_00131,0.9341566816794495,51.737266329918604,0.020328087051777955,0.4651957023869214,1.0658141036401503e-14,33.59490352456639,True,True,
safe_graph_adp_local_search,13,cand_0242,45,20,mesh_00085;mesh_00094;mesh_00095;mesh_00096;mesh_00098;mesh_00099;mesh_00111;mesh_00112;mesh_00113;mesh_00115;mesh_00116;mesh_00117;mesh_00118;mesh_00119;mesh_00120;mesh_00121;mesh_00122;mesh_00134;mesh_00141;mesh_00143,0.4343393652280403,51.40893714197308,0.009537253317578792,0.21634080794343222,4.618527782440651e-14,40.08706296014604,True,True,
safe_graph_adp_local_search,14,cand_0308,45,14,mesh_00015;mesh_00016;mesh_00017;mesh_00018;mesh_00080;mesh_00086;mesh_00144;mesh_00147;mesh_00150;mesh_00152;mesh_00153;mesh_00154;mesh_00161;mesh_00172,1.347880630981776,30.58636354011498,0.029325994445010498,0.6745405312326728,2.994887058365124e-14,24.548863047191357,True,True,
safe_graph_adp_local_search,15,cand_0164,45,10,mesh_00010;mesh_00017;mesh_00027;mesh_00032;mesh_00037;mesh_00076;mesh_00077;mesh_00082;mesh_00149;mesh_00153,1.616689480281081,27.87077019595948,0.035151333637249906,0.8047694864369184,2.6645352591003757e-14,27.87077019595948,True,True,
safe_graph_adp_local_search,16,cand_0084,45,18,mesh_00034;mesh_00035;mesh_00036;mesh_00037;mesh_00038;mesh_00039;mesh_00040;mesh_00041;mesh_00042;mesh_00051;mesh_00052;mesh_00053;mesh_00054;mesh_00055;mesh_00056;mesh_00057;mesh_00058;mesh_00059,0.9952279536913134,34.927279029487934,0.02162267030246664,0.4973061492372633,2.929642751054232e-14,34.927279029487934,True,True,
safe_graph_adp_local_search,17,cand_0098,45,24,mesh_00026;mesh_00027;mesh_00028;mesh_00029;mesh_00030;mesh_00031;mesh_00032;mesh_00033;mesh_00036;mesh_00037;mesh_00040;mesh_00043;mesh_00044;mesh_00045;mesh_00046;mesh_00047;mesh_00048;mesh_00049;mesh_00050;mesh_00053;mesh_00054;mesh_00057;mesh_00061;mesh_00064,1.3124832762270537,49.72368238242139,0.02852870264879123,0.6532067598885339,9.015776598495165e-14,43.246193121370524,True,True,
safe_graph_adp_no_local,0,cand_0350,45,12,mesh_00000;mesh_00001;mesh_00002;mesh_00008;mesh_00012;mesh_00014;mesh_00081;mesh_00151;mesh_00156;mesh_00164;mesh_00176;mesh_00177,0.17805285804839333,23.7969858834031,0.003883064997959767,0.08906550824167926,1.432144669219779e-14,23.7969858834031,True,True,
safe_graph_adp_no_local,1,cand_0016,45,12,mesh_00000;mesh_00001;mesh_00002;mesh_00003;mesh_00007;mesh_00008;mesh_00012;mesh_00014;mesh_00168;mesh_00174;mesh_00176;mesh_00178,0.7108154812278846,24.126067924583225,0.015441511526978662,0.3544557090109913,1.854570987253821e-14,14.520216868080318,True,True,
safe_graph_adp_no_local,2,cand_0162,45,21,mesh_00000;mesh_00007;mesh_00008;mesh_00012;mesh_00014;mesh_00019;mesh_00020;mesh_00069;mesh_00072;mesh_00075;mesh_00079;mesh_00081;mesh_00083;mesh_00148;mesh_00156;mesh_00163;mesh_00164;mesh_00168;mesh_00176;mesh_00177;mesh_00178,0.7700883377638131,24.133394773752663,0.01675649399651744,0.38370473517095344,1.475552811121985e-14,24.133394773752663,True,True,
safe_graph_adp_no_local,3,cand_0143,45,19,mesh_00019;mesh_00020;mesh_00021;mesh_00022;mesh_00023;mesh_00024;mesh_00025;mesh_00063;mesh_00067;mesh_00070;mesh_00071;mesh_00072;mesh_00073;mesh_00074;mesh_00078;mesh_00081;mesh_00148;mesh_00168;mesh_00170,0.9972336698257731,31.3806766769413,0.021691950446940687,0.4983224092406406,3.592459381734991e-14,30.262009108870934,True,True,
safe_graph_adp_no_local,4,cand_0354,45,18,mesh_00007;mesh_00008;mesh_00010;mesh_00012;mesh_00013;mesh_00020;mesh_00021;mesh_00022;mesh_00023;mesh_00024;mesh_00025;mesh_00148;mesh_00168;mesh_00169;mesh_00170;mesh_00174;mesh_00175;mesh_00178,1.2269587797023112,17.77859783533935,0.026701342250444307,0.6116750591267619,1.464821375527116e-14,10.743521515059507,True,True,
safe_graph_adp_no_local,5,cand_0164,45,10,mesh_00010;mesh_00017;mesh_00027;mesh_00032;mesh_00037;mesh_00076;mesh_00077;mesh_00082;mesh_00149;mesh_00153,1.653387334609769,16.304873641494915,0.03589566153344186,0.8258388822136196,4.120228959700683e-14,15.888340907007535,True,True,
safe_graph_adp_no_local,6,cand_0084,45,18,mesh_00034;mesh_00035;mesh_00036;mesh_00037;mesh_00038;mesh_00039;mesh_00040;mesh_00041;mesh_00042;mesh_00051;mesh_00052;mesh_00053;mesh_00054;mesh_00055;mesh_00056;mesh_00057;mesh_00058;mesh_00059,0.9952279536913134,34.927279029487934,0.02162267030246664,0.4973061492372633,2.929642751054232e-14,34.927279029487934,True,True,
safe_graph_adp_no_local,7,cand_0098,45,24,mesh_00026;mesh_00027;mesh_00028;mesh_00029;mesh_00030;mesh_00031;mesh_00032;mesh_00033;mesh_00036;mesh_00037;mesh_00040;mesh_00043;mesh_00044;mesh_00045;mesh_00046;mesh_00047;mesh_00048;mesh_00049;mesh_00050;mesh_00053;mesh_00054;mesh_00057;mesh_00061;mesh_00064,1.3124832762270537,49.72368238242139,0.02852870264879123,0.6532067598885339,9.015776598495165e-14,43.246193121370524,True,True,
safe_graph_adp_no_local,8,cand_0308,45,14,mesh_00015;mesh_00016;mesh_00017;mesh_00018;mesh_00080;mesh_00086;mesh_00144;mesh_00147;mesh_00150;mesh_00152;mesh_00153;mesh_00154;mesh_00161;mesh_00172,1.7049913201601117,30.586363540114952,0.0371124629788799,0.8522649554691841,4.687192785709286e-14,20.62096815195328,True,True,
safe_graph_adp_no_local,9,cand_0242,45,20,mesh_00085;mesh_00094;mesh_00095;mesh_00096;mesh_00098;mesh_00099;mesh_00111;mesh_00112;mesh_00113;mesh_00115;mesh_00116;mesh_00117;mesh_00118;mesh_00119;mesh_00120;mesh_00121;mesh_00122;mesh_00134;mesh_00141;mesh_00143,1.3489217573737264,30.59918092066321,0.029331504278171685,0.6745405518803841,3.692088357856443e-14,30.59918092066321,True,True,
safe_graph_adp_no_local,10,cand_0232,45,22,mesh_00092;mesh_00093;mesh_00094;mesh_00095;mesh_00096;mesh_00097;mesh_00098;mesh_00099;mesh_00106;mesh_00109;mesh_00113;mesh_00115;mesh_00116;mesh_00117;mesh_00118;mesh_00119;mesh_00120;mesh_00121;mesh_00122;mesh_00124;mesh_00129;mesh_00131,0.4343392447903383,51.208385901531,0.00953725231153681,0.21634080798465036,1.5888218580782548e-14,50.507472213372296,True,True,
safe_graph_adp_no_local,11,cand_0212,45,24,mesh_00093;mesh_00094;mesh_00099;mesh_00101;mesh_00102;mesh_00103;mesh_00104;mesh_00105;mesh_00106;mesh_00107;mesh_00113;mesh_00116;mesh_00117;mesh_00120;mesh_00122;mesh_00123;mesh_00124;mesh_00125;mesh_00126;mesh_00127;mesh_00128;mesh_00129;mesh_00130;mesh_00131,0.9341819961958672,51.7393975305485,0.02032858843887277,0.4651956636622964,3.1887955513483207e-14,51.7393975305485,True,True,
safe_graph_adp_no_local,12,cand_0179,45,21,mesh_00009;mesh_00011;mesh_00084;mesh_00087;mesh_00088;mesh_00089;mesh_00090;mesh_00091;mesh_00135;mesh_00136;mesh_00137;mesh_00138;mesh_00139;mesh_00140;mesh_00146;mesh_00158;mesh_00159;mesh_00167;mesh_00171;mesh_00173;mesh_00179,1.4488190710095037,39.32201540933893,0.03143606493935456,0.7231460515544064,2.3914935841127267e-14,36.544951015750165,True,True,
safe_graph_adp_no_local,13,cand_0180,45,18,mesh_00084;mesh_00087;mesh_00088;mesh_00089;mesh_00090;mesh_00091;mesh_00114;mesh_00135;mesh_00136;mesh_00137;mesh_00138;mesh_00139;mesh_00140;mesh_00146;mesh_00158;mesh_00159;mesh_00171;mesh_00173,0.2665704835653882,39.33356224330957,0.005857930912822287,0.13334495080756056,1.443119118362539e-14,39.33356224330957,True,True,
safe_graph_adp_no_local,14,cand_0023,45,15,mesh_00004;mesh_00005;mesh_00009;mesh_00011;mesh_00013;mesh_00087;mesh_00088;mesh_00089;mesh_00090;mesh_00166;mesh_00167;mesh_00171;mesh_00173;mesh_00175;mesh_00179,0.9592431926118739,36.17597881871217,0.020919086205803815,0.47836144196844066,1.9131948672901813e-14,20.652707244298245,True,True,
safe_graph_adp_no_local,15,cand_0332,45,10,mesh_00001;mesh_00002;mesh_00006;mesh_00011;mesh_00013;mesh_00166;mesh_00169;mesh_00174;mesh_00175;mesh_00179,1.1153565366406777,9.910694612040224,0.02428246414959415,0.5572337385485034,2.6407442894293542e-14,6.7301882293129065,True,True,
safe_graph_adp_no_local,16,cand_0265,45,1,mesh_00133,0.7949130847477202,9.939021833134541,0.017337818678700163,0.39717878407077295,1.8115356374411762e-14,9.939021833134541,True,True,
safe_graph_adp_no_local,17,cand_0263,45,3,mesh_00110;mesh_00132;mesh_00142,1.2359900096999856,31.0970281304512,0.02687439526853795,0.6153656453742578,1.9214237003936263e-14,31.0970281304512,True,True,
safe_graph_adp_no_local,18,cand_0302,45,17,mesh_00014;mesh_00018;mesh_00080;mesh_00085;mesh_00144;mesh_00145;mesh_00151;mesh_00152;mesh_00155;mesh_00156;mesh_00157;mesh_00162;mesh_00164;mesh_00165;mesh_00172;mesh_00176;mesh_00177,1.574890680132726,20.229286606841935,0.03427881891446794,0.7858875655411348,4.093577625886352e-14,19.826854004828434,True,True,
safe_graph_adp_no_local,19,cand_0136,45,13,mesh_00015;mesh_00018;mesh_00019;mesh_00060;mesh_00062;mesh_00063;mesh_00065;mesh_00066;mesh_00068;mesh_00079;mesh_00080;mesh_00081;mesh_00083,1.2619229741295706,13.40700344282551,0.0274205420796521,0.6307248383963889,1.9860273225978185e-14,13.40700344282551,True,True,
safe_graph_adp,0,cand_0350,45,12,mesh_00000;mesh_00001;mesh_00002;mesh_00008;mesh_00012;mesh_00014;mesh_00081;mesh_00151;mesh_00156;mesh_00164;mesh_00176;mesh_00177,0.17805285804839333,23.7969858834031,0.003883064997959767,0.08906550824167926,1.432144669219779e-14,23.7969858834031,True,True,
safe_graph_adp,1,cand_0016,45,12,mesh_00000;mesh_00001;mesh_00002;mesh_00003;mesh_00007;mesh_00008;mesh_00012;mesh_00014;mesh_00168;mesh_00174;mesh_00176;mesh_00178,0.7108154812278846,24.126067924583225,0.015441511526978662,0.3544557090109913,1.854570987253821e-14,14.520216868080318,True,True,
safe_graph_adp,2,cand_0162,45,21,mesh_00000;mesh_00007;mesh_00008;mesh_00012;mesh_00014;mesh_00019;mesh_00020;mesh_00069;mesh_00072;mesh_00075;mesh_00079;mesh_00081;mesh_00083;mesh_00148;mesh_00156;mesh_00163;mesh_00164;mesh_00168;mesh_00176;mesh_00177;mesh_00178,0.7700883377638131,24.133394773752663,0.01675649399651744,0.38370473517095344,1.475552811121985e-14,24.133394773752663,True,True,
safe_graph_adp,3,cand_0143,45,19,mesh_00019;mesh_00020;mesh_00021;mesh_00022;mesh_00023;mesh_00024;mesh_00025;mesh_00063;mesh_00067;mesh_00070;mesh_00071;mesh_00072;mesh_00073;mesh_00074;mesh_00078;mesh_00081;mesh_00148;mesh_00168;mesh_00170,0.9972336698257731,31.3806766769413,0.021691950446940687,0.4983224092406406,3.592459381734991e-14,30.262009108870934,True,True,
safe_graph_adp,4,cand_0136,45,13,mesh_00015;mesh_00018;mesh_00019;mesh_00060;mesh_00062;mesh_00063;mesh_00065;mesh_00066;mesh_00068;mesh_00079;mesh_00080;mesh_00081;mesh_00083,1.5706266231875425,16.572309151362724,0.03422268314474373,0.7828233268036863,3.66205343881779e-14,16.529762939552548,True,True,
safe_graph_adp,5,cand_0323,45,19,mesh_00016;mesh_00018;mesh_00079;mesh_00080;mesh_00085;mesh_00142;mesh_00144;mesh_00145;mesh_00150;mesh_00151;mesh_00152;mesh_00155;mesh_00156;mesh_00157;mesh_00162;mesh_00164;mesh_00165;mesh_00172;mesh_00177,1.2553997532201238,13.662656688878874,0.027302472952165348,0.6283408499354801,2.2748467065386707e-14,13.662598358281175,True,True,
safe_graph_adp,6,cand_0263,45,3,mesh_00110;mesh_00132;mesh_00142,1.7680289837106689,19.29018310915077,0.038490484884177716,0.8817194778161189,3.5001442624672365e-14,19.29018310915077,True,True,
safe_graph_adp,7,cand_0265,45,1,mesh_00133,1.2356045080457718,31.084903457695432,0.026868112816512604,0.6153657183449668,2.2748467065386707e-14,25.835256321123325,True,True,
safe_graph_adp,8,cand_0332,45,10,mesh_00001;mesh_00002;mesh_00006;mesh_00011;mesh_00013;mesh_00166;mesh_00169;mesh_00174;mesh_00175;mesh_00179,0.7943981052524036,9.910694612040198,0.017334318703357984,0.39717886261434343,1.888293221827313e-14,1.5091074156907407,True,True,
safe_graph_adp,9,cand_0023,45,15,mesh_00004;mesh_00005;mesh_00009;mesh_00011;mesh_00013;mesh_00087;mesh_00088;mesh_00089;mesh_00090;mesh_00166;mesh_00167;mesh_00171;mesh_00173;mesh_00175;mesh_00179,1.1141503149020473,9.931256344711196,0.02427428052290903,0.5572337491003345,2.2469334198890888e-14,9.931256344711196,True,True,
safe_graph_adp,10,cand_0180,45,18,mesh_00084;mesh_00087;mesh_00088;mesh_00089;mesh_00090;mesh_00091;mesh_00114;mesh_00135;mesh_00136;mesh_00137;mesh_00138;mesh_00139;mesh_00140;mesh_00146;mesh_00158;mesh_00159;mesh_00171;mesh_00173,0.9592692594571388,36.20214003927015,0.020919370153971825,0.47836141304561586,1.2809491335957507e-14,36.20214003927015,True,True,
safe_graph_adp,11,cand_0212,45,24,mesh_00093;mesh_00094;mesh_00099;mesh_00101;mesh_00102;mesh_00103;mesh_00104;mesh_00105;mesh_00106;mesh_00107;mesh_00113;mesh_00116;mesh_00117;mesh_00120;mesh_00122;mesh_00123;mesh_00124;mesh_00125;mesh_00126;mesh_00127;mesh_00128;mesh_00129;mesh_00130;mesh_00131,1.4706837407512507,47.00575188296727,0.0319293273552727,0.734316733385517,8.379058453350832e-15,45.33519075779776,True,True,
safe_graph_adp,12,cand_0232,45,22,mesh_00092;mesh_00093;mesh_00094;mesh_00095;mesh_00096;mesh_00097;mesh_00098;mesh_00099;mesh_00106;mesh_00109;mesh_00113;mesh_00115;mesh_00116;mesh_00117;mesh_00118;mesh_00119;mesh_00120;mesh_00121;mesh_00122;mesh_00124;mesh_00129;mesh_00131,0.9341566816794495,51.737266329918604,0.020328087051777955,0.4651957023869214,1.0658141036401503e-14,33.59490352456639,True,True,
safe_graph_adp,13,cand_0242,45,20,mesh_00085;mesh_00094;mesh_00095;mesh_00096;mesh_00098;mesh_00099;mesh_00111;mesh_00112;mesh_00113;mesh_00115;mesh_00116;mesh_00117;mesh_00118;mesh_00119;mesh_00120;mesh_00121;mesh_00122;mesh_00134;mesh_00141;mesh_00143,0.4343393652280403,51.40893714197308,0.009537253317578792,0.21634080794343222,4.618527782440651e-14,40.08706296014604,True,True,
safe_graph_adp,14,cand_0308,45,14,mesh_00015;mesh_00016;mesh_00017;mesh_00018;mesh_00080;mesh_00086;mesh_00144;mesh_00147;mesh_00150;mesh_00152;mesh_00153;mesh_00154;mesh_00161;mesh_00172,1.347880630981776,30.58636354011498,0.029325994445010498,0.6745405312326728,2.994887058365124e-14,24.548863047191357,True,True,
safe_graph_adp,15,cand_0164,45,10,mesh_00010;mesh_00017;mesh_00027;mesh_00032;mesh_00037;mesh_00076;mesh_00077;mesh_00082;mesh_00149;mesh_00153,1.616689480281081,27.87077019595948,0.035151333637249906,0.8047694864369184,2.6645352591003757e-14,27.87077019595948,True,True,
safe_graph_adp,16,cand_0084,45,18,mesh_00034;mesh_00035;mesh_00036;mesh_00037;mesh_00038;mesh_00039;mesh_00040;mesh_00041;mesh_00042;mesh_00051;mesh_00052;mesh_00053;mesh_00054;mesh_00055;mesh_00056;mesh_00057;mesh_00058;mesh_00059,0.9952279536913134,34.927279029487934,0.02162267030246664,0.4973061492372633,2.929642751054232e-14,34.927279029487934,True,True,
safe_graph_adp,17,cand_0098,45,24,mesh_00026;mesh_00027;mesh_00028;mesh_00029;mesh_00030;mesh_00031;mesh_00032;mesh_00033;mesh_00036;mesh_00037;mesh_00040;mesh_00043;mesh_00044;mesh_00045;mesh_00046;mesh_00047;mesh_00048;mesh_00049;mesh_00050;mesh_00053;mesh_00054;mesh_00057;mesh_00061;mesh_00064,1.3124832762270537,49.72368238242139,0.02852870264879123,0.6532067598885339,9.015776598495165e-14,43.246193121370524,True,True,
